rx, ry, theta,c11, c12, c13, c14, c22, c23, c24, c33, c34, c44
0.131506,0.0506109,0.0529318,1.27766,0.00301309,0.00301309,0.507293,0.355793,0.355793,0.00368878,0.355793,0.00368878,1.1779
0.0733673,0.367677,1.21229,1.00637,-0.114468,-0.114468,0.239538,0.249726,0.249726,-0.0998554,0.249726,-0.0998554,0.591533
0.0152283,0.234742,0.801651,1.09536,-0.0827118,-0.0827118,0.410681,0.344739,0.344739,-0.0808749,0.344739,-0.0808749,1.08862
0.407089,0.101808,0.39101,0.908515,0.124995,0.124995,0.199701,0.218329,0.218329,0.110756,0.218329,0.110756,0.494774
0.34895,0.418874,1.55037,0.449667,-0.000957788,-0.000957788,0.0750967,0.0436972,0.0436972,-0.00110504,0.0436972,-0.00110504,0.306532
0.290811,0.285939,1.13973,0.643344,0.00344022,0.00344022,0.202483,0.144979,0.144979,0.00325977,0.144979,0.00325977,0.654916
0.232672,0.153005,0.729089,0.946189,0.0461944,0.0461944,0.353429,0.26588,0.26588,0.0459081,0.26588,0.0459081,0.926518
0.174534,0.0200708,0.318448,1.25371,0.0374258,0.0374258,0.458046,0.349791,0.349791,0.0341897,0.349791,0.0341897,1.07931
0.116395,0.337137,1.47781,1.01758,-0.0259747,-0.0259747,0.265108,0.219092,0.219092,-0.0221999,0.219092,-0.0221999,0.61859
0.0582556,0.204202,1.06717,1.16219,-0.0573905,-0.0573905,0.426423,0.329346,0.329346,-0.0541279,0.329346,-0.0541279,1.02728
0.000116649,0.071268,0.656527,1.34615,2.65622e-16,-1.41212e-17,0.576923,0.384615,0.384615,-1.35312e-17,0.384615,-1.35312e-17,1.34615
0.391978,0.388334,0.245887,0.364361,0.000191258,0.000191258,0.071971,0.0421763,0.0421763,7.07412e-05,0.0421763,7.07412e-05,0.359404
0.333839,0.255399,1.40525,0.559336,0.0150378,0.0150378,0.189866,0.136246,0.136246,0.0141074,0.136246,0.0141074,0.702784
0.2757,0.122465,0.994606,0.84753,0.0770434,0.0770434,0.326448,0.265152,0.265152,0.0819692,0.265152,0.0819692,0.954515
0.217561,0.439531,0.583965,0.430968,-0.0944534,-0.0944534,0.15216,0.136077,0.136077,-0.0904521,0.136077,-0.0904521,0.608201
0.159422,0.306597,0.173325,0.683144,-0.0299112,-0.0299112,0.276528,0.214766,0.214766,-0.0322303,0.214766,-0.0322303,0.937821
0.101283,0.173662,1.33268,1.15811,-0.0163155,-0.0163155,0.444866,0.320247,0.320247,-0.0153524,0.320247,-0.0153524,1.05096
0.0431439,0.0407279,0.922044,1.31827,5.80321e-10,5.8032e-10,0.563231,0.378635,0.378635,9.35752e-10,0.378635,9.35752e-10,1.31827
0.435005,0.357794,0.511403,0.384608,0.0191076,0.0191076,0.0701188,0.0412151,0.0412151,0.0231146,0.0412151,0.0231146,0.302733
0.376866,0.224859,0.100763,0.745423,0.0162662,0.0162662,0.167583,0.123115,0.123115,0.0183965,0.123115,0.0183965,0.461156
0.318727,0.0919251,1.26012,0.705968,0.0670205,0.0670205,0.294664,0.257052,0.257052,0.0769739,0.257052,0.0769739,1.04306
0.260588,0.408991,0.849482,0.528755,-0.0642072,-0.0642072,0.144798,0.112665,0.112665,-0.065752,0.112665,-0.065752,0.489532
0.202449,0.276056,0.438841,0.747443,-0.0328834,-0.0328834,0.275993,0.206954,0.206954,-0.034006,0.206954,-0.034006,0.835641
0.14431,0.143122,0.028201,1.09943,1.66368e-10,1.66367e-10,0.443145,0.313803,0.313803,-4.3222e-08,0.313803,-4.3222e-08,1.09375
0.0861712,0.0101879,1.18756,1.28192,0.00788986,0.00788986,0.549116,0.37671,0.37671,0.00851948,0.37671,0.00851948,1.32278
0.0280322,0.327254,0.77692,0.881499,-0.143737,-0.143737,0.287708,0.309957,0.309957,-0.145183,0.309957,-0.145183,0.889182
0.419893,0.194319,0.36628,0.740254,0.0753873,0.0753873,0.159942,0.139173,0.139173,0.0786471,0.139173,0.0786471,0.42205
0.361754,0.061385,1.52564,0.568314,0.0145576,0.0145576,0.251856,0.235177,0.235177,0.0172349,0.235177,0.0172349,1.11372
0.303615,0.378451,1.115,0.54434,-0.024812,-0.024812,0.129773,0.0876356,0.0876356,-0.0261671,0.0876356,-0.0261671,0.454157
0.245476,0.245516,0.704358,0.772096,-1.93347e-09,-1.93347e-09,0.26762,0.196241,0.196241,4.39962e-08,0.196241,4.39962e-08,0.772096
0.187337,0.112582,0.293718,1.12214,0.0217265,0.0217265,0.425195,0.309247,0.309247,0.0199842,0.309247,0.0199842,1.01355
0.129198,0.429648,1.45308,0.921174,-0.0453113,-0.0453113,0.15943,0.144669,0.144669,-0.0483163,0.144669,-0.0483163,0.37656
0.0710595,0.296714,1.04244,1.02367,-0.105209,-0.105209,0.319593,0.289349,0.289349,-0.097965,0.289349,-0.097965,0.810979
0.0129205,0.163779,0.631796,1.21293,-0.0325194,-0.0325194,0.504857,0.366448,0.366448,-0.0338928,0.366448,-0.0338928,1.25652
0.404782,0.030845,0.221156,1.08965,0.10195,0.10195,0.20206,0.248109,0.248109,0.0809538,0.248109,0.0809538,0.486977
0.346643,0.347911,1.38052,0.480665,-0.000968052,-0.000968052,0.120246,0.0782363,0.0782363,-0.000180413,0.0782363,-0.000180413,0.478215
0.288504,0.214976,0.969875,0.730665,0.0389597,0.0389597,0.259132,0.19481,0.19481,0.0391217,0.19481,0.0391217,0.786527
0.230365,0.0820421,0.559234,1.07928,0.0714169,0.0714169,0.387512,0.30719,0.30719,0.0683641,0.30719,0.0683641,0.962103
0.172226,0.399108,0.148594,0.440037,-0.0416996,-0.0416996,0.176101,0.143915,0.143915,-0.0390854,0.143915,-0.0390854,0.847459
0.114087,0.266174,1.30795,1.05886,-0.0459579,-0.0459579,0.341217,0.26944,0.26944,-0.0433789,0.26944,-0.0433789,0.811131
0.0559478,0.133239,0.897313,1.22651,-0.0255891,-0.0255891,0.503923,0.354924,0.354924,-0.0254391,0.354924,-0.0254391,1.20476
0.447809,0.00030494,0.486673,1.34473,8.16403e-07,8.16403e-07,0.576089,0.384205,0.384205,1.08214e-07,0.384205,1.08214e-07,1.34473
0.38967,0.317371,0.0760321,0.531654,0.00384702,0.00384702,0.109918,0.0709422,0.0709422,0.00450961,0.0709422,0.00450961,0.393235
0.331531,0.184436,1.23539,0.628535,0.0518557,0.0518557,0.239936,0.189679,0.189679,0.0537011,0.189679,0.0537011,0.841096
0.273392,0.0515021,0.824751,0.958182,0.108143,0.108143,0.34739,0.312477,0.312477,0.109165,0.312477,0.109165,0.98778
0.215253,0.368568,0.414111,0.533117,-0.0612897,-0.0612897,0.19031,0.151374,0.151374,-0.0603569,0.151374,-0.0603569,0.72805
0.157114,0.235633,0.00347028,0.852355,-0.00152328,-0.00152328,0.347365,0.25716,0.25716,-0.0011837,0.25716,-0.0011837,1.00211
0.0989751,0.102699,1.16283,1.21778,-0.000575907,-0.000575907,0.505505,0.348828,0.348828,-0.00158781,0.348828,-0.00158781,1.20722
0.0408361,0.419765,0.752189,0.706748,-0.177128,-0.177128,0.225593,0.285128,0.285128,-0.179235,0.285128,-0.179235,0.767721
0.432697,0.286831,0.341549,0.545468,0.0343188,0.0343188,0.101925,0.0703159,0.0703159,0.0437168,0.0703159,0.0437168,0.325583
0.374558,0.153896,1.50091,0.500609,0.0205628,0.0205628,0.206421,0.166856,0.166856,0.0195033,0.166856,0.0195033,0.910228
0.316419,0.020962,1.09027,0.817461,0.100891,0.100891,0.317166,0.31365,0.31365,0.115557,0.31365,0.115557,1.08335
0.25828,0.338028,0.679627,0.596876,-0.0420794,-0.0420794,0.185582,0.137757,0.137757,-0.0417308,0.137757,-0.0417308,0.627101
0.200141,0.205093,0.268987,0.908217,-0.000425473,-0.000425473,0.342754,0.25022,0.25022,-0.000802677,0.25022,-0.000802677,0.913252
0.142002,0.0721592,1.42835,1.13962,0.00495571,0.00495571,0.48966,0.345128,0.345128,0.00646483,0.345128,0.00646483,1.23498
0.0838634,0.389225,1.01771,0.872417,-0.149273,-0.149273,0.229891,0.25173,0.25173,-0.135742,0.25173,-0.135742,0.620989
0.0257244,0.256291,0.607066,0.982418,-0.0884379,-0.0884379,0.380446,0.331907,0.331907,-0.0930756,0.331907,-0.0930756,1.10541
0.417585,0.123356,0.196425,0.931363,0.0719304,0.0719304,0.174595,0.170987,0.170987,0.0713427,0.170987,0.0713427,0.414529
0.359447,0.440422,1.35578,0.409788,-0.00830361,-0.00830361,0.0605066,0.0327165,0.0327165,-0.0117535,0.0327165,-0.0117535,0.260052
0.301308,0.307488,0.945144,0.606516,-0.00251824,-0.00251824,0.178266,0.12532,0.12532,-0.00286897,0.12532,-0.00286897,0.596394
0.243169,0.174553,0.534504,0.925803,0.0343902,0.0343902,0.328896,0.245493,0.245493,0.0349325,0.245493,0.0349325,0.854789
0.18503,0.0416191,0.123863,1.25368,0.0162134,0.0162134,0.45275,0.341334,0.341334,0.0153908,0.341334,0.0153908,1.04117
0.126891,0.358685,1.28322,0.944301,-0.0782832,-0.0782832,0.23531,0.2102,0.2102,-0.073252,0.2102,-0.073252,0.574045
0.0687517,0.225751,0.872582,1.06375,-0.0776612,-0.0776612,0.397979,0.317445,0.317445,-0.0745494,0.317445,-0.0745494,1.0266
0.0106127,0.0928162,0.461942,1.32132,-0.00212428,-0.00212428,0.566667,0.381355,0.381355,-0.00251563,0.381355,-0.00251563,1.33504
0.402474,0.409882,0.0513014,0.316566,-3.00659e-09,-3.00659e-09,0.0575699,0.0323199,0.0323199,3.77656e-08,0.0323199,3.77656e-08,0.324758
0.344335,0.276948,1.21066,0.530997,0.0237212,0.0237212,0.167509,0.119136,0.119136,0.0222034,0.119136,0.0222034,0.632765
0.286196,0.144013,0.80002,0.84714,0.0799922,0.0799922,0.306682,0.248288,0.248288,0.0794397,0.248288,0.0794397,0.864343
0.228057,0.0110791,0.38938,1.25486,0.039292,0.039292,0.46273,0.355061,0.355061,0.0335395,0.355061,0.0335395,1.09135
0.169918,0.328145,1.54874,0.905416,-0.00347978,-0.00347978,0.246075,0.190566,0.190566,-0.00295492,0.190566,-0.00295492,0.608448
0.111779,0.19521,1.1381,1.11004,-0.0326756,-0.0326756,0.418165,0.307237,0.307237,-0.0320657,0.307237,-0.0320657,1.00647
0.05364,0.0622762,0.727459,1.29447,-0.00254239,-0.00254239,0.550857,0.372831,0.372831,-0.00254238,0.372831,-0.00254238,1.29447
0.445501,0.379342,0.316818,0.354187,0.00931288,0.00931288,0.0515648,0.0269787,0.0269787,0.0122699,0.0269787,0.0122699,0.248344
0.387362,0.246408,1.47618,0.423968,0.0144954,0.0144954,0.146238,0.103999,0.103999,0.0133226,0.103999,0.0133226,0.689192
0.329223,0.113473,1.06554,0.703345,0.0990691,0.0990691,0.273365,0.248034,0.248034,0.106667,0.248034,0.106667,0.926351
0.271084,0.430539,0.654897,0.425675,-0.0656319,-0.0656319,0.127644,0.0983843,0.0983843,-0.0625884,0.0983843,-0.0625884,0.498867
0.212945,0.297605,0.244256,0.66891,-0.0240683,-0.0240683,0.248039,0.18552,0.18552,-0.0238719,0.18552,-0.0238719,0.814417
0.154806,0.16467,1.40362,1.05374,-0.0012479,-0.0012479,0.41731,0.298953,0.298953,-0.000834833,0.298953,-0.000834833,1.03947
0.0966673,0.0317362,0.992975,1.26849,0.0146254,0.0146254,0.537261,0.37018,0.37018,0.0158486,0.37018,0.0158486,1.29008
0.0385283,0.348802,0.582335,0.761286,-0.127903,-0.127903,0.280069,0.296801,0.296801,-0.141727,0.296801,-0.141727,0.973063
0.430389,0.215868,0.171694,0.732115,0.0333385,0.0333385,0.127347,0.0951532,0.0951532,0.0413819,0.0951532,0.0413819,0.342425
0.37225,0.0829333,1.33105,0.547686,0.0761137,0.0761137,0.230889,0.228859,0.228859,0.0874437,0.228859,0.0874437,1.02415
0.314111,0.399999,0.920413,0.47516,-0.0331585,-0.0331585,0.11221,0.0762438,0.0762438,-0.0349987,0.0762438,-0.0349987,0.424197
0.255972,0.267065,0.509773,0.721678,-0.00492508,-0.00492508,0.242584,0.176803,0.176803,-0.00571351,0.176803,-0.00571351,0.730097
0.197834,0.13413,0.0991325,1.08062,0.00629134,0.00629134,0.402221,0.29373,0.29373,0.00574485,0.29373,0.00574485,0.963817
0.139695,0.00119613,1.25849,1.34323,-3.26229e-06,-3.26229e-06,0.575249,0.383765,0.383765,8.44153e-05,0.383765,8.44153e-05,1.34339
0.0815556,0.318262,0.847852,0.892146,-0.125364,-0.125364,0.295162,0.279289,0.279289,-0.123399,0.279289,-0.123399,0.83186
0.0234166,0.185328,0.437211,1.07657,-0.0444141,-0.0444141,0.452029,0.350162,0.350162,-0.0478375,0.350162,-0.0478375,1.23032
0.415278,0.0523933,0.0265707,1.09825,0.0138111,0.0138111,0.186343,0.19653,0.19653,0.0114811,0.19653,0.0114811,0.419079
0.357139,0.369459,1.18593,0.442967,-0.00359481,-0.00359481,0.100661,0.0641453,0.0641453,-0.00371089,0.0641453,-0.00371089,0.425285
0.299,0.236525,0.77529,0.708475,0.0354531,0.0354531,0.232945,0.172624,0.172624,0.0354532,0.172624,0.0354532,0.708475
0.240861,0.10359,0.364649,1.0836,0.051384,0.051384,0.371443,0.288542,0.288542,0.0483272,0.288542,0.0483272,0.890971
0.182722,0.420656,1.52401,0.814042,-0.0124407,-0.0124407,0.14356,0.108519,0.108519,-0.0150306,0.108519,-0.0150306,0.367045
0.124583,0.287722,1.11337,0.969869,-0.0752725,-0.0752725,0.312432,0.255723,0.255723,-0.0698498,0.255723,-0.0698498,0.781685
0.0664439,0.154788,0.702728,1.16526,-0.034192,-0.034192,0.480843,0.344738,0.344738,-0.0335537,0.344738,-0.0335537,1.1858
0.00830496,0.0218532,0.292087,1.34477,-0.000116298,-0.000116298,0.576149,0.384255,0.384255,-0.000116298,0.384255,-0.000116298,1.34477
0.400166,0.338919,1.45145,0.359073,0.00589227,0.00589227,0.0913344,0.0572518,0.0572518,0.00489936,0.0572518,0.00489936,0.472313
0.342027,0.205985,1.04081,0.615661,0.0667211,0.0667211,0.216892,0.173317,0.173317,0.0666308,0.173317,0.0666308,0.742821
0.283888,0.0730503,0.630166,0.996737,0.107248,0.107248,0.330956,0.294631,0.294631,0.103056,0.294631,0.103056,0.872282
0.225749,0.390116,0.219526,0.436748,-0.0393002,-0.0393002,0.15808,0.12008,0.12008,-0.035098,0.12008,-0.035098,0.724648
0.16761,0.257182,1.37889,0.955854,-0.0203549,-0.0203549,0.31936,0.238684,0.238684,-0.0194728,0.238684,-0.0194728,0.799472
0.109471,0.124247,0.968245,1.17844,-0.00698669,-0.00698669,0.483984,0.338103,0.338103,-0.00752356,0.338103,-0.00752356,1.16244
0.0513322,0.441313,0.557604,0.53479,-0.154887,-0.154887,0.198933,0.263594,0.263594,-0.178361,0.263594,-0.178361,0.864417
0.443193,0.308379,0.146964,0.519599,0.0113564,0.0113564,0.0771249,0.0437532,0.0437532,0.0171539,0.0437532,0.0171539,0.27092
0.385054,0.175445,1.30632,0.482768,0.0608123,0.0608123,0.189371,0.158456,0.158456,0.0605534,0.158456,0.0605534,0.828087
0.326915,0.0425103,0.895683,0.840952,0.130344,0.130344,0.297414,0.302701,0.302701,0.136946,0.302701,0.136946,0.947883
0.268776,0.359576,0.485042,0.52013,-0.0376399,-0.0376399,0.163808,0.119556,0.119556,-0.0365999,0.119556,-0.0365999,0.618063
0.210637,0.226642,0.0744018,0.854973,-0.000699674,-0.000699674,0.319415,0.233324,0.233324,-0.00202507,0.233324,-0.00202507,0.885267
0.152498,0.0937074,1.23376,1.12213,0.0143355,0.0143355,0.473373,0.334622,0.334622,0.0152715,0.334622,0.0152715,1.18811
0.0943595,0.410773,0.823121,0.729479,-0.157611,-0.157611,0.221941,0.246838,0.246838,-0.156541,0.246838,-0.156541,0.671365
0.0362205,0.277839,0.41248,0.862431,-0.0771782,-0.0771782,0.352723,0.314441,0.314441,-0.0864118,0.314441,-0.0864118,1.13472
0.428082,0.144905,0.00183994,0.90214,0.000477536,0.000477536,0.157512,0.128108,0.128108,0.000161582,0.128108,0.000161582,0.379963
0.369943,0.0119703,1.1612,0.831675,0.0783258,0.0783258,0.337053,0.319926,0.319926,0.0960692,0.319926,0.0960692,1.13765
0.311804,0.329036,0.750559,0.551035,-0.00860856,-0.00860856,0.155738,0.106885,0.106885,-0.0078155,0.106885,-0.0078155,0.56043
0.253665,0.196102,0.339919,0.881545,0.0238998,0.0238998,0.30192,0.224837,0.224837,0.0234574,0.224837,0.0234574,0.79475
0.195526,0.0631674,1.49928,1.02073,0.00600705,0.00600705,0.442735,0.32772,0.32772,0.00817647,0.32772,0.00817647,1.2223
0.137387,0.380233,1.08864,0.838386,-0.111217,-0.111217,0.220734,0.210132,0.210132,-0.104095,0.210132,-0.104095,0.57137
0.0792478,0.247299,0.677997,0.955733,-0.0858598,-0.0858598,0.368177,0.303957,0.303957,-0.0877353,0.303957,-0.0877353,1.02506
0.0211088,0.114365,0.267357,1.22651,-0.0107055,-0.0107055,0.527264,0.369945,0.369945,-0.0107482,0.369945,-0.0107482,1.30896
0.41297,0.43143,1.42672,0.300824,-0.00175848,-0.00175848,0.0439705,0.0226871,0.0226871,-0.00127944,0.0226871,-0.00127944,0.257081
0.354831,0.298496,1.01608,0.508913,0.0242685,0.0242685,0.146721,0.102006,0.102006,0.0236022,0.102006,0.0236022,0.559598
0.296692,0.165562,0.605435,0.850092,0.0729191,0.0729191,0.281206,0.225337,0.225337,0.0707543,0.225337,0.0707543,0.760934
0.238553,0.0326274,0.194795,1.21857,0.0392291,0.0392291,0.394707,0.322952,0.322952,0.031475,0.322952,0.031475,0.914065
0.180414,0.349693,1.35415,0.857118,-0.043409,-0.043409,0.219843,0.17484,0.17484,-0.0439202,0.17484,-0.0439202,0.560126
0.122275,0.216759,0.943514,1.0323,-0.0496327,-0.0496327,0.387395,0.290634,0.290634,-0.048905,0.290634,-0.048905,0.976679
0.0641361,0.0838245,0.532873,1.26488,-0.0060171,-0.0060171,0.537498,0.366194,0.366194,-0.00571548,0.366194,-0.00571548,1.28074
0.00599716,0.40089,0.122233,1.21063,0.00340214,0.00340214,0.519514,0.364659,0.364659,0.000201684,0.364659,0.000201684,1.31137
0.397858,0.267956,1.28159,0.410632,0.0357741,0.0357741,0.132638,0.0941891,0.0941891,0.0311963,0.0941891,0.0311963,0.615802
0.339719,0.135022,0.870952,0.735086,0.109493,0.109493,0.260549,0.233991,0.233991,0.110425,0.233991,0.110425,0.814296
0.28158,0.00208732,0.460312,1.34615,2.93649e-16,-3.09923e-18,0.576923,0.384615,0.384615,-1.98797e-17,0.384615,-1.98797e-17,1.34615
0.223441,0.319153,0.0496711,0.608252,-0.00581259,-0.00581259,0.222569,0.162869,0.162869,-0.00575324,0.162869,-0.00575324,0.789624
0.165302,0.186219,1.20903,1.00918,-0.00684312,-0.00684312,0.388891,0.281725,0.281725,-0.00775167,0.281725,-0.00775167,0.97959
0.107163,0.0532845,0.79839,1.25756,0.0156992,0.0156992,0.527244,0.363647,0.363647,0.0156992,0.363647,0.0156992,1.25756
0.0490244,0.37035,0.38775,0.605601,-0.108455,-0.108455,0.241278,0.269468,0.269468,-0.126814,0.269468,-0.126814,1.0279
0.440885,0.237416,1.54711,0.295108,0.0064603,0.0064603,0.102333,0.0639615,0.0639615,0.00428658,0.0639615,0.00428658,0.684664
0.382747,0.104482,1.13647,0.575438,0.110068,0.110068,0.226604,0.23043,0.23043,0.12284,0.23043,0.12284,0.910065
0.324608,0.421547,0.725828,0.39978,-0.0355253,-0.0355253,0.0973959,0.0644715,0.0644715,-0.0354326,0.0644715,-0.0354326,0.413954
0.266469,0.288613,0.315188,0.66761,-0.00740391,-0.00740391,0.219697,0.158305,0.158305,-0.00781554,0.158305,-0.00781554,0.698626
0.20833,0.155679,1.47455,0.928756,0.00585055,0.00585055,0.37554,0.273505,0.273505,0.00685199,0.273505,0.00685199,1.0231
0.150191,0.0227444,1.06391,1.18007,0.0320955,0.0320955,0.494861,0.36046,0.36046,0.0353968,0.36046,0.0353968,1.25487
0.0920517,0.33981,0.653266,0.750393,-0.12628,-0.12628,0.270698,0.263715,0.263715,-0.131203,0.263715,-0.131203,0.877009
0.0339127,0.206876,0.242626,0.987717,-0.0340949,-0.0340949,0.42316,0.333107,0.333107,-0.0389549,0.333107,-0.0389549,1.22878
0.425774,0.0739415,1.40199,0.402409,0.0718339,0.0718339,0.174315,0.198647,0.198647,0.0800081,0.198647,0.0800081,1.02365
0.367635,0.391007,0.991345,0.398977,-0.00701324,-0.00701324,0.0830238,0.0508818,0.0508818,-0.00765024,0.0508818,-0.00765024,0.381085
0.309496,0.258073,0.580705,0.677146,0.0254517,0.0254517,0.207661,0.152091,0.152091,0.0246716,0.152091,0.0246716,0.638606
0.251357,0.125139,0.170064,1.06098,0.0246552,0.0246552,0.351397,0.26832,0.26832,0.0230356,0.26832,0.0230356,0.83296
0.193218,0.442204,1.32942,0.754667,-0.0578066,-0.0578066,0.12966,0.112904,0.112904,-0.0675653,0.112904,-0.0675653,0.324903
0.135079,0.30927,0.918783,0.868589,-0.0955765,-0.0955765,0.287789,0.245168,0.245168,-0.0932941,0.245168,-0.0932941,0.779529
0.07694,0.176336,0.508143,1.0869,-0.0394778,-0.0394778,0.452268,0.331924,0.331924,-0.0408778,0.331924,-0.0408778,1.1673
0.0188011,0.0434015,0.0975022,1.32227,-0.00160562,-0.00160562,0.567027,0.381043,0.381043,-0.00120956,0.381043,-0.00120956,1.33715
0.410662,0.360467,1.25686,0.334461,0.0110883,0.0110883,0.0772613,0.045714,0.045714,0.0092346,0.045714,0.0092346,0.418178
0.352523,0.227533,0.846221,0.628137,0.0633264,0.0633264,0.200375,0.157134,0.157134,0.0642823,0.157134,0.0642823,0.653001
0.294384,0.0945986,0.435581,1.01296,0.0905745,0.0905745,0.314342,0.269817,0.269817,0.0816801,0.269817,0.0816801,0.783295
0.236245,0.411664,0.0249403,0.379546,-0.0060603,-0.0060603,0.133426,0.0926065,0.0926065,-0.0045037,0.0926065,-0.0045037,0.704014
0.178106,0.27873,1.1843,0.893222,-0.0432059,-0.0432059,0.29207,0.223549,0.223549,-0.0428575,0.223549,-0.0428575,0.757825
0.119967,0.145796,0.773659,1.12262,-0.0127718,-0.0127718,0.459514,0.32525,0.32525,-0.012245,0.32525,-0.012245,1.12573
0.0618283,0.0128615,0.363019,1.32744,0.00664841,0.00664841,0.557772,0.378704,0.378704,0.0063648,0.378704,0.0063648,1.30378
0.00368937,0.329927,1.52238,1.32655,1.32074e-05,1.32074e-05,0.542595,0.374294,0.374294,8.23262e-05,0.374294,8.23262e-05,1.26406
0.39555,0.196993,1.11174,0.495749,0.0821786,0.0821786,0.180767,0.155154,0.155154,0.0817006,0.155154,0.0817006,0.727313
0.337411,0.0640586,0.701098,0.892703,0.140852,0.140852,0.277722,0.284219,0.284219,0.136823,0.284219,0.136823,0.795849
0.279272,0.381124,0.290457,0.442083,-0.0287606,-0.0287606,0.139435,0.0974628,0.0974628,-0.0247831,0.0974628,-0.0247831,0.61182
0.221134,0.24819,1.44982,0.840101,-0.00553231,-0.00553231,0.28964,0.213295,0.213295,-0.00515155,0.213295,-0.00515155,0.786445
0.162995,0.115256,1.03918,1.08295,0.0215684,0.0215684,0.447073,0.319851,0.319851,0.0225442,0.319851,0.0225442,1.12792
0.104856,0.432321,0.628536,0.557543,-0.147186,-0.147186,0.204588,0.23035,0.23035,-0.155918,0.23035,-0.155918,0.760909
0.0467166,0.299387,0.217895,0.771757,-0.0520715,-0.0520715,0.329753,0.291307,0.291307,-0.0608702,0.291307,-0.0608702,1.15454
0.438578,0.166453,1.37725,0.336343,0.062754,0.062754,0.138552,0.124547,0.124547,0.0558703,0.124547,0.0558703,0.82279
0.380439,0.0335186,0.966614,0.693923,0.150508,0.150508,0.241967,0.29067,0.29067,0.165469,0.29067,0.165469,0.910885
0.3223,0.350584,0.555974,0.495542,-0.0118748,-0.0118748,0.133826,0.0904269,0.0904269,-0.0114479,0.0904269,-0.0114479,0.521125
0.264161,0.21765,0.145333,0.833389,0.00672088,0.00672088,0.276023,0.203792,0.203792,0.00758068,0.203792,0.00758068,0.745828
0.206022,0.0847157,1.30469,0.97957,0.0304584,0.0304584,0.418077,0.313644,0.313644,0.0323601,0.313644,0.0323601,1.16328
0.147883,0.401781,0.894052,0.708577,-0.128741,-0.128741,0.209389,0.206341,0.206341,-0.124945,0.206341,-0.124945,0.602784
0.0897439,0.268847,0.483412,0.86434,-0.0764418,-0.0764418,0.346957,0.287495,0.287495,-0.081886,0.287495,-0.081886,1.04908
0.031605,0.135913,0.0727715,1.15876,-0.00448564,-0.00448564,0.501162,0.358497,0.358497,-0.00505563,0.358497,-0.00505563,1.29182
0.423466,0.00297852,1.23213,1.33417,-3.78675e-05,-3.78675e-05,0.570193,0.381174,0.381174,0.000576735,0.381174,0.000576735,1.3353
0.365327,0.320044,0.821491,0.487924,0.0216878,0.0216878,0.127055,0.086303,0.086303,0.0213986,0.086303,0.0213986,0.493229
0.307188,0.18711,0.41085,0.848248,0.0521736,0.0521736,0.258507,0.201614,0.201614,0.0510739,0.201614,0.0510739,0.683369
0.249049,0.0541756,0.000209595,1.20532,6.14995e-10,6.14995e-10,0.378582,0.306848,0.306848,3.37494e-08,0.306848,3.37494e-08,0.862201
0.19091,0.371241,1.15957,0.774332,-0.0720236,-0.0720236,0.201855,0.167432,0.167432,-0.070645,0.167432,-0.070645,0.543179
0.132771,0.238307,0.748929,0.944679,-0.0601487,-0.0601487,0.359563,0.276418,0.276418,-0.0603195,0.276418,-0.0603195,0.959064
0.0746322,0.105373,0.338288,1.21133,-0.00724866,-0.00724866,0.514778,0.355259,0.355259,-0.00677678,0.355259,-0.00677678,1.24794
0.0164933,0.422438,1.49765,1.16194,-0.0339434,-0.0339434,0.217639,0.243202,0.243202,-0.024916,0.243202,-0.024916,0.50149
0.408354,0.289504,1.08701,0.402077,0.0439508,0.0439508,0.119941,0.0845699,0.0845699,0.0395322,0.0845699,0.0395322,0.539464
0.350215,0.15657,0.676367,0.772159,0.104113,0.104113,0.240957,0.213167,0.213167,0.103004,0.213167,0.103004,0.684081
0.292076,0.0236356,0.265726,1.17349,0.0713939,0.0713939,0.3305,0.306975,0.306975,0.0583428,0.306975,0.0583428,0.783667
0.233937,0.340701,1.42509,0.74454,-0.0165128,-0.0165128,0.196412,0.14478,0.14478,-0.016952,0.14478,-0.016952,0.550052
0.175798,0.207767,1.01445,0.957091,-0.0173875,-0.0173875,0.360497,0.263985,0.263985,-0.0167756,0.263985,-0.0167756,0.929154
0.117659,0.0748327,0.603805,1.22605,0.017095,0.017095,0.506912,0.353079,0.353079,0.0171255,0.353079,0.0171255,1.20507
0.0595205,0.391898,0.193164,0.487281,-0.0692394,-0.0692394,0.209333,0.228374,0.228374,-0.0826749,0.228374,-0.0826749,1.06287
0.00138157,0.258964,1.35252,1.34198,-5.66655e-05,-5.66655e-05,0.574401,0.383343,0.383343,6.32742e-06,0.383343,6.32742e-06,1.34181
0.393243,0.12603,0.941884,0.612338,0.130509,0.130509,0.219648,0.222926,0.222926,0.135401,0.222926,0.135401,0.776088
0.335104,0.443096,0.531243,0.306141,-0.0345276,-0.0345276,0.0798295,0.0495275,0.0495275,-0.0282636,0.0495275,-0.0282636,0.418313
0.276965,0.310161,0.120603,0.59832,-0.00364577,-0.00364577,0.19256,0.13853,0.13853,-0.00359477,0.13853,-0.00359477,0.660019
0.218826,0.177227,1.27996,0.892554,0.012711,0.012711,0.35197,0.259379,0.259379,0.0126577,0.259379,0.0126577,0.960293
0.160687,0.0442927,0.869322,1.16518,0.0437584,0.0437584,0.475701,0.34978,0.34978,0.0448366,0.34978,0.0448366,1.19253
0.102548,0.361358,0.458681,0.621438,-0.109873,-0.109873,0.242728,0.239425,0.239425,-0.120504,0.239425,-0.120504,0.921592
0.0444088,0.228424,0.0480407,0.915499,-0.00707601,-0.00707601,0.401939,0.321032,0.321032,-0.00934742,0.321032,-0.00934742,1.22528
0.43627,0.0954898,1.2074,0.423542,0.11534,0.11534,0.173643,0.210522,0.210522,0.128856,0.210522,0.128856,0.914604
0.378131,0.412556,0.79676,0.353156,-0.0109659,-0.0109659,0.0699046,0.0400562,0.0400562,-0.0114154,0.0400562,-0.0114154,0.351572
0.319992,0.279621,0.386119,0.643302,0.0149734,0.0149734,0.184814,0.131578,0.131578,0.0147983,0.131578,0.0147983,0.586376
0.261853,0.146687,1.54548,0.791338,0.00507053,0.00507053,0.329698,0.250048,0.250048,0.00372316,0.250048,0.00372316,1.01316
0.203714,0.0137527,1.13484,1.06942,0.0456401,0.0456401,0.446924,0.350797,0.350797,0.051164,0.350797,0.051164,1.22978
0.145575,0.330818,0.724198,0.752775,-0.100528,-0.100528,0.26336,0.228921,0.228921,-0.102012,0.228921,-0.102012,0.79404
0.0874361,0.197884,0.313557,1.00736,-0.0326478,-0.0326478,0.426255,0.31647,0.31647,-0.03513,0.31647,-0.03513,1.15498
0.0292972,0.0649498,1.47292,1.32363,-0.000810224,-0.000810224,0.557695,0.376647,0.376647,-0.000255581,0.376647,-0.000255581,1.2998
0.421158,0.382015,1.06228,0.317621,0.010264,0.010264,0.0638691,0.0358746,0.0358746,0.00978216,0.0358746,0.00978216,0.352295
0.363019,0.249081,0.651636,0.620123,0.0554004,0.0554004,0.176709,0.135709,0.135709,0.0564436,0.135709,0.0564436,0.560398
0.30488,0.116147,0.240996,1.01876,0.0561238,0.0561238,0.296214,0.244719,0.244719,0.0515054,0.244719,0.0515054,0.70588
0.246741,0.433213,1.40036,0.661037,-0.0249709,-0.0249709,0.113063,0.0767045,0.0767045,-0.0326715,0.0767045,-0.0326715,0.328317
0.188602,0.300278,0.989715,0.812017,-0.0606665,-0.0606665,0.26571,0.207655,0.207655,-0.058388,0.207655,-0.058388,0.734126
0.130463,0.167344,0.579074,1.06717,-0.0175553,-0.0175553,0.4353,0.311955,0.311955,-0.0178902,0.311955,-0.0178902,1.09358
0.0723244,0.0344097,0.168434,1.31866,0.00203741,0.00203741,0.550969,0.374407,0.374407,0.00253567,0.374407,0.00253567,1.28214
0.0141855,0.351475,1.32779,1.1641,-0.0785096,-0.0785096,0.293394,0.294948,0.294948,-0.0608045,0.294948,-0.0608045,0.700558
0.406047,0.218541,0.917153,0.523005,0.0860735,0.0860735,0.170851,0.1447,0.1447,0.0854231,0.1447,0.0854231,0.616624
0.347908,0.0856069,0.506512,0.938857,0.128442,0.128442,0.258626,0.258527,0.258527,0.115885,0.258527,0.115885,0.671711
0.289769,0.402673,0.0958719,0.369505,-0.011779,-0.011779,0.112715,0.0745525,0.0745525,-0.00920208,0.0745525,-0.00920208,0.582735
0.23163,0.269738,1.25523,0.792267,-0.0134998,-0.0134998,0.262446,0.193168,0.193168,-0.0128435,0.193168,-0.0128435,0.734422
0.173491,0.136804,0.844591,1.05923,0.0181548,0.0181548,0.423959,0.304434,0.304434,0.0186448,0.304434,0.0186448,1.06148
0.115352,0.00386971,0.43395,1.34042,0.000596661,0.000596661,0.572114,0.38275,0.38275,7.1294e-05,0.38275,7.1294e-05,1.33561
0.0572127,0.320935,0.02331,0.660607,-0.00711212,-0.00711212,0.293398,0.262678,0.262678,-0.00843692,0.262678,-0.00843692,1.14417
0.449074,0.188001,1.18267,0.356285,0.0910803,0.0910803,0.142707,0.136499,0.136499,0.0865945,0.136499,0.0865945,0.722167
0.390935,0.0550668,0.772029,0.771416,0.167442,0.167442,0.238271,0.279252,0.279252,0.16486,0.279252,0.16486,0.756341
0.332796,0.372133,0.361389,0.437346,-0.0116637,-0.0116637,0.113443,0.0744489,0.0744489,-0.0108039,0.0744489,-0.0108039,0.489549
0.274657,0.239198,1.52075,0.707667,0.00185241,0.00185241,0.25106,0.183768,0.183768,0.00258078,0.183768,0.00258078,0.779098
0.216518,0.106264,1.11011,0.964116,0.0456724,0.0456724,0.397273,0.300425,0.300425,0.0480307,0.300425,0.0480307,1.08209
0.158379,0.42333,0.699467,0.564111,-0.126524,-0.126524,0.194396,0.193151,0.193151,-0.127821,0.193151,-0.127821,0.660297
0.10024,0.290395,0.288827,0.757137,-0.0571838,-0.0571838,0.318475,0.264543,0.264543,-0.0624269,0.264543,-0.0624269,1.05425
0.0421011,0.157461,1.44819,1.26835,-0.0108995,-0.0108995,0.482037,0.350094,0.350094,-0.00984316,0.350094,-0.00984316,1.11188
0.433962,0.0245268,1.03755,0.585189,0.144966,0.144966,0.215977,0.284918,0.284918,0.17226,0.284918,0.17226,0.933639
0.375823,0.341593,0.626905,0.456278,0.0136635,0.0136635,0.107872,0.069881,0.069881,0.0137586,0.069881,0.0137586,0.43972
0.317684,0.208658,0.216265,0.811494,0.0268474,0.0268474,0.232456,0.175015,0.175015,0.0274104,0.175015,0.0274104,0.622171
0.259545,0.0757239,1.37562,0.848193,0.0326381,0.0326381,0.366807,0.293067,0.293067,0.0392181,0.293067,0.0392181,1.1429
0.201406,0.39279,0.964984,0.671869,-0.0908786,-0.0908786,0.185191,0.160864,0.160864,-0.0915821,0.160864,-0.0915821,0.538261
0.143267,0.259855,0.554343,0.850561,-0.0606221,-0.0606221,0.330365,0.25781,0.25781,-0.062554,0.25781,-0.062554,0.947829
0.0851283,0.126921,0.143703,1.16554,-0.00542976,-0.00542976,0.495111,0.345168,0.345168,-0.00457197,0.345168,-0.00457197,1.22279
0.0269894,0.443987,1.30306,1.04598,-0.131805,-0.131805,0.15995,0.239875,0.239875,-0.10241,0.239875,-0.10241,0.402799
0.41885,0.311052,0.892422,0.409846,0.0414641,0.0414641,0.107761,0.0733606,0.0733606,0.0404895,0.0733606,0.0404895,0.448976
0.360711,0.178118,0.481782,0.787081,0.0836118,0.0836118,0.217311,0.184564,0.184564,0.0818424,0.184564,0.0818424,0.587335
0.302572,0.0451839,0.0711411,1.17892,0.0189676,0.0189676,0.322909,0.283569,0.283569,0.0144879,0.283569,0.0144879,0.734559
0.244434,0.36225,1.2305,0.684883,-0.0388793,-0.0388793,0.174917,0.129512,0.129512,-0.0401781,0.129512,-0.0401781,0.516474
0.186295,0.229315,0.81986,0.902478,-0.0255316,-0.0255316,0.337069,0.248396,0.248396,-0.0255316,0.248396,-0.0255316,0.902478
0.128156,0.096381,0.40922,1.1954,0.0103493,0.0103493,0.487097,0.340289,0.340289,0.00935416,0.340289,0.00935416,1.16078
0.0700166,0.413447,1.56858,1.0731,-0.000380304,-0.000380304,0.197706,0.190749,0.190749,-1.15086e-05,0.190749,-1.15086e-05,0.44721
0.0118777,0.280512,1.15794,1.18019,-0.075689,-0.075689,0.380943,0.333063,0.333063,-0.0632877,0.333063,-0.0632877,0.922936
0.403739,0.147578,0.747298,0.670283,0.129378,0.129378,0.209666,0.205894,0.205894,0.128154,0.205894,0.128154,0.634958
0.3456,0.0146438,0.336658,1.15244,0.0874777,0.0874777,0.320853,0.310648,0.310648,0.0683603,0.310648,0.0683603,0.772373
0.287461,0.33171,1.49602,0.631036,-0.00389561,-0.00389561,0.170527,0.118852,0.118852,-0.00411874,0.118852,-0.00411874,0.545938
0.229322,0.198775,1.08538,0.860185,0.0142933,0.0142933,0.323386,0.237052,0.237052,0.0144142,0.237052,0.0144142,0.894563
0.171183,0.065841,0.674736,1.16113,0.0452863,0.0452863,0.459718,0.338194,0.338194,0.0451182,0.338194,0.0451182,1.12608
0.113044,0.382907,0.264096,0.509141,-0.0779394,-0.0779394,0.212989,0.205976,0.205976,-0.083521,0.205976,-0.083521,0.961542
0.0549049,0.249972,1.42346,1.19089,-0.0301144,-0.0301144,0.375933,0.306998,0.306998,-0.0258751,0.306998,-0.0258751,0.860759
0.446766,0.117038,1.01282,0.47657,0.138973,0.138973,0.186148,0.214366,0.214366,0.148399,0.214366,0.148399,0.774158
0.388627,0.434104,0.602175,0.285544,-0.0126615,-0.0126615,0.0538057,0.029466,0.029466,-0.0112444,0.029466,-0.0112444,0.318123
0.330488,0.30117,0.191534,0.596604,0.00614651,0.00614651,0.161305,0.111319,0.111319,0.00509121,0.111319,0.00509121,0.54076
0.272349,0.168235,1.35089,0.762056,0.0251787,0.0251787,0.303858,0.229404,0.229404,0.0272572,0.229404,0.0272572,0.941525
0.21421,0.0353009,0.940253,1.05696,0.0685369,0.0685369,0.422805,0.338813,0.338813,0.0715644,0.338813,0.0715644,1.14454
0.156071,0.352367,0.529613,0.637165,-0.0946009,-0.0946009,0.236684,0.208826,0.208826,-0.0979971,0.208826,-0.0979971,0.82433
0.0979322,0.219432,0.118972,0.929355,-0.0148619,-0.0148619,0.399085,0.299359,0.299359,-0.0157883,0.299359,-0.0157883,1.14378
0.0397933,0.0864981,1.27833,1.30499,-0.00567846,-0.00567846,0.546565,0.371844,0.371844,-0.00566485,0.371844,-0.00566485,1.27582
0.431654,0.403564,0.867691,0.282697,0.00760987,0.00760987,0.0479638,0.0258229,0.0258229,0.00717598,0.0258229,0.00717598,0.292905
0.373515,0.270629,0.457051,0.604065,0.0373632,0.0373632,0.152075,0.110992,0.110992,0.0392954,0.110992,0.0392954,0.486099
0.315376,0.137695,0.0464104,0.989564,0.0098994,0.0098994,0.277355,0.219662,0.219662,0.0079364,0.219662,0.0079364,0.657626
0.257237,0.0047609,1.20577,1.31952,-0.000400414,-0.000400414,0.565096,0.37989,0.37989,0.00125111,0.37989,0.00125111,1.33322
0.199098,0.321827,0.795129,0.726173,-0.0690299,-0.0690299,0.240423,0.190785,0.190785,-0.0691971,0.190785,-0.0691971,0.720593
0.140959,0.188892,0.384489,0.992741,-0.0188599,-0.0188599,0.405229,0.294285,0.294285,-0.0185835,0.294285,-0.0185835,1.06109
0.0828205,0.055958,1.54385,1.26572,1.09566e-09,1.09566e-09,0.540195,0.367369,0.367369,5.78831e-09,0.367369,5.78831e-09,1.28952
0.0246816,0.373024,1.13321,1.02978,-0.141315,-0.141315,0.24819,0.288417,0.288417,-0.117675,0.288417,-0.117675,0.649119
0.416543,0.240089,0.722568,0.54483,0.0792384,0.0792384,0.154705,0.127923,0.127923,0.079255,0.127923,0.079255,0.507925
0.358404,0.107155,0.311927,0.969219,0.091925,0.091925,0.239848,0.224754,0.224754,0.0820464,0.224754,0.0820464,0.582334
0.300265,0.424221,1.47129,0.551211,-0.0085401,-0.0085401,0.0924503,0.0561934,0.0561934,-0.0114243,0.0561934,-0.0114243,0.316038
0.242126,0.291287,1.06065,0.736548,-0.0237755,-0.0237755,0.233544,0.171194,0.171194,-0.0244588,0.171194,-0.0244588,0.684454
0.183987,0.158352,0.650006,1.01285,0.0133286,0.0133286,0.397076,0.286844,0.286844,0.0134463,0.286844,0.0134463,1.00827
0.125848,0.025418,0.239365,1.30125,0.0117171,0.0117171,0.514154,0.365867,0.365867,0.0119926,0.365867,0.0119926,1.19402
0.0677088,0.342484,1.39872,1.09298,-0.0594699,-0.0594699,0.267273,0.250316,0.250316,-0.0500588,0.250316,-0.0500588,0.613815
0.00956988,0.209549,0.988084,1.31614,-0.00847285,-0.00847285,0.554506,0.377863,0.377863,-0.00701496,0.377863,-0.00701496,1.29069
0.401431,0.0766151,0.577444,0.855694,0.158887,0.158887,0.222014,0.254541,0.254541,0.144112,0.254541,0.144112,0.604481
0.343292,0.393681,0.166803,0.37329,-0.00728656,-0.00728656,0.0933362,0.057711,0.057711,-0.0062776,0.057711,-0.0062776,0.46454
0.285153,0.260747,1.32616,0.673273,0.00661027,0.00661027,0.224401,0.162575,0.162575,0.00689869,0.162575,0.00689869,0.710606
0.227014,0.127812,0.915522,0.954331,0.0529719,0.0529719,0.374408,0.284118,0.284118,0.0539727,0.284118,0.0539727,1.00213
0.168875,0.444878,0.504882,0.435723,-0.109481,-0.109481,0.168625,0.167685,0.167685,-0.112604,0.167685,-0.112604,0.714112
0.110736,0.311944,0.0942415,0.676812,-0.0206355,-0.0206355,0.292464,0.239502,0.239502,-0.0231249,0.239502,-0.0231249,1.051
0.0525972,0.179009,1.2536,1.22194,-0.034282,-0.034282,0.456482,0.339036,0.339036,-0.0308929,0.339036,-0.0308929,1.06785
0.444458,0.0460751,0.842961,0.660102,0.178676,0.178676,0.215819,0.276508,0.276508,0.186009,0.276508,0.186009,0.742366
0.386319,0.363141,0.43232,0.41981,0.00617066,0.00617066,0.0899516,0.0547965,0.0547965,0.00676918,0.0547965,0.00676918,0.395777
0.32818,0.230206,0.0216796,0.764307,0.00172549,0.00172549,0.210167,0.154806,0.154806,0.00165372,0.154806,0.00165372,0.580913
0.270041,0.0972722,1.18104,0.836705,0.063301,0.063301,0.344864,0.280167,0.280167,0.070356,0.280167,0.070356,1.05474
0.211902,0.414338,0.770399,0.557317,-0.0941326,-0.0941326,0.17175,0.150011,0.150011,-0.0949054,0.150011,-0.0949054,0.56589
0.153763,0.281404,0.359758,0.76553,-0.0461191,-0.0461191,0.305136,0.237046,0.237046,-0.0498282,0.237046,-0.0498282,0.947089
0.0956244,0.148469,1.51912,1.19418,-0.00247528,-0.00247528,0.473478,0.333078,0.333078,-0.0023099,0.333078,-0.0023099,1.12005
0.0374855,0.015535,1.10848,1.33521,0.00113899,0.00113899,0.572191,0.382789,0.382789,0.000944251,0.382789,0.000944251,1.34049
0.429347,0.332601,0.697837,0.401806,0.0325575,0.0325575,0.0898555,0.0576164,0.0576164,0.0344657,0.0576164,0.0344657,0.36783
0.371208,0.199666,0.287196,0.782693,0.0518307,0.0518307,0.191351,0.152234,0.152234,0.053579,0.152234,0.053579,0.509142
0.313069,0.0667322,1.44656,0.68999,0.0299245,0.0299245,0.303134,0.26598,0.26598,0.0376702,0.26598,0.0376702,1.12675
0.25493,0.383798,1.03592,0.609179,-0.0548769,-0.0548769,0.156703,0.120534,0.120534,-0.0574511,0.120534,-0.0574511,0.488725
0.196791,0.250864,0.625275,0.827725,-0.031626,-0.031626,0.305986,0.228749,0.228749,-0.0321807,0.228749,-0.0321807,0.85953
0.138652,0.117929,0.214635,1.15006,0.00400413,0.00400413,0.463925,0.326949,0.326949,0.00368746,0.326949,0.00368746,1.11584
0.0805127,0.434995,1.37399,1.00277,-0.0862508,-0.0862508,0.167458,0.192479,0.192479,-0.0779165,0.192479,-0.0779165,0.390516
0.0223738,0.302061,0.963354,1.02365,-0.127475,-0.127475,0.314928,0.317227,0.317227,-0.11777,0.317227,-0.11777,0.855489
0.414235,0.169126,0.552713,0.721687,0.110827,0.110827,0.187956,0.178058,0.178058,0.107897,0.178058,0.107897,0.511591
0.356096,0.0361921,0.142073,1.14323,0.0568486,0.0568486,0.262203,0.260657,0.260657,0.044738,0.260657,0.044738,0.607286
0.297957,0.353258,1.30143,0.587539,-0.0116409,-0.0116409,0.148716,0.101722,0.101722,-0.0127992,0.101722,-0.0127992,0.498655
0.239818,0.220324,0.890792,0.822295,0.0116199,0.0116199,0.296515,0.218973,0.218973,0.0115921,0.218973,0.0115921,0.825893
0.181679,0.0873893,0.480151,1.15801,0.0366468,0.0366468,0.443462,0.325482,0.325482,0.0362047,0.325482,0.0362047,1.05892
0.12354,0.404455,0.0695108,0.431522,-0.0253758,-0.0253758,0.18491,0.162439,0.162439,-0.0252871,0.162439,-0.0252871,0.957039
0.065401,0.271521,1.22887,1.11493,-0.074459,-0.074459,0.350346,0.296194,0.296194,-0.0667669,0.296194,-0.0667669,0.842869
0.00726209,0.138586,0.81823,1.33876,-0.00118487,-0.00118487,0.573049,0.38303,0.38303,-0.00118487,0.38303,-0.00118487,1.33876
0.399123,0.00565209,0.407589,1.32744,0.00228541,0.00228541,0.560172,0.378153,0.378153,-0.000161093,0.378153,-0.000161093,1.30786
0.340984,0.322718,1.56695,0.501528,-1.48276e-09,-1.48276e-09,0.137924,0.0939167,0.0939167,-1.88096e-08,0.0939167,-1.88096e-08,0.534938
0.282845,0.189784,1.15631,0.746494,0.0388971,0.0388971,0.281496,0.212953,0.212953,0.0403693,0.212953,0.0403693,0.864667
0.224706,0.0568492,0.745668,1.06621,0.0803811,0.0803811,0.399013,0.323238,0.323238,0.0798458,0.323238,0.0798458,1.03823
0.166567,0.373915,0.335028,0.523814,-0.0728588,-0.0728588,0.204833,0.176646,0.176646,-0.07511,0.176646,-0.07511,0.83688
0.108428,0.240981,1.49439,1.10678,-0.0111471,-0.0111471,0.375162,0.283502,0.283502,-0.00945448,0.283502,-0.00945448,0.877023
0.0502894,0.108046,1.08375,1.2748,-0.0143598,-0.0143598,0.524702,0.362556,0.362556,-0.0138273,0.362556,-0.0138273,1.23544
0.44215,0.425112,0.673106,0.246535,0.00376781,0.00376781,0.0346921,0.0172727,0.0172727,0.00420935,0.0172727,0.00420935,0.240076
0.384011,0.292178,0.262466,0.579563,0.0196254,0.0196254,0.130126,0.0887736,0.0887736,0.0214548,0.0887736,0.0214548,0.431011
0.325872,0.159243,1.42183,0.621118,0.0320894,0.0320894,0.253871,0.202095,0.202095,0.0323433,0.202095,0.0323433,0.926211
0.267734,0.0263092,1.01118,0.941648,0.0918965,0.0918965,0.364793,0.327196,0.327196,0.0992123,0.327196,0.0992123,1.10024
0.209595,0.343375,0.600544,0.624759,-0.0685844,-0.0685844,0.215395,0.17263,0.17263,-0.068746,0.17263,-0.068746,0.718616
0.151456,0.210441,0.189904,0.932532,-0.0134981,-0.0134981,0.378769,0.276908,0.276908,-0.0136044,0.276908,-0.0136044,1.02888
0.0933166,0.0775063,1.34926,1.23683,0.00332692,0.00332692,0.523716,0.358784,0.358784,0.00320519,0.358784,0.00320519,1.25442
0.0351777,0.394572,0.938623,0.878855,-0.171076,-0.171076,0.237529,0.288524,0.288524,-0.154916,0.288524,-0.154916,0.685634
0.427039,0.261638,0.527982,0.55803,0.0597635,0.0597635,0.130121,0.101393,0.101393,0.0656358,0.101393,0.0656358,0.401037
0.3689,0.128703,0.117342,0.965207,0.0374625,0.0374625,0.2249,0.189318,0.189318,0.0353558,0.189318,0.0353558,0.533749
0.310761,0.445769,1.2767,0.495473,-0.023073,-0.023073,0.0811275,0.0499841,0.0499841,-0.032974,0.0499841,-0.032974,0.277837
0.252622,0.312835,0.866061,0.66924,-0.0347231,-0.0347231,0.209978,0.155497,0.155497,-0.0338213,0.155497,-0.0338213,0.654692
0.194483,0.179901,0.455421,0.964835,0.0062851,0.0062851,0.36989,0.268659,0.268659,0.00761954,0.268659,0.00761954,0.956445
0.136344,0.0469663,0.04478,1.2772,0.00379006,0.00379006,0.501667,0.355704,0.355704,0.00402175,0.355704,0.00402175,1.15804
0.0782049,0.364032,1.20414,0.993186,-0.115854,-0.115854,0.241068,0.249588,0.249588,-0.101815,0.249588,-0.101815,0.594256
0.020066,0.231098,0.793499,1.09315,-0.0816549,-0.0816549,0.411372,0.344096,0.344096,-0.0813107,0.344096,-0.0813107,1.08826
0.411927,0.0981634,0.382859,0.91931,0.124546,0.124546,0.193769,0.21896,0.21896,0.113052,0.21896,0.113052,0.476558
0.353788,0.415229,1.54222,0.433096,-0.0019203,-0.0019203,0.0744727,0.0438605,0.0438605,-0.00220178,0.0438605,-0.00220178,0.314517
0.295649,0.282295,1.13158,0.636408,0.0058529,0.0058529,0.201197,0.144506,0.144506,0.00603513,0.144506,0.00603513,0.655391
0.23751,0.149361,0.720937,0.949989,0.0496129,0.0496129,0.352676,0.266366,0.266366,0.0494485,0.266366,0.0494485,0.922734
0.179371,0.0164262,0.310297,1.25638,0.037882,0.037882,0.457317,0.350642,0.350642,0.0341378,0.350642,0.0341378,1.07981
0.121232,0.333492,1.46966,1.01063,-0.0285957,-0.0285957,0.267667,0.220932,0.220932,-0.026932,0.220932,-0.026932,0.625764
0.0630933,0.200558,1.05902,1.15945,-0.0545908,-0.0545908,0.431615,0.328418,0.328418,-0.0513307,0.328418,-0.0513307,1.0453
0.00495429,0.0676234,0.648375,1.34477,-0.000116298,-0.000116298,0.576149,0.384255,0.384255,-0.000116298,0.384255,-0.000116298,1.34477
0.396815,0.384689,0.237735,0.369788,0.00197845,0.00197845,0.0719977,0.0421014,0.0421014,0.00222551,0.0421014,0.00222551,0.35331
0.338676,0.251755,1.39709,0.546827,0.0180578,0.0180578,0.186946,0.135385,0.135385,0.0164182,0.135385,0.0164182,0.70412
0.280537,0.11882,0.986454,0.830263,0.0823651,0.0823651,0.321104,0.266021,0.266021,0.0865081,0.266021,0.0865081,0.951492
0.222398,0.435886,0.575814,0.429976,-0.0894747,-0.0894747,0.150817,0.131601,0.131601,-0.0860443,0.131601,-0.0860443,0.607596
0.164259,0.302952,0.165173,0.684585,-0.0244006,-0.0244006,0.276093,0.212916,0.212916,-0.0269744,0.212916,-0.0269744,0.927331
0.106121,0.170018,1.32453,1.15406,-0.0142742,-0.0142742,0.443835,0.319033,0.319033,-0.0146867,0.319033,-0.0146867,1.05057
0.0479816,0.0370833,0.913892,1.31493,0.00213379,0.00213379,0.561167,0.377495,0.377495,0.0027054,0.377495,0.0027054,1.31691
0.439843,0.354149,0.503252,0.386317,0.0202082,0.0202082,0.0694719,0.0406371,0.0406371,0.025408,0.0406371,0.025408,0.294376
0.381704,0.221215,0.0926112,0.756667,0.0162496,0.0162496,0.169078,0.124081,0.124081,0.0183657,0.124081,0.0183657,0.461433
0.323565,0.0882804,1.25197,0.679779,0.0776683,0.0776683,0.282776,0.257847,0.257847,0.0854064,0.257847,0.0854064,1.03937
0.265426,0.405346,0.84133,0.526094,-0.0612825,-0.0612825,0.143842,0.109342,0.109342,-0.0622725,0.109342,-0.0622725,0.496397
0.207287,0.272412,0.43069,0.74923,-0.0291844,-0.0291844,0.276051,0.206371,0.206371,-0.0299794,0.206371,-0.0299794,0.832299
0.149148,0.139478,0.0200493,1.09833,3.06264e-10,3.06264e-10,0.440086,0.312506,0.312506,-5.00419e-08,0.312506,-5.00419e-08,1.08006
0.0910088,0.00654328,1.17941,1.33744,0.000104724,0.000104724,0.573032,0.383173,0.383173,0.000435976,0.383173,0.000435976,1.34182
0.0328699,0.323609,0.768768,0.889534,-0.138005,-0.138005,0.298712,0.310389,0.310389,-0.137561,0.310389,-0.137561,0.915981
0.424731,0.190675,0.358128,0.743791,0.0768129,0.0768129,0.15553,0.139336,0.139336,0.0803764,0.139336,0.0803764,0.400167
0.366592,0.0577404,1.51749,0.56824,0.0171285,0.0171285,0.251464,0.2365,0.2365,0.0220438,0.2365,0.0220438,1.11671
0.308453,0.374806,1.10685,0.530564,-0.0231238,-0.0231238,0.127657,0.0868693,0.0868693,-0.0243916,0.0868693,-0.0243916,0.456317
0.250314,0.241872,0.696207,0.772962,0.00572875,0.00572875,0.2679,0.197176,0.197176,0.00574247,0.197176,0.00574247,0.769586
0.192175,0.108938,0.285566,1.1276,0.0225963,0.0225963,0.423436,0.309251,0.309251,0.0207388,0.309251,0.0207388,1.00499
0.134036,0.426003,1.44493,0.914435,-0.0451954,-0.0451954,0.158932,0.143681,0.143681,-0.0482847,0.143681,-0.0482847,0.376467
0.0758971,0.293069,1.03429,1.02057,-0.102444,-0.102444,0.325307,0.287936,0.287936,-0.0954036,0.287936,-0.0954036,0.832236
0.0177582,0.160135,0.623645,1.21267,-0.0325258,-0.0325258,0.505017,0.365384,0.365384,-0.0332745,0.365384,-0.0332745,1.25568
0.409619,0.0272004,0.213004,1.0865,0.104842,0.104842,0.183545,0.241547,0.241547,0.0824294,0.241547,0.0824294,0.445624
0.35148,0.344266,1.37236,0.476104,0.00114566,0.00114566,0.120457,0.0784403,0.0784403,0.00085623,0.0784403,0.00085623,0.484223
0.293341,0.211332,0.961723,0.72563,0.0446918,0.0446918,0.256599,0.193665,0.193665,0.0441345,0.193665,0.0441345,0.78662
0.235202,0.0783975,0.551083,1.08283,0.0726039,0.0726039,0.387664,0.30813,0.30813,0.0686152,0.30813,0.0686152,0.962211
0.177063,0.395463,0.140442,0.442163,-0.0367893,-0.0367893,0.175193,0.140276,0.140276,-0.0347756,0.140276,-0.0347756,0.836939
0.118924,0.262529,1.2998,1.04647,-0.0458989,-0.0458989,0.344216,0.268606,0.268606,-0.0427496,0.268606,-0.0427496,0.825354
0.0607855,0.129595,0.889161,1.22589,-0.0250134,-0.0250134,0.503565,0.354197,0.354197,-0.0247045,0.354197,-0.0247045,1.20365
0.0026465,0.44666,0.478521,1.33309,7.51691e-05,7.51691e-05,0.56998,0.381372,0.381372,-0.000927044,0.381372,-0.000927044,1.3351
0.394508,0.313726,0.0678804,0.535039,0.00440764,0.00440764,0.108514,0.069163,0.069163,0.00468248,0.069163,0.00468248,0.384762
0.336369,0.180792,1.22724,0.609794,0.0575869,0.0575869,0.234145,0.188251,0.188251,0.0587739,0.188251,0.0587739,0.842269
0.27823,0.0478575,0.8166,0.959636,0.109037,0.109037,0.347278,0.31366,0.31366,0.109604,0.31366,0.109604,0.988272
0.220091,0.364923,0.405959,0.534559,-0.0568878,-0.0568878,0.18864,0.147223,0.147223,-0.0558039,0.147223,-0.0558039,0.721098
0.161952,0.231989,1.56532,0.99703,-0.000955489,-0.000955489,0.348302,0.256827,0.256827,-0.000358767,0.256827,-0.000358767,0.8602
0.103813,0.0990546,1.15468,1.20382,0.00160841,0.00160841,0.503961,0.348119,0.348119,0.0018569,0.348119,0.0018569,1.2147
0.0456738,0.41612,0.744038,0.702688,-0.17424,-0.17424,0.225441,0.279855,0.279855,-0.177703,0.279855,-0.177703,0.766355
0.437535,0.283186,0.333397,0.557099,0.0345255,0.0345255,0.101738,0.0702146,0.0702146,0.0448408,0.0702146,0.0448408,0.320653
0.379396,0.150252,1.49276,0.492877,0.0217642,0.0217642,0.204499,0.167047,0.167047,0.021947,0.167047,0.021947,0.915406
0.321257,0.0173174,1.08212,0.86965,0.088122,0.088122,0.34628,0.323441,0.323441,0.101578,0.323441,0.101578,1.11117
0.263118,0.334383,0.671476,0.598093,-0.0375983,-0.0375983,0.185385,0.137289,0.137289,-0.0375774,0.137289,-0.0375774,0.62592
0.204979,0.201449,0.260835,0.91214,-2.01998e-09,-2.01998e-09,0.342166,0.249639,0.249639,3.55062e-09,0.249639,3.55062e-09,0.907905
0.14684,0.0685146,1.42019,1.13233,0.00968672,0.00968672,0.485766,0.343921,0.343921,0.0109973,0.343921,0.0109973,1.23743
0.088701,0.38558,1.00955,0.866527,-0.146838,-0.146838,0.229537,0.248364,0.248364,-0.134027,0.248364,-0.134027,0.619458
0.0305621,0.252646,0.598914,0.973664,-0.0860795,-0.0860795,0.380897,0.329512,0.329512,-0.0923513,0.329512,-0.0923513,1.10318
0.422423,0.119712,0.188273,0.93287,0.0702196,0.0702196,0.167488,0.166885,0.166885,0.0684812,0.166885,0.0684812,0.392898
0.364284,0.436777,1.34763,0.397018,-0.00830463,-0.00830463,0.0599008,0.0330299,0.0330299,-0.0121105,0.0330299,-0.0121105,0.264407
0.306145,0.303843,0.936992,0.597974,0.00103704,0.00103704,0.178206,0.124765,0.124765,0.00161797,0.124765,0.00161797,0.60589
0.248006,0.170909,0.526352,0.928149,0.0395693,0.0395693,0.326955,0.24562,0.24562,0.0393746,0.24562,0.0393746,0.848185
0.189867,0.0379745,0.115712,1.25507,0.0164766,0.0164766,0.452448,0.341389,0.341389,0.0153296,0.341389,0.0153296,1.04126
0.131728,0.35504,1.27507,0.942384,-0.0747796,-0.0747796,0.239424,0.211566,0.211566,-0.0692788,0.211566,-0.0692788,0.582093
0.0735894,0.222106,0.864431,1.06076,-0.0759156,-0.0759156,0.39778,0.315902,0.315902,-0.0737769,0.315902,-0.0737769,1.02533
0.0154504,0.0891716,0.45379,1.29923,-0.00724714,-0.00724714,0.555793,0.378112,0.378112,-0.00755713,0.378112,-0.00755713,1.32371
0.407311,0.406237,0.0431497,0.319117,-1.75461e-09,-1.75461e-09,0.0570905,0.0318158,0.0318158,-7.21501e-08,0.0318158,-7.21501e-08,0.319117
0.349172,0.273303,1.20251,0.523998,0.0283636,0.0283636,0.167182,0.120547,0.120547,0.0260664,0.120547,0.0260664,0.635734
0.291034,0.140369,0.791869,0.842962,0.0878663,0.0878663,0.300383,0.248443,0.248443,0.0872864,0.248443,0.0872864,0.847956
0.232895,0.00743448,0.381228,1.31818,0.00714484,0.00714484,0.544275,0.374927,0.374927,0.0032943,0.374927,0.0032943,1.26401
0.174756,0.3245,1.54059,0.9019,-0.00476056,-0.00476056,0.248539,0.191652,0.191652,-0.00378174,0.191652,-0.00378174,0.617464
0.116617,0.191566,1.12995,1.09842,-0.0309509,-0.0309509,0.419084,0.306531,0.306531,-0.0302777,0.306531,-0.0302777,1.01476
0.0584777,0.0586316,0.719307,1.29594,6.56989e-10,6.56989e-10,0.551016,0.372441,0.372441,3.16536e-09,0.372441,3.16536e-09,1.29594
0.000338703,0.375697,0.308666,1.34471,5.75717e-07,5.75717e-07,0.576087,0.384198,0.384198,-2.31568e-05,0.384198,-2.31568e-05,1.34475
0.3922,0.242763,1.46803,0.41725,0.0161071,0.0161071,0.144898,0.102855,0.102855,0.0144684,0.102855,0.0144684,0.693511
0.334061,0.109829,1.05739,0.695273,0.103817,0.103817,0.267542,0.247172,0.247172,0.111746,0.247172,0.111746,0.921565
0.275922,0.426894,0.646745,0.424711,-0.0610264,-0.0610264,0.125795,0.0947286,0.0947286,-0.058639,0.0947286,-0.058639,0.500976
0.217783,0.29396,0.236105,0.678225,-0.0199949,-0.0199949,0.250391,0.186449,0.186449,-0.0195677,0.186449,-0.0195677,0.811666
0.159644,0.161026,1.39546,1.04707,-9.78094e-10,-9.78095e-10,0.416457,0.297706,0.297706,1.09228e-08,0.297706,1.09228e-08,1.04707
0.101505,0.0280916,0.984824,1.26857,0.0147463,0.0147463,0.53731,0.370807,0.370807,0.0165817,0.370807,0.0165817,1.29119
0.043366,0.345157,0.574183,0.730001,-0.13259,-0.13259,0.267692,0.291558,0.291558,-0.144867,0.291558,-0.144867,0.964122
0.435227,0.212223,0.163543,0.734398,0.0336919,0.0336919,0.123344,0.0951255,0.0951255,0.0430099,0.0951255,0.0430099,0.327852
0.377088,0.0792887,1.3229,0.547803,0.0765641,0.0765641,0.230965,0.230641,0.230641,0.0902229,0.230641,0.0902229,1.02649
0.318949,0.396354,0.912262,0.471291,-0.029824,-0.029824,0.11168,0.0754268,0.0754268,-0.0314481,0.0754268,-0.0314481,0.428388
0.26081,0.26342,0.501621,0.724527,-0.00210551,-0.00210551,0.243107,0.178029,0.178029,-0.00159114,0.178029,-0.00159114,0.725912
0.202671,0.130486,0.0909808,1.09247,0.0076355,0.0076355,0.402292,0.294109,0.294109,0.0077039,0.294109,0.0077039,0.959773
0.144532,0.447552,1.25034,0.829364,-0.0976227,-0.0976227,0.152396,0.161735,0.161735,-0.0944411,0.161735,-0.0944411,0.363601
0.0863932,0.314617,0.8397,0.88959,-0.122598,-0.122598,0.298931,0.278753,0.278753,-0.119948,0.278753,-0.119948,0.850701
0.0282543,0.181683,0.429059,1.07613,-0.0440835,-0.0440835,0.452175,0.348071,0.348071,-0.0467284,0.348071,-0.0467284,1.22904
0.420115,0.0487487,0.018419,1.10054,0.00954704,0.00954704,0.186709,0.197212,0.197212,0.00829084,0.197212,0.00829084,0.419303
0.361976,0.365814,1.17778,0.436373,-0.00062749,-0.00062749,0.101542,0.0636812,0.0636812,-0.000733552,0.0636812,-0.000733552,0.436168
0.303837,0.23288,0.767138,0.709908,0.039449,0.039449,0.232185,0.173015,0.173015,0.0401227,0.173015,0.0401227,0.705016
0.245698,0.0999458,0.356498,1.08556,0.0531745,0.0531745,0.368475,0.288306,0.288306,0.049714,0.288306,0.049714,0.881546
0.187559,0.417011,1.51586,0.807733,-0.0141863,-0.0141863,0.146095,0.11072,0.11072,-0.0172018,0.11072,-0.0172018,0.375557
0.129421,0.284077,1.10522,0.965373,-0.0736063,-0.0736063,0.31286,0.254984,0.254984,-0.0709378,0.254984,-0.0709378,0.786662
0.0712816,0.151143,0.694576,1.16002,-0.0319775,-0.0319775,0.479748,0.343003,0.343003,-0.0323317,0.343003,-0.0323317,1.18463
0.0131426,0.0182086,0.283936,1.34204,2.51499e-10,2.51499e-10,0.574485,0.383542,0.383542,3.73403e-10,0.383542,3.73403e-10,1.34204
0.405004,0.335274,1.4433,0.346707,0.00781014,0.00781014,0.0896299,0.0555967,0.0555967,0.00619203,0.0555967,0.00619203,0.478985
0.346865,0.20234,1.03265,0.612971,0.0698958,0.0698958,0.216312,0.174268,0.174268,0.0707798,0.174268,0.0707798,0.743355
0.288726,0.0694057,0.622014,0.999677,0.10823,0.10823,0.330976,0.295659,0.295659,0.103239,0.295659,0.103239,0.872352
0.230587,0.386471,0.211374,0.452494,-0.0355223,-0.0355223,0.161098,0.119593,0.119593,-0.032519,0.119593,-0.032519,0.719831
0.172448,0.253537,1.37073,0.948557,-0.0172274,-0.0172274,0.320261,0.238658,0.238658,-0.017226,0.238658,-0.017226,0.805449
0.114309,0.120603,0.960093,1.1785,-0.00150659,-0.00150659,0.484214,0.337797,0.337797,-0.00114913,0.337797,-0.00114913,1.16247
0.0561699,0.437669,0.549452,0.527338,-0.152835,-0.152835,0.197627,0.259371,0.259371,-0.175748,0.259371,-0.175748,0.863394
0.448031,0.304734,0.138812,0.5241,0.0119004,0.0119004,0.0736575,0.0424125,0.0424125,0.0190256,0.0424125,0.0190256,0.254942
0.389892,0.1718,1.29817,0.477366,0.0653411,0.0653411,0.18869,0.162524,0.162524,0.0657564,0.162524,0.0657564,0.833502
0.331753,0.0388657,0.887531,0.84224,0.131682,0.131682,0.297809,0.305047,0.305047,0.137486,0.305047,0.137486,0.944698
0.273614,0.355931,0.476891,0.520088,-0.0347889,-0.0347889,0.161876,0.11727,0.11727,-0.0335058,0.11727,-0.0335058,0.611526
0.215475,0.222997,0.0662501,0.856397,-0.000846835,-0.000846835,0.316307,0.23225,0.23225,-0.000217679,0.23225,-0.000217679,0.866161
0.157336,0.0900628,1.22561,1.09923,0.0197128,0.0197128,0.465057,0.33209,0.33209,0.0201638,0.33209,0.0201638,1.18894
0.0991971,0.407129,0.814969,0.730349,-0.152302,-0.152302,0.227558,0.245257,0.245257,-0.150399,0.245257,-0.150399,0.693772
0.0410582,0.274194,0.404329,0.861951,-0.0768101,-0.0768101,0.353248,0.312529,0.312529,-0.0851878,0.312529,-0.0851878,1.13088
0.432919,0.14126,1.56369,0.352732,0.00472608,0.00472608,0.146978,0.12215,0.12215,0.00326242,0.12215,0.00326242,0.900979
0.37478,0.00832567,1.15305,1.22216,0.00367775,0.00367775,0.529228,0.370939,0.370939,0.0098413,0.370939,0.0098413,1.30506
0.316641,0.325391,0.742407,0.552405,-0.00464375,-0.00464375,0.154771,0.107404,0.107404,-0.00476488,0.107404,-0.00476488,0.553814
0.258502,0.192457,0.331767,0.884424,0.0259651,0.0259651,0.300419,0.22378,0.22378,0.0261561,0.22378,0.0261561,0.78975
0.200363,0.0595228,1.49113,0.988192,0.011457,0.011457,0.430898,0.325699,0.325699,0.0120528,0.325699,0.0120528,1.21948
0.142224,0.376589,1.08049,0.83249,-0.109323,-0.109323,0.220919,0.208519,0.208519,-0.104137,0.208519,-0.104137,0.575123
0.0840855,0.243654,0.669845,0.963549,-0.0809574,-0.0809574,0.373955,0.304155,0.304155,-0.0826205,0.304155,-0.0826205,1.02556
0.0259465,0.11072,0.259205,1.22625,-0.0103915,-0.0103915,0.527186,0.368757,0.368757,-0.0096747,0.368757,-0.0096747,1.30747
0.417808,0.427786,1.41856,0.283466,-0.000199879,-0.000199879,0.0432935,0.0223037,0.0223037,-0.000578366,0.0223037,-0.000578366,0.269598
0.359669,0.294851,1.00792,0.507035,0.0286241,0.0286241,0.146845,0.103576,0.103576,0.0280801,0.103576,0.0280801,0.56103
0.30153,0.161917,0.597284,0.853424,0.0751317,0.0751317,0.280382,0.226287,0.226287,0.0729892,0.226287,0.0729892,0.755562
0.243391,0.0289828,0.186643,1.23003,0.0342965,0.0342965,0.395375,0.326943,0.326943,0.0302747,0.326943,0.0302747,0.915096
0.185252,0.346048,1.346,0.844504,-0.0419969,-0.0419969,0.222436,0.176164,0.176164,-0.0405031,0.176164,-0.0405031,0.570382
0.127113,0.213114,0.935362,1.0346,-0.0456714,-0.0456714,0.390436,0.291346,0.291346,-0.0458539,0.291346,-0.0458539,0.981531
0.0689738,0.0801799,0.524722,1.26574,-0.00304021,-0.00304021,0.535344,0.364679,0.364679,-0.00348763,0.364679,-0.00348763,1.26793
0.0108348,0.397246,0.114081,0.674152,-0.0110109,-0.0110109,0.293651,0.289736,0.289736,-0.0284046,0.289736,-0.0284046,1.20156
0.402696,0.264311,1.27344,0.402768,0.0393377,0.0393377,0.131452,0.0937412,0.0937412,0.0343168,0.0937412,0.0343168,0.619466
0.344557,0.131377,0.8628,0.728994,0.115198,0.115198,0.254687,0.234099,0.234099,0.117877,0.234099,0.117877,0.79526
0.286418,0.448443,0.45216,0.318442,-0.0548769,-0.0548769,0.101531,0.0728535,0.0728535,-0.0451197,0.0728535,-0.0451197,0.51155
0.228279,0.315508,0.0415194,0.61629,-0.00527787,-0.00527787,0.223049,0.163822,0.163822,-0.0046207,0.163822,-0.0046207,0.776114
0.17014,0.182574,1.20088,1.00404,-0.00540357,-0.00540357,0.388929,0.281594,0.281594,-0.00544618,0.281594,-0.00544618,0.984034
0.112001,0.0496398,0.790238,1.24701,0.0194728,0.0194728,0.522329,0.363164,0.363164,0.0194728,0.363164,0.0194728,1.24701
0.0538621,0.366706,0.379598,0.605212,-0.107851,-0.107851,0.24136,0.265869,0.265869,-0.124586,0.265869,-0.124586,1.02468
0.445723,0.233771,1.53896,0.281697,0.00919162,0.00919162,0.0985424,0.062933,0.062933,0.00572333,0.062933,0.00572333,0.688522
0.387584,0.100837,1.12832,0.553962,0.115086,0.115086,0.218649,0.231382,0.231382,0.12843,0.231382,0.12843,0.906877
0.329445,0.417903,0.717677,0.398574,-0.032915,-0.032915,0.096805,0.0631838,0.0631838,-0.0327747,0.0631838,-0.0327747,0.414156
0.271306,0.284968,0.307036,0.668217,-0.00536629,-0.00536629,0.218516,0.156927,0.156927,-0.00527071,0.156927,-0.00527071,0.694311
0.213167,0.152034,1.4664,0.913086,0.00641445,0.00641445,0.373288,0.274137,0.274137,0.00749165,0.274137,0.00749165,1.02658
0.155028,0.0190998,1.05576,1.1522,0.0381582,0.0381582,0.482224,0.358852,0.358852,0.0400164,0.358852,0.0400164,1.24651
0.0968893,0.336166,0.645115,0.752129,-0.122477,-0.122477,0.271854,0.260882,0.260882,-0.12857,0.260882,-0.12857,0.876
0.0387504,0.203231,0.234474,0.998182,-0.0288143,-0.0288143,0.431025,0.334605,0.334605,-0.0336075,0.334605,-0.0336075,1.23107
0.430611,0.0702969,1.39383,0.391372,0.0772448,0.0772448,0.167817,0.197583,0.197583,0.0863028,0.197583,0.0863028,1.02231
0.372472,0.387363,0.983193,0.396871,-0.00515898,-0.00515898,0.0844798,0.0508235,0.0508235,-0.00482949,0.0508235,-0.00482949,0.390702
0.314334,0.254428,0.572553,0.686686,0.0296476,0.0296476,0.207673,0.15144,0.15144,0.0292142,0.15144,0.0292142,0.634275
0.256195,0.121494,0.161912,1.06307,0.0252081,0.0252081,0.351026,0.26814,0.26814,0.0221852,0.26814,0.0221852,0.831408
0.198056,0.43856,1.32127,0.748864,-0.0552708,-0.0552708,0.133306,0.111569,0.111569,-0.0639464,0.111569,-0.0639464,0.343368
0.139917,0.305625,0.910631,0.863984,-0.0922129,-0.0922129,0.288885,0.241831,0.241831,-0.0891869,0.241831,-0.0891869,0.791553
0.0817777,0.172691,0.499991,1.08453,-0.0357145,-0.0357145,0.452213,0.329432,0.329432,-0.0360578,0.329432,-0.0360578,1.166
0.0236387,0.0397569,0.0893505,1.33282,-9.75013e-05,-9.75013e-05,0.570516,0.381808,0.381808,-0.000557211,0.381808,-0.000557211,1.33447
0.4155,0.356823,1.24871,0.329351,0.0135373,0.0135373,0.0771407,0.0453414,0.0453414,0.0108935,0.0453414,0.0108935,0.42054
0.357361,0.223888,0.83807,0.616569,0.0699531,0.0699531,0.196036,0.156408,0.156408,0.07023,0.156408,0.07023,0.641682
0.299222,0.090954,0.427429,1.01956,0.0917315,0.0917315,0.308303,0.27055,0.27055,0.0830197,0.27055,0.0830197,0.758632
0.241083,0.40802,0.0167886,0.377461,-0.0039731,-0.0039731,0.131529,0.0899517,0.0899517,-0.00276221,0.0899517,-0.00276221,0.698722
0.182944,0.275085,1.17615,0.88544,-0.0387991,-0.0387991,0.292907,0.222867,0.222867,-0.0375982,0.222867,-0.0375982,0.762333
0.124805,0.142151,0.765508,1.12281,-0.00696782,-0.00696782,0.459374,0.324545,0.324545,-0.00696783,0.324545,-0.00696783,1.12281
0.066666,0.00921686,0.354867,1.33975,0.00088419,0.00088419,0.569426,0.382246,0.382246,0.000463274,0.382246,0.000463274,1.32806
0.00852701,0.326283,1.51423,1.25899,-0.00825169,-0.00825169,0.396663,0.33076,0.33076,-0.00566162,0.33076,-0.00566162,0.919781
0.400388,0.193348,1.10359,0.487278,0.0851457,0.0851457,0.179541,0.157078,0.157078,0.0849486,0.157078,0.0849486,0.725872
0.342249,0.060414,0.692946,0.894042,0.142081,0.142081,0.27785,0.285993,0.285993,0.137161,0.285993,0.137161,0.795974
0.28411,0.37748,0.282305,0.446641,-0.0262367,-0.0262367,0.137812,0.096787,0.096787,-0.0233456,0.096787,-0.0233456,0.595121
0.225971,0.244545,1.44166,0.832643,-0.00259934,-0.00259934,0.287258,0.210385,0.210385,-0.00312341,0.210385,-0.00312341,0.788525
0.167832,0.111611,1.03102,1.07869,0.0231331,0.0231331,0.445487,0.319256,0.319256,0.0231369,0.319256,0.0231369,1.12733
0.109693,0.428677,0.620384,0.549727,-0.144971,-0.144971,0.203087,0.227598,0.227598,-0.154371,0.227598,-0.154371,0.761755
0.0515543,0.295743,0.209743,0.771136,-0.051218,-0.051218,0.329625,0.288229,0.288229,-0.0581479,0.288229,-0.0581479,1.15013
0.443415,0.162808,1.3691,0.324755,0.0670031,0.0670031,0.134738,0.123895,0.123895,0.059444,0.123895,0.059444,0.824593
0.385276,0.0298739,0.958463,0.69431,0.150982,0.150982,0.242072,0.293244,0.293244,0.166507,0.293244,0.166507,0.911817
0.327137,0.34694,0.547822,0.497121,-0.00859047,-0.00859047,0.133185,0.0895308,0.0895308,-0.00833391,0.0895308,-0.00833391,0.517609
0.268998,0.214005,0.137182,0.838646,0.00789972,0.00789972,0.274624,0.202645,0.202645,0.00837945,0.202645,0.00837945,0.738244
0.210859,0.0810711,1.29654,0.966608,0.0337744,0.0337744,0.41193,0.311999,0.311999,0.0360734,0.311999,0.0360734,1.16201
0.152721,0.398137,0.885901,0.702901,-0.123725,-0.123725,0.209377,0.201958,0.201958,-0.121258,0.201958,-0.121258,0.603579
0.0945816,0.265202,0.47526,0.87296,-0.0709286,-0.0709286,0.354081,0.288268,0.288268,-0.0752151,0.288268,-0.0752151,1.05213
0.0364426,0.132268,0.0646197,1.17879,-0.00437214,-0.00437214,0.507007,0.358741,0.358741,-0.00455459,0.358741,-0.00455459,1.29277
0.428304,0.449334,1.22398,0.247666,-0.00299297,-0.00299297,0.0303183,0.0146835,0.0146835,-0.00234023,0.0146835,-0.00234023,0.210971
0.370165,0.3164,0.813339,0.488242,0.0232935,0.0232935,0.126595,0.0860645,0.0860645,0.0237885,0.0860645,0.0237885,0.489934
0.312026,0.183465,0.402698,0.850305,0.0545331,0.0545331,0.256547,0.201737,0.201737,0.0534393,0.201737,0.0534393,0.674259
0.253887,0.050531,1.56206,0.861553,0.00101741,0.00101741,0.377757,0.305738,0.305738,0.00190772,0.305738,0.00190772,1.20502
0.195748,0.367597,1.15142,0.766,-0.0695602,-0.0695602,0.20029,0.165046,0.165046,-0.0696497,0.165046,-0.0696497,0.542681
0.137609,0.234662,0.740777,0.940988,-0.0562992,-0.0562992,0.359471,0.274136,0.274136,-0.056312,0.274136,-0.056312,0.960802
0.0794699,0.101728,0.330136,1.22988,-0.00392325,-0.00392325,0.520548,0.357226,0.357226,-0.00458565,0.357226,-0.00458565,1.2509
0.0213309,0.418794,1.4895,1.14596,-0.0451725,-0.0451725,0.209791,0.231065,0.231065,-0.0338421,0.231065,-0.0338421,0.488866
0.413192,0.28586,1.07886,0.398944,0.0477236,0.0477236,0.12038,0.0860883,0.0860883,0.0423603,0.0860883,0.0423603,0.53962
0.355053,0.152925,0.668215,0.772533,0.107124,0.107124,0.239095,0.213602,0.213602,0.105312,0.213602,0.105312,0.677761
0.296914,0.019991,0.257575,1.17738,0.0713666,0.0713666,0.329553,0.307344,0.307344,0.0582985,0.307344,0.0582985,0.784211
0.238775,0.337057,1.41693,0.740811,-0.0152957,-0.0152957,0.198829,0.144036,0.144036,-0.0154181,0.144036,-0.0154181,0.563811
0.180636,0.204122,1.00629,0.953545,-0.0118314,-0.0118314,0.359933,0.262731,0.262731,-0.0113819,0.262731,-0.0113819,0.930553
0.122497,0.0711881,0.595653,1.22754,0.0179307,0.0179307,0.507286,0.353554,0.353554,0.0173367,0.353554,0.0173367,1.20516
0.0643582,0.388254,0.185013,0.519505,-0.0614781,-0.0614781,0.223519,0.228225,0.228225,-0.0749237,0.228225,-0.0749237,1.06626
0.00621922,0.25532,1.34437,1.32476,-0.000985111,-0.000985111,0.546557,0.374293,0.374293,0.00261496,0.374293,0.00261496,1.27307
0.39808,0.122385,0.933732,0.612998,0.131403,0.131403,0.220137,0.224742,0.224742,0.136528,0.224742,0.136528,0.776941
0.339941,0.439451,0.523091,0.307319,-0.032465,-0.032465,0.0779895,0.0480781,0.0480781,-0.0265812,0.0480781,-0.0265812,0.408775
0.281802,0.306517,0.112451,0.607507,-0.00119408,-0.00119408,0.193353,0.13847,0.13847,-0.00127256,0.13847,-0.00127256,0.654545
0.223663,0.173582,1.27181,0.882484,0.0171673,0.0171673,0.348775,0.256517,0.256517,0.0166646,0.256517,0.0166646,0.968713
0.165524,0.0406481,0.86117,1.16644,0.0452087,0.0452087,0.476082,0.352094,0.352094,0.0459055,0.352094,0.0459055,1.19341
0.107385,0.357714,0.450529,0.628358,-0.104215,-0.104215,0.247709,0.238402,0.238402,-0.114597,0.238402,-0.114597,0.923399
0.0492465,0.22478,0.039889,0.938107,-0.00621025,-0.00621025,0.4088,0.318898,0.318898,-0.00740235,0.318898,-0.00740235,1.22312
0.441108,0.0918452,1.19925,0.42348,0.115725,0.115725,0.175076,0.213515,0.213515,0.133885,0.213515,0.133885,0.908529
0.382969,0.408911,0.788608,0.351197,-0.0079501,-0.0079501,0.0688859,0.0393032,0.0393032,-0.00795015,0.0393032,-0.00795015,0.351197
0.32483,0.275977,0.377968,0.648148,0.0162894,0.0162894,0.185195,0.131908,0.131908,0.0164826,0.131908,0.0164826,0.583789
0.266691,0.143042,1.53733,0.782891,0.00651354,0.00651354,0.327648,0.249835,0.249835,0.00651563,0.249835,0.00651563,1.01653
0.208552,0.0101081,1.12669,1.2108,0.0165858,0.0165858,0.518742,0.368784,0.368784,0.0210751,0.368784,0.0210751,1.291
0.150413,0.327174,0.716046,0.74926,-0.0977743,-0.0977743,0.262703,0.226238,0.226238,-0.0989878,0.226238,-0.0989878,0.79679
0.0922738,0.194239,0.305406,1.01615,-0.02733,-0.02733,0.431743,0.31814,0.31814,-0.029308,0.31814,-0.029308,1.15434
0.0341348,0.0613052,1.46477,1.32223,3.78675e-10,3.78674e-10,0.557265,0.376152,0.376152,1.24713e-09,0.376152,1.24713e-09,1.29967
0.425996,0.378371,1.05412,0.305489,0.0137604,0.0137604,0.0624278,0.0355872,0.0355872,0.0124142,0.0355872,0.0124142,0.352381
0.367857,0.245437,0.643484,0.618433,0.0593905,0.0593905,0.174872,0.134777,0.134777,0.060477,0.134777,0.060477,0.555137
0.309718,0.112502,0.232844,1.02986,0.0546715,0.0546715,0.295201,0.243697,0.243697,0.0493439,0.243697,0.0493439,0.703056
0.251579,0.429568,1.3922,0.646503,-0.0253493,-0.0253493,0.111805,0.0765458,0.0765458,-0.0330963,0.0765458,-0.0330963,0.328565
0.19344,0.296634,0.981563,0.809937,-0.0562461,-0.0562461,0.266292,0.206583,0.206583,-0.0548544,0.206583,-0.0548544,0.73668
0.135301,0.163699,0.570922,1.06873,-0.0127125,-0.0127125,0.435149,0.310421,0.310421,-0.012544,0.310421,-0.012544,1.09277
0.0771621,0.0307651,0.160282,1.32002,0.0028336,0.0028336,0.551338,0.374895,0.374895,0.002761,0.374895,0.002761,1.28225
0.0190231,0.347831,1.31964,1.12649,-0.0970659,-0.0970659,0.252336,0.277887,0.277887,-0.076305,0.277887,-0.076305,0.613635
0.410884,0.214897,0.909001,0.522744,0.0904597,0.0904597,0.171976,0.148863,0.148863,0.0897302,0.148863,0.0897302,0.617117
0.352745,0.0819623,0.498361,0.943802,0.129757,0.129757,0.258483,0.259896,0.259896,0.116107,0.259896,0.116107,0.67181
0.294606,0.399028,0.0877201,0.38868,-0.00977756,-0.00977756,0.116443,0.0759004,0.0759004,-0.00853891,0.0759004,-0.00853891,0.574634
0.236467,0.266094,1.24708,0.786011,-0.0118761,-0.0118761,0.261248,0.191937,0.191937,-0.0116112,0.191937,-0.0116112,0.73612
0.178328,0.133159,0.836439,1.05244,0.0243116,0.0243116,0.418572,0.301849,0.301849,0.0248544,0.301849,0.0248544,1.05467
0.120189,0.000225104,0.425799,1.34473,2.12659e-06,2.12659e-06,0.576088,0.384205,0.384205,1.42005e-07,0.384205,1.42005e-07,1.34472
0.0620504,0.317291,0.0151583,0.691598,-0.00154797,-0.00154797,0.305979,0.265808,0.265808,-0.00388847,0.265808,-0.00388847,1.14411
0.00391142,0.184357,1.17452,1.34065,-0.000355529,-0.000355529,0.573492,0.382946,0.382946,2.72441e-05,0.382946,2.72441e-05,1.33991
0.395772,0.0514222,0.763877,0.773577,0.169,0.169,0.23836,0.281351,0.281351,0.165271,0.281351,0.165271,0.756517
0.337633,0.368488,0.353237,0.443849,-0.00875121,-0.00875121,0.113685,0.0738832,0.0738832,-0.00824378,0.0738832,-0.00824378,0.48438
0.279495,0.235554,1.5126,0.695997,0.00111329,0.00111329,0.248457,0.182048,0.182048,0.000956019,0.182048,0.000956019,0.781363
0.221356,0.102619,1.10196,0.956382,0.0522427,0.0522427,0.391899,0.299589,0.299589,0.0539544,0.299589,0.0539544,1.08046
0.163217,0.419685,0.691315,0.563168,-0.12232,-0.12232,0.194223,0.188739,0.188739,-0.124086,0.188739,-0.124086,0.660108
0.105078,0.286751,0.280675,0.760608,-0.0533259,-0.0533259,0.319565,0.262355,0.262355,-0.0590456,0.262355,-0.0590456,1.05026
0.0469387,0.153816,1.44003,1.2655,-0.0120032,-0.0120032,0.481119,0.348872,0.348872,-0.0106357,0.348872,-0.0106357,1.11133
0.4388,0.0208822,1.02939,0.577369,0.152183,0.152183,0.207643,0.284887,0.284887,0.180851,0.284887,0.180851,0.917347
0.380661,0.337948,0.618754,0.456125,0.0165241,0.0165241,0.107178,0.0691434,0.0691434,0.0164305,0.0691434,0.0164305,0.437152
0.322522,0.205014,0.208113,0.819038,0.0278102,0.0278102,0.23262,0.174472,0.174472,0.0272019,0.174472,0.0272019,0.621041
0.264383,0.0720793,1.36747,0.820178,0.039922,0.039922,0.35424,0.290096,0.290096,0.0450467,0.290096,0.0450467,1.13994
0.206244,0.389145,0.956832,0.667889,-0.0865785,-0.0865785,0.185915,0.158414,0.158414,-0.0869674,0.158414,-0.0869674,0.542821
0.148105,0.256211,0.546192,0.85679,-0.0539535,-0.0539535,0.333792,0.257219,0.257219,-0.0560094,0.257219,-0.0560094,0.948773
0.089966,0.123276,0.135551,1.16949,-0.00397155,-0.00397155,0.495918,0.345337,0.345337,-0.0037816,0.345337,-0.0037816,1.21738
0.031827,0.440342,1.29491,1.03751,-0.131701,-0.131701,0.162039,0.239429,0.239429,-0.102375,0.239429,-0.102375,0.40179
0.423688,0.307408,0.88427,0.407065,0.0457801,0.0457801,0.108067,0.0750609,0.0750609,0.0440531,0.0750609,0.0440531,0.446462
0.365549,0.174474,0.47363,0.791139,0.0860658,0.0860658,0.21675,0.185131,0.185131,0.0819655,0.185131,0.0819655,0.584468
0.30741,0.0415393,0.0629894,1.17633,0.02239,0.02239,0.309577,0.281034,0.281034,0.0199931,0.281034,0.0199931,0.702841
0.249271,0.358605,1.22235,0.676315,-0.0356542,-0.0356542,0.175727,0.129735,0.129735,-0.0371595,0.129735,-0.0371595,0.52304
0.191132,0.225671,0.811708,0.896,-0.0208383,-0.0208383,0.332833,0.243988,0.243988,-0.0208383,0.243988,-0.0208383,0.896
0.132993,0.0927364,0.401068,1.2056,0.0135129,0.0135129,0.488646,0.342117,0.342117,0.0133376,0.342117,0.0133376,1.15997
0.0748543,0.409802,1.56043,1.05721,-0.00341223,-0.00341223,0.19879,0.190684,0.190684,-0.00183352,0.190684,-0.00183352,0.44767
0.0167153,0.276868,1.14979,1.15644,-0.0861205,-0.0861205,0.366869,0.326835,0.326835,-0.0747636,0.326835,-0.0747636,0.906887
0.408576,0.143934,0.739147,0.677391,0.132126,0.132126,0.211216,0.208728,0.208728,0.129874,0.208728,0.129874,0.636283
0.350437,0.0109992,0.328506,1.19098,0.0686682,0.0686682,0.365555,0.325191,0.325191,0.0527254,0.325191,0.0527254,0.869365
0.292298,0.328065,1.48787,0.613489,-0.00343405,-0.00343405,0.167974,0.118153,0.118153,-0.00272153,0.118153,-0.00272153,0.548631
0.234159,0.195131,1.07723,0.862989,0.0180506,0.0180506,0.325541,0.239799,0.239799,0.0191011,0.239799,0.0191011,0.897209
0.176021,0.0621964,0.666585,1.15854,0.048892,0.048892,0.458332,0.33962,0.33962,0.0473928,0.33962,0.0473928,1.12633
0.117882,0.379262,0.255944,0.515023,-0.0749753,-0.0749753,0.214976,0.203089,0.203089,-0.0809921,0.203089,-0.0809921,0.951298
0.0597426,0.246328,1.4153,1.18701,-0.0320403,-0.0320403,0.378068,0.306662,0.306662,-0.0308245,0.306662,-0.0308245,0.869408
0.00160363,0.113393,1.00466,1.34331,-6.39653e-05,-6.39653e-05,0.575263,0.38382,0.38382,-1.55948e-05,0.38382,-1.55948e-05,1.34324
0.393465,0.430459,0.594023,0.287536,-0.00988876,-0.00988876,0.0532272,0.0292324,0.0292324,-0.00907727,0.0292324,-0.00907727,0.317274
0.335326,0.297525,0.183382,0.598753,0.00628118,0.00628118,0.160289,0.110454,0.110454,0.00670163,0.110454,0.00670163,0.535047
0.277187,0.164591,1.34274,0.758502,0.0273648,0.0273648,0.303161,0.22967,0.22967,0.0293791,0.22967,0.0293791,0.944111
0.219048,0.0316563,0.932101,1.06264,0.0697611,0.0697611,0.423236,0.340363,0.340363,0.0718858,0.340363,0.0718858,1.14478
0.160909,0.348722,0.521461,0.636102,-0.0880812,-0.0880812,0.237603,0.204864,0.204864,-0.0912335,0.204864,-0.0912335,0.824671
0.10277,0.215788,0.110821,0.933867,-0.0125775,-0.0125775,0.400178,0.298586,0.298586,-0.0147002,0.298586,-0.0147002,1.13075
0.0446309,0.0828535,1.27018,1.30499,-0.00567846,-0.00567846,0.546565,0.371844,0.371844,-0.00566485,0.371844,-0.00566485,1.27582
0.436492,0.399919,0.85954,0.280498,0.0100169,0.0100169,0.0484214,0.0257938,0.0257938,0.0100598,0.0257938,0.0100598,0.290465
0.378353,0.266985,0.448899,0.607602,0.0409824,0.0409824,0.15048,0.110272,0.110272,0.0437462,0.110272,0.0437462,0.476315
0.320214,0.134051,0.0382587,0.993953,0.00858094,0.00858094,0.277199,0.219347,0.219347,0.0072699,0.219347,0.0072699,0.65725
0.262075,0.0011163,1.19762,1.34328,1.50298e-07,1.50298e-07,0.575254,0.383793,0.383793,2.29835e-05,0.383793,2.29835e-05,1.34332
0.203936,0.318182,0.786978,0.723623,-0.0642506,-0.0642506,0.241258,0.189397,0.189397,-0.0642506,0.189397,-0.0642506,0.723623
0.145797,0.185248,0.376337,1.00152,-0.0146701,-0.0146701,0.405601,0.293583,0.293583,-0.0152007,0.293583,-0.0152007,1.05046
0.0876582,0.0523134,1.5357,1.24881,1.02181e-09,1.02181e-09,0.536157,0.366886,0.366886,1.84158e-09,0.366886,1.84158e-09,1.29551
0.0295192,0.369379,1.12506,1.02599,-0.140302,-0.140302,0.249015,0.287375,0.287375,-0.117752,0.287375,-0.117752,0.648577
0.42138,0.236445,0.714416,0.545911,0.0826107,0.0826107,0.153538,0.128298,0.128298,0.0839075,0.128298,0.0839075,0.491927
0.363241,0.103511,0.303775,0.9823,0.0906659,0.0906659,0.238333,0.22489,0.22489,0.0805252,0.22489,0.0805252,0.577961
0.305102,0.420576,1.46313,0.538191,-0.00849649,-0.00849649,0.0922504,0.0569535,0.0569535,-0.0103203,0.0569535,-0.0103203,0.321668
0.246963,0.287642,1.05249,0.737588,-0.0190882,-0.0190882,0.23593,0.172995,0.172995,-0.01953,0.172995,-0.01953,0.689602
0.188824,0.154708,0.641854,1.01609,0.0194097,0.0194097,0.395898,0.286748,0.286748,0.0189345,0.286748,0.0189345,1.00429
0.130685,0.0217734,0.231214,1.30241,0.0122966,0.0122966,0.513933,0.366234,0.366234,0.0118882,0.366234,0.0118882,1.19409
0.0725465,0.338839,1.39057,1.08689,-0.0594597,-0.0594597,0.274335,0.248765,0.248765,-0.0495652,0.248765,-0.0495652,0.635788
0.0144075,0.205905,0.979933,1.21876,-0.050476,-0.050476,0.468565,0.357297,0.357297,-0.0476586,0.357297,-0.0476586,1.1416
0.406269,0.0729705,0.569292,0.862487,0.160195,0.160195,0.220898,0.255991,0.255991,0.143374,0.255991,0.143374,0.597598
0.34813,0.390036,0.158652,0.379053,-0.00541194,-0.00541194,0.0938446,0.0583614,0.0583614,-0.00551098,0.0583614,-0.00551098,0.459997
0.289991,0.257102,1.31801,0.669496,0.00840343,0.00840343,0.224119,0.162044,0.162044,0.00889702,0.162044,0.00889702,0.714711
0.231852,0.124168,0.907371,0.950335,0.0562164,0.0562164,0.372218,0.284315,0.284315,0.0568583,0.284315,0.0568583,0.998832
0.173713,0.441233,0.49673,0.430908,-0.107337,-0.107337,0.166312,0.164462,0.164462,-0.109388,0.164462,-0.109388,0.712455
0.115574,0.308299,0.0860898,0.68183,-0.0188104,-0.0188104,0.294146,0.239532,0.239532,-0.0217748,0.239532,-0.0217748,1.04101
0.0574348,0.175365,1.24545,1.2185,-0.0324715,-0.0324715,0.456248,0.33748,0.33748,-0.0304136,0.33748,-0.0304136,1.06756
0.449296,0.0424305,0.834809,0.663436,0.179819,0.179819,0.215688,0.277865,0.277865,0.18641,0.277865,0.18641,0.74268
0.391157,0.359496,0.424168,0.427428,0.00908485,0.00908485,0.0884297,0.0548186,0.0548186,0.00977124,0.0548186,0.00977124,0.379636
0.333018,0.226562,0.0135279,0.772004,7.60665e-05,7.60665e-05,0.208958,0.153322,0.153322,8.64067e-06,0.153322,8.64067e-06,0.574218
0.274879,0.0936276,1.17289,0.827792,0.0688701,0.0688701,0.338036,0.27839,0.27839,0.0761234,0.27839,0.0761234,1.04987
0.21674,0.410693,0.762247,0.556169,-0.0922659,-0.0922659,0.171143,0.147753,0.147753,-0.0926694,0.147753,-0.0926694,0.566174
0.158601,0.277759,0.351607,0.765156,-0.0453171,-0.0453171,0.304,0.235253,0.235253,-0.0471798,0.235253,-0.0471798,0.942247
0.100462,0.144825,1.51097,1.19418,-0.00247528,-0.00247528,0.473478,0.333078,0.333078,-0.0023099,0.333078,-0.0023099,1.12005
0.0423231,0.0118904,1.10033,1.33521,0.00113899,0.00113899,0.572191,0.382789,0.382789,0.000944251,0.382789,0.000944251,1.34049
0.434184,0.328956,0.689685,0.400602,0.0360464,0.0360464,0.0904571,0.0589542,0.0589542,0.0370934,0.0589542,0.0370934,0.365086
0.376045,0.196022,0.279045,0.788507,0.0527869,0.0527869,0.191003,0.152628,0.152628,0.0523524,0.152628,0.0523524,0.505391
0.317906,0.0630876,1.4384,0.680441,0.0355924,0.0355924,0.296872,0.263293,0.263293,0.0428679,0.263293,0.0428679,1.12575
0.259767,0.380153,1.02776,0.604839,-0.0505445,-0.0505445,0.157324,0.118447,0.118447,-0.0521661,0.118447,-0.0521661,0.497535
0.201628,0.247219,0.617123,0.824666,-0.0259292,-0.0259292,0.303257,0.224757,0.224757,-0.0255889,0.224757,-0.0255889,0.854587
0.143489,0.114285,0.206483,1.16211,0.00520286,0.00520286,0.464811,0.327085,0.327085,0.00502217,0.327085,0.00502217,1.11483
0.0853504,0.43135,1.36584,0.98812,-0.0887927,-0.0887927,0.168826,0.19237,0.19237,-0.0781485,0.19237,-0.0781485,0.390488
0.0272114,0.298416,0.955202,1.02832,-0.121624,-0.121624,0.329129,0.317722,0.317722,-0.111202,0.317722,-0.111202,0.886541
0.419072,0.165482,0.544561,0.727211,0.113382,0.113382,0.18586,0.180278,0.180278,0.109588,0.180278,0.109588,0.493652
0.360933,0.0325475,0.133921,1.1475,0.0575994,0.0575994,0.261517,0.261543,0.261543,0.0446927,0.261543,0.0446927,0.607552
0.302795,0.349613,1.29328,0.57317,-0.0107426,-0.0107426,0.146537,0.100631,0.100631,-0.0117966,0.100631,-0.0117966,0.501047
0.244656,0.216679,0.88264,0.816332,0.0162621,0.0162621,0.294106,0.216989,0.216989,0.016932,0.216989,0.016932,0.82627
0.186517,0.0837447,0.472,1.15297,0.0423667,0.0423667,0.436302,0.323649,0.323649,0.0414396,0.323649,0.0414396,1.04652
0.128378,0.40081,0.0613591,0.441272,-0.023806,-0.023806,0.187805,0.161794,0.161794,-0.0230391,0.161794,-0.0230391,0.953634
0.0702387,0.267876,1.22072,1.10926,-0.072466,-0.072466,0.350563,0.29459,0.29459,-0.0665362,0.29459,-0.0665362,0.842703
0.0120997,0.134942,0.810078,1.26873,-0.0246162,-0.0246162,0.526656,0.371374,0.371374,-0.0234953,0.371374,-0.0234953,1.26505
0.403961,0.00200749,0.399438,1.33782,0.000347234,0.000347234,0.571842,0.38215,0.38215,-2.16324e-05,0.38215,-2.16324e-05,1.33709
0.345822,0.319073,1.5588,0.493649,0.000369514,0.000369514,0.138925,0.0931765,0.0931765,0.000190637,0.0931765,0.000190637,0.549734
0.287683,0.186139,1.14816,0.739584,0.044186,0.044186,0.277841,0.211275,0.211275,0.0460017,0.211275,0.0460017,0.863319
0.229544,0.0532046,0.737516,1.07145,0.0825494,0.0825494,0.399234,0.326546,0.326546,0.0812263,0.326546,0.0812263,1.03918
0.171405,0.37027,0.326876,0.530726,-0.066644,-0.066644,0.207821,0.176205,0.176205,-0.0690553,0.176205,-0.0690553,0.834755
0.113266,0.237336,1.48624,1.10398,-0.0121362,-0.0121362,0.376222,0.2841,0.2841,-0.0116412,0.2841,-0.0116412,0.880042
0.055127,0.104402,1.07559,1.27223,-0.0131341,-0.0131341,0.524307,0.361878,0.361878,-0.0135789,0.361878,-0.0135789,1.23533
0.446988,0.421467,0.664954,0.250426,0.00555046,0.00555046,0.0351137,0.0174543,0.0174543,0.00591349,0.0174543,0.00591349,0.236579
0.388849,0.288533,0.254314,0.580643,0.0214612,0.0214612,0.126342,0.0866076,0.0866076,0.0242127,0.0866076,0.0242127,0.415247
0.33071,0.155599,1.41367,0.612746,0.0336187,0.0336187,0.251691,0.201791,0.201791,0.0351059,0.201791,0.0351059,0.935482
0.272571,0.0226646,1.00303,0.941948,0.0920666,0.0920666,0.364773,0.328724,0.328724,0.0998191,0.328724,0.0998191,1.10085
0.214432,0.33973,0.592393,0.62566,-0.0642973,-0.0642973,0.214649,0.170816,0.170816,-0.0651923,0.170816,-0.0651923,0.716149
0.156293,0.206796,0.181752,0.935849,-0.0112881,-0.0112881,0.378447,0.276051,0.276051,-0.0114972,0.276051,-0.0114972,1.02276
0.0981543,0.0738617,1.34111,1.2303,0.00353833,0.00353833,0.521844,0.358,0.358,0.00392415,0.358,0.00392415,1.25563
0.0400153,0.390927,0.930471,0.875965,-0.169259,-0.169259,0.237802,0.28615,0.28615,-0.15534,0.28615,-0.15534,0.691667
0.431876,0.257993,0.519831,0.561476,0.0620989,0.0620989,0.129591,0.101694,0.101694,0.0676437,0.101694,0.0676437,0.395485
0.373737,0.125059,0.10919,0.974283,0.0372224,0.0372224,0.217365,0.188526,0.188526,0.0366738,0.188526,0.0366738,0.510116
0.315598,0.442125,1.26855,0.488902,-0.0220794,-0.0220794,0.0810112,0.0497726,0.0497726,-0.0312236,0.0497726,-0.0312236,0.283818
0.257459,0.30919,0.857909,0.669715,-0.02736,-0.02736,0.210617,0.153889,0.153889,-0.0271758,0.153889,-0.0271758,0.658379
0.199321,0.176256,0.447269,0.971701,0.00947155,0.00947155,0.370495,0.269196,0.269196,0.0100441,0.269196,0.0100441,0.953517
0.141182,0.0433217,0.0366283,1.27771,0.00190028,0.00190028,0.498146,0.354754,0.354754,0.000626486,0.354754,0.000626486,1.14972
0.0830426,0.360387,1.19599,0.989246,-0.111728,-0.111728,0.253,0.248539,0.248539,-0.0965105,0.248539,-0.0965105,0.626423
0.0249036,0.227453,0.785347,1.08742,-0.0806162,-0.0806162,0.411501,0.3406,0.3406,-0.0806162,0.3406,-0.0806162,1.08742
0.416765,0.0945188,0.374707,0.925396,0.126805,0.126805,0.192392,0.221161,0.221161,0.112573,0.221161,0.112573,0.470426
0.358626,0.411585,1.53407,0.426388,-0.00102185,-0.00102185,0.0759495,0.0440619,0.0440619,-0.00192811,0.0440619,-0.00192811,0.326209
0.300487,0.27865,1.12343,0.63037,0.00818207,0.00818207,0.199983,0.143585,0.143585,0.00833865,0.143585,0.00833865,0.656547
0.242348,0.145716,0.712786,0.946614,0.0530468,0.0530468,0.350489,0.266306,0.266306,0.0535596,0.266306,0.0535596,0.920745
0.184209,0.0127816,0.302145,1.2758,0.0283674,0.0283674,0.475593,0.357161,0.357161,0.0242522,0.357161,0.0242522,1.1135
0.12607,0.329847,1.4615,1.00357,-0.0292223,-0.0292223,0.265653,0.217986,0.217986,-0.0276907,0.217986,-0.0276907,0.624702
0.0679309,0.196913,1.05086,1.15529,-0.0527531,-0.0527531,0.4315,0.327105,0.327105,-0.051068,0.327105,-0.051068,1.04517
0.00979193,0.0639788,0.640224,1.33045,-0.00234783,-0.00234783,0.569984,0.382272,0.382272,-0.00239085,0.382272,-0.00239085,1.33646
0.401653,0.381044,0.229583,0.381636,0.00292909,0.00292909,0.0716055,0.0419221,0.0419221,0.00293955,0.0419221,0.00293955,0.339765
0.343514,0.24811,1.38894,0.535743,0.0190456,0.0190456,0.184715,0.134478,0.134478,0.0182313,0.134478,0.0182313,0.708266
0.285375,0.115176,0.978302,0.827684,0.0857872,0.0857872,0.318192,0.265648,0.265648,0.0898809,0.265648,0.0898809,0.949488
0.227236,0.432242,0.567662,0.428555,-0.0874474,-0.0874474,0.148882,0.128537,0.128537,-0.0825441,0.128537,-0.0825441,0.604846
0.169097,0.299307,0.157021,0.691509,-0.0232852,-0.0232852,0.277665,0.212943,0.212943,-0.0251538,0.212943,-0.0251538,0.924175
0.110958,0.166373,1.31638,1.1526,-0.0126544,-0.0126544,0.450069,0.32054,0.32054,-0.0110521,0.32054,-0.0110521,1.07417
0.0528192,0.0334387,0.90574,1.31701,0.00286579,0.00286579,0.561619,0.377786,0.377786,0.00286579,0.377786,0.00286579,1.31701
0.44468,0.350504,0.4951,0.388577,0.0220687,0.0220687,0.0700155,0.0406973,0.0406973,0.0269483,0.0406973,0.0269483,0.28968
0.386541,0.21757,0.0844595,0.758137,0.0152125,0.0152125,0.162734,0.120443,0.120443,0.0171668,0.120443,0.0171668,0.440513
0.328402,0.0846358,1.24382,0.679972,0.0780904,0.0780904,0.282959,0.259278,0.259278,0.0867735,0.259278,0.0867735,1.04223
0.270263,0.401702,0.833179,0.51991,-0.0582964,-0.0582964,0.142028,0.107455,0.107455,-0.0586109,0.107455,-0.0586109,0.496274
0.212124,0.268767,0.422538,0.756666,-0.0245213,-0.0245213,0.279224,0.208164,0.208164,-0.0255317,0.208164,-0.0255317,0.833759
0.153985,0.135833,0.0118976,1.10276,3.54133e-09,3.54133e-09,0.439889,0.312601,0.312601,-3.6349e-08,0.312601,-3.6349e-08,1.07472
0.0958465,0.00289868,1.17126,1.34307,-1.05044e-05,-1.05044e-05,0.575208,0.383791,0.383791,0.000138885,0.383791,0.000138885,1.34338
0.0377075,0.319964,0.760617,0.886528,-0.136181,-0.136181,0.299205,0.306958,0.306958,-0.136874,0.306958,-0.136874,0.914836
0.429569,0.18703,0.349976,0.751874,0.0788443,0.0788443,0.155336,0.140091,0.140091,0.0816897,0.140091,0.0816897,0.395843
0.37143,0.0540958,1.50934,0.538225,0.0226229,0.0226229,0.239162,0.23442,0.23442,0.0268144,0.23442,0.0268144,1.11636
0.313291,0.371162,1.0987,0.52409,-0.0204314,-0.0204314,0.126837,0.0863226,0.0863226,-0.0213468,0.0863226,-0.0213468,0.459397
0.255152,0.238227,0.688055,0.774671,0.0109636,0.0109636,0.267995,0.197101,0.197101,0.0114188,0.197101,0.0114188,0.770441
0.197013,0.105293,0.277414,1.13391,0.0265646,0.0265646,0.420182,0.308517,0.308517,0.0268274,0.308517,0.0268274,0.998678
0.138874,0.422359,1.43677,0.904337,-0.048024,-0.048024,0.159765,0.144181,0.144181,-0.0511829,0.144181,-0.0511829,0.379955
0.0807348,0.289424,1.02613,1.00445,-0.102969,-0.102969,0.32415,0.285129,0.285129,-0.0953852,0.285129,-0.0953852,0.831867
0.0225958,0.15649,0.615493,1.17653,-0.0399694,-0.0399694,0.486253,0.358987,0.358987,-0.0424703,0.358987,-0.0424703,1.22895
0.414457,0.0235558,0.204852,1.0926,0.10495,0.10495,0.182302,0.242283,0.242283,0.0824827,0.242283,0.0824827,0.446361
0.356318,0.340621,1.36421,0.458338,0.00279848,0.00279848,0.117623,0.0777048,0.0777048,0.00205724,0.0777048,0.00205724,0.487825
0.298179,0.207687,0.953572,0.726774,0.0472565,0.0472565,0.25681,0.19502,0.19502,0.0481749,0.19502,0.0481749,0.785865
0.24004,0.0747529,0.542931,1.07857,0.0788134,0.0788134,0.379694,0.306842,0.306842,0.0738004,0.306842,0.0738004,0.953081
0.181901,0.391819,0.132291,0.445048,-0.0320416,-0.0320416,0.175618,0.139228,0.139228,-0.0300074,0.139228,-0.0300074,0.830649
0.123762,0.258884,1.29165,1.03806,-0.0430723,-0.0430723,0.342086,0.265221,0.265221,-0.0404743,0.265221,-0.0404743,0.823179
0.0656231,0.12595,0.88101,1.22172,-0.0228867,-0.0228867,0.502471,0.352479,0.352479,-0.0235786,0.352479,-0.0235786,1.20279
0.00748414,0.443016,0.470369,1.25921,-0.00191636,-0.00191636,0.542942,0.374536,0.374536,-0.00626628,0.374536,-0.00626628,1.31291
0.399345,0.310081,0.0597287,0.538249,0.00432236,0.00432236,0.105656,0.0687241,0.0687241,0.00489483,0.0687241,0.00489483,0.371433
0.341206,0.177147,1.21909,0.599582,0.0606576,0.0606576,0.230904,0.187511,0.187511,0.0624866,0.187511,0.0624866,0.841675
0.283067,0.0442129,0.808448,0.951749,0.115721,0.115721,0.334637,0.312638,0.312638,0.118054,0.312638,0.118054,0.963552
0.224928,0.361279,0.397807,0.53693,-0.0524475,-0.0524475,0.188914,0.146437,0.146437,-0.0517702,0.146437,-0.0517702,0.719631
0.166789,0.228344,1.55717,0.979416,-0.00047598,-0.00047598,0.347629,0.256253,0.256253,-0.000900949,0.256253,-0.000900949,0.866676
0.10865,0.09541,1.14653,1.20295,0.00395523,0.00395523,0.505451,0.349492,0.349492,0.00383792,0.349492,0.00383792,1.21686
0.0505114,0.412476,0.735886,0.699855,-0.172837,-0.172837,0.224775,0.278267,0.278267,-0.177195,0.278267,-0.177195,0.77009
0.442372,0.279541,0.325245,0.560856,0.034681,0.034681,0.100367,0.068808,0.068808,0.0445621,0.068808,0.0445621,0.313068
0.384233,0.146607,1.4846,0.492442,0.0231425,0.0231425,0.204137,0.166876,0.166876,0.0249482,0.166876,0.0249482,0.919405
0.326095,0.0136728,1.07396,0.938887,0.0721576,0.0721576,0.381531,0.334512,0.334512,0.0841749,0.334512,0.0841749,1.15299
0.267956,0.330739,0.663324,0.596201,-0.0320361,-0.0320361,0.184553,0.134537,0.134537,-0.0315935,0.134537,-0.0315935,0.625639
0.209817,0.197804,0.252684,0.916756,0.00305798,0.00305798,0.342304,0.249846,0.249846,0.00290585,0.249846,0.00290585,0.904102
0.151678,0.0648699,1.41204,1.11532,0.0112915,0.0112915,0.480845,0.343952,0.343952,0.0113591,0.343952,0.0113591,1.24468
0.0935387,0.381936,1.0014,0.866418,-0.142107,-0.142107,0.235269,0.24751,0.24751,-0.130778,0.24751,-0.130778,0.630525
0.0353997,0.249001,0.590762,0.97293,-0.0853093,-0.0853093,0.381288,0.326924,0.326924,-0.0915479,0.326924,-0.0915479,1.09947
0.427261,0.116067,0.180122,0.937567,0.0708197,0.0708197,0.163686,0.166543,0.166543,0.0694556,0.166543,0.0694556,0.381629
0.369122,0.433133,1.33948,0.386374,-0.0079152,-0.0079152,0.0600038,0.033169,0.033169,-0.0104339,0.033169,-0.0104339,0.273383
0.310983,0.300198,0.928841,0.592891,0.00492676,0.00492676,0.176863,0.124252,0.124252,0.00534204,0.124252,0.00534204,0.605332
0.252844,0.167264,0.5182,0.92605,0.044762,0.044762,0.324328,0.245569,0.245569,0.043965,0.245569,0.043965,0.841398
0.194705,0.0343299,0.10756,1.2582,0.0134163,0.0134163,0.44813,0.340347,0.340347,0.0108423,0.340347,0.0108423,1.03202
0.136566,0.351396,1.26692,0.924199,-0.0751393,-0.0751393,0.23814,0.207483,0.207483,-0.069318,0.207483,-0.069318,0.584451
0.078427,0.218461,0.856279,1.06587,-0.069392,-0.069392,0.405277,0.315799,0.315799,-0.0675385,0.315799,-0.0675385,1.03311
0.020288,0.085527,0.445638,1.27517,-0.0112953,-0.0112953,0.543847,0.373925,0.373925,-0.0124382,0.373925,-0.0124382,1.30941
0.412149,0.402593,0.034998,0.323722,-2.81812e-09,-2.81812e-09,0.056416,0.0309787,0.0309787,-9.21999e-08,0.0309787,-9.21999e-08,0.309827
0.35401,0.269658,1.19436,0.518085,0.0302936,0.0302936,0.165832,0.119696,0.119696,0.0288042,0.119696,0.0288042,0.635882
0.295871,0.136724,0.783717,0.843188,0.0886832,0.0886832,0.299674,0.249039,0.249039,0.0886832,0.249039,0.0886832,0.843188
0.237732,0.00378987,0.373077,1.33931,0.000426424,0.000426424,0.572654,0.382507,0.382507,-3.29352e-05,0.382507,-3.29352e-05,1.33843
0.179593,0.320856,1.53244,0.891161,-0.00527835,-0.00527835,0.249223,0.191126,0.191126,-0.00488421,0.191126,-0.00488421,0.624803
0.121454,0.187921,1.1218,1.091,-0.0296116,-0.0296116,0.420379,0.305725,0.305725,-0.0287548,0.305725,-0.0287548,1.0261
0.0633153,0.054987,0.711155,1.29447,0.00254239,0.00254239,0.550857,0.372831,0.372831,0.00254239,0.372831,0.00254239,1.29447
0.00517635,0.372053,0.300515,1.30165,0.00114448,0.00114448,0.557656,0.377262,0.377262,-0.00143232,0.377262,-0.00143232,1.32804
0.397037,0.239118,1.45987,0.412136,0.0201824,0.0201824,0.14459,0.101757,0.101757,0.0165914,0.101757,0.0165914,0.706329
0.338898,0.106184,1.04923,0.696887,0.105091,0.105091,0.268289,0.249626,0.249626,0.1139,0.249626,0.1139,0.923958
0.280759,0.42325,0.638593,0.423001,-0.0583896,-0.0583896,0.12366,0.0922333,0.0922333,-0.055439,0.0922333,-0.055439,0.495876
0.222621,0.290316,0.227953,0.688719,-0.0161593,-0.0161593,0.251041,0.184577,0.184577,-0.0171017,0.184577,-0.0171017,0.806249
0.164482,0.157381,1.38731,1.03894,0.000506446,0.000506446,0.415833,0.297961,0.297961,0.000873486,0.297961,0.000873486,1.04926
0.106343,0.024447,0.976672,1.25151,0.0213302,0.0213302,0.52856,0.370043,0.370043,0.0205018,0.370043,0.0205018,1.28475
0.0482036,0.341513,0.566031,0.7298,-0.132192,-0.132192,0.26758,0.289286,0.289286,-0.143717,0.289286,-0.143717,0.963222
0.440065,0.208578,0.155391,0.736284,0.0345198,0.0345198,0.118782,0.0920245,0.0920245,0.0455269,0.0920245,0.0455269,0.313137
0.381926,0.0756441,1.31475,0.514528,0.0837702,0.0837702,0.217023,0.230893,0.230893,0.0973812,0.230893,0.0973812,1.02289
0.323787,0.39271,0.90411,0.462284,-0.0263467,-0.0263467,0.108987,0.0722777,0.0722777,-0.0284149,0.0722777,-0.0284149,0.428443
0.265648,0.259776,0.49347,0.726048,0.00277587,0.00277587,0.242695,0.177671,0.177671,0.00281782,0.177671,0.00281782,0.722773
0.207509,0.126841,0.0828291,1.0933,0.00953929,0.00953929,0.398748,0.291794,0.291794,0.00922116,0.291794,0.00922116,0.951848
0.14937,0.443907,1.24219,0.819589,-0.0963787,-0.0963787,0.153432,0.159624,0.159624,-0.0947487,0.159624,-0.0947487,0.367769
0.0912309,0.310973,0.831548,0.885387,-0.120129,-0.120129,0.29806,0.27409,0.27409,-0.117366,0.27409,-0.117366,0.848545
0.0330919,0.178038,0.420908,1.1064,-0.0378463,-0.0378463,0.466604,0.348934,0.348934,-0.0408379,0.348934,-0.0408379,1.23422
0.424953,0.0451041,0.0102672,1.10348,0.00793036,0.00793036,0.186512,0.1977,0.1977,0.00819612,0.1977,0.00819612,0.419342
0.366814,0.36217,1.16963,0.434462,0.0014213,0.0014213,0.101093,0.0632948,0.0632948,0.000965472,0.0632948,0.000965472,0.436024
0.308675,0.229235,0.758986,0.70908,0.0439783,0.0439783,0.231768,0.175076,0.175076,0.0441937,0.175076,0.0441937,0.699285
0.250536,0.0963012,0.348346,1.08892,0.054504,0.054504,0.367851,0.288998,0.288998,0.0487477,0.288998,0.0487477,0.877342
0.192397,0.413367,1.50771,0.805158,-0.0155375,-0.0155375,0.152245,0.114311,0.114311,-0.0185677,0.114311,-0.0185677,0.395078
0.134258,0.280433,1.09706,0.962576,-0.0705863,-0.0705863,0.317756,0.254438,0.254438,-0.0675396,0.254438,-0.0675396,0.807363
0.0761192,0.147498,0.686424,1.15997,-0.0318256,-0.0318256,0.479466,0.342548,0.342548,-0.0314959,0.342548,-0.0314959,1.18307
0.0179802,0.014564,0.275784,1.34204,2.51499e-10,2.51499e-10,0.574485,0.383542,0.383542,3.73403e-10,0.383542,3.73403e-10,1.34204
0.409841,0.33163,1.43514,0.34107,0.00925043,0.00925043,0.0898355,0.054743,0.054743,0.0071051,0.054743,0.0071051,0.487804
0.351702,0.198695,1.0245,0.611198,0.0737453,0.0737453,0.214936,0.175336,0.175336,0.0750525,0.175336,0.0750525,0.741436
0.293563,0.0657611,0.613863,0.994013,0.115013,0.115013,0.317894,0.294386,0.294386,0.110822,0.294386,0.110822,0.846084
0.235424,0.382827,0.203222,0.452202,-0.0321139,-0.0321139,0.159513,0.11724,0.11724,-0.0297556,0.11724,-0.0297556,0.708963
0.177285,0.249893,1.36258,0.934664,-0.016596,-0.016596,0.319282,0.237926,0.237926,-0.015413,0.237926,-0.015413,0.808755
0.119146,0.116958,0.951941,1.16478,5.00965e-09,5.00965e-09,0.482372,0.337254,0.337254,1.69321e-08,0.337254,1.69321e-08,1.16478
0.0610075,0.434024,0.541301,0.526966,-0.152083,-0.152083,0.197455,0.255754,0.255754,-0.173591,0.255754,-0.173591,0.860683
0.00286855,0.30109,0.13066,1.3276,9.38466e-05,9.38466e-05,0.568703,0.381388,0.381388,-5.00742e-05,0.381388,-5.00742e-05,1.3386
0.39473,0.168155,1.29002,0.470392,0.0695511,0.0695511,0.18548,0.1615,0.1615,0.0687956,0.1615,0.0687956,0.839408
0.336591,0.0352211,0.879379,0.810443,0.143517,0.143517,0.276122,0.301349,0.301349,0.150244,0.301349,0.150244,0.913262
0.278452,0.352287,0.468739,0.522516,-0.030493,-0.030493,0.161023,0.116,0.116,-0.0295924,0.116,-0.0295924,0.606969
0.220313,0.219353,0.0580984,0.862204,0.000456425,0.000456425,0.316716,0.232819,0.232819,0.00116431,0.232819,0.00116431,0.860494
0.162174,0.0864182,1.21746,1.09463,0.021671,0.021671,0.463751,0.332278,0.332278,0.0219631,0.332278,0.0219631,1.19062
0.104035,0.403484,0.806817,0.724412,-0.14937,-0.14937,0.226574,0.241376,0.241376,-0.148619,0.241376,-0.148619,0.692576
0.0458958,0.27055,0.396177,0.852863,-0.07352,-0.07352,0.35216,0.308639,0.308639,-0.0827272,0.308639,-0.0827272,1.12744
0.437757,0.137615,1.55554,0.34742,0.00954695,0.00954695,0.145264,0.121329,0.121329,0.0077727,0.121329,0.0077727,0.90475
0.379618,0.00468106,1.1449,1.32024,-0.000191154,-0.000191154,0.564838,0.379527,0.379527,0.00165152,0.379527,0.00165152,1.33069
0.321479,0.321747,0.734256,0.546612,-9.51196e-10,-9.51196e-10,0.151478,0.104468,0.104468,-1.58603e-07,0.104468,-1.58603e-07,0.546612
0.26334,0.188812,0.323615,0.88875,0.0280003,0.0280003,0.299065,0.223348,0.223348,0.0264633,0.223348,0.0264633,0.782211
0.205201,0.0558782,1.48297,0.988245,0.0114991,0.0114991,0.430853,0.326245,0.326245,0.0131129,0.326245,0.0131129,1.22208
0.147062,0.372944,1.07233,0.826177,-0.105679,-0.105679,0.224758,0.206858,0.206858,-0.10062,0.206858,-0.10062,0.59563
0.0889231,0.24001,0.661694,0.960632,-0.0765272,-0.0765272,0.37653,0.301501,0.301501,-0.0766426,0.301501,-0.0766426,1.03948
0.0307841,0.107075,0.251053,1.22611,-0.0103876,-0.0103876,0.527635,0.367973,0.367973,-0.0109614,0.367973,-0.0109614,1.30112
0.422645,0.424141,1.41041,0.277526,-0.000410173,-0.000410173,0.0429054,0.0221333,0.0221333,-0.000160945,0.0221333,-0.000160945,0.272805
0.364506,0.291207,0.999772,0.503394,0.0317532,0.0317532,0.146332,0.103172,0.103172,0.0315336,0.103172,0.0315336,0.559963
0.306367,0.158272,0.589132,0.852355,0.0811448,0.0811448,0.276303,0.225825,0.225825,0.0786568,0.225825,0.0786568,0.748856
0.248228,0.0253382,0.178491,1.23121,0.0344865,0.0344865,0.395061,0.327014,0.327014,0.0302168,0.327014,0.0302168,0.915227
0.190089,0.342404,1.33785,0.834723,-0.0410084,-0.0410084,0.223506,0.175564,0.175564,-0.0406448,0.175564,-0.0406448,0.578709
0.13195,0.20947,0.92721,1.03358,-0.0398488,-0.0398488,0.391351,0.289626,0.289626,-0.0397658,0.289626,-0.0397658,0.98119
0.0738114,0.0765353,0.51657,1.26476,-0.000283968,-0.000283968,0.53614,0.365463,0.365463,-0.00103926,0.365463,-0.00103926,1.26747
0.0156724,0.393601,0.10593,0.498967,-0.0406452,-0.0406452,0.213903,0.245304,0.245304,-0.054298,0.245304,-0.054298,1.15296
0.407533,0.260667,1.26529,0.400152,0.043892,0.043892,0.132064,0.0960196,0.0960196,0.0377322,0.0960196,0.0377322,0.623202
0.349395,0.127732,0.854649,0.728789,0.119968,0.119968,0.253099,0.236421,0.236421,0.120964,0.236421,0.120964,0.789699
0.291256,0.444798,0.444008,0.319767,-0.0503767,-0.0503767,0.0996834,0.0691337,0.0691337,-0.0408158,0.0691337,-0.0408158,0.506549
0.233117,0.311864,0.0333676,0.619267,-0.00351139,-0.00351139,0.22249,0.163455,0.163455,-0.003372,0.163455,-0.003372,0.767472
0.174978,0.17893,1.19273,1.00031,-0.00288832,-0.00288832,0.390199,0.281355,0.281355,-0.00375823,0.281355,-0.00375823,0.997525
0.116839,0.0459952,0.782087,1.23974,0.0238332,0.0238332,0.516085,0.361292,0.361292,0.023483,0.361292,0.023483,1.2392
0.0586997,0.363061,0.371446,0.601773,-0.105137,-0.105137,0.240916,0.261225,0.261225,-0.122204,0.261225,-0.122204,1.02179
0.000560757,0.230127,1.53081,1.34473,-4.95663e-08,-4.95663e-08,0.576088,0.384205,0.384205,8.53927e-09,0.384205,8.53927e-09,1.34473
0.392422,0.0971924,1.12017,0.548382,0.116993,0.116993,0.216827,0.232737,0.232737,0.130311,0.232737,0.130311,0.908984
0.334283,0.414258,0.709525,0.396061,-0.0283932,-0.0283932,0.0939718,0.0603062,0.0603062,-0.0284424,0.0603062,-0.0284424,0.41278
0.276144,0.281324,0.298884,0.670672,-0.00106022,-0.00106022,0.215215,0.155511,0.155511,-0.0014251,0.155511,-0.0014251,0.675956
0.218005,0.148389,1.45824,0.907477,0.00894111,0.00894111,0.372102,0.273511,0.273511,0.00913964,0.273511,0.00913964,1.03266
0.159866,0.0154552,1.0476,1.2159,0.0257152,0.0257152,0.51349,0.367436,0.367436,0.0269777,0.367436,0.0269777,1.27669
0.101727,0.332521,0.636963,0.753316,-0.117487,-0.117487,0.275313,0.258409,0.258409,-0.123192,0.258409,-0.123192,0.879979
0.043588,0.199587,0.226323,1.02048,-0.0278213,-0.0278213,0.438285,0.333476,0.333476,-0.0316617,0.333476,-0.0316617,1.22921
0.435449,0.0666523,1.38568,0.391639,0.0780834,0.0780834,0.168125,0.201936,0.201936,0.0904577,0.201936,0.0904577,1.02466
0.37731,0.383718,0.975042,0.391643,-0.00210549,-0.00210549,0.0833254,0.0495195,0.0495195,-0.00234647,0.0495195,-0.00234647,0.391128
0.319171,0.250784,0.564401,0.688153,0.0327969,0.0327969,0.206925,0.151439,0.151439,0.0330792,0.151439,0.0330792,0.630094
0.261032,0.117849,0.153761,1.06273,0.0271868,0.0271868,0.342008,0.265833,0.265833,0.0249372,0.265833,0.0249372,0.803532
0.202893,0.434915,1.31312,0.741948,-0.0543394,-0.0543394,0.134975,0.111684,0.111684,-0.0636149,0.111684,-0.0636149,0.351089
0.144754,0.301981,0.90248,0.858601,-0.0883461,-0.0883461,0.289094,0.239457,0.239457,-0.085895,0.239457,-0.085895,0.79422
0.0866153,0.169047,0.491839,1.09237,-0.0315044,-0.0315044,0.457222,0.330905,0.330905,-0.0323508,0.330905,-0.0323508,1.16742
0.0284763,0.0361123,0.0811988,1.33275,2.85942e-10,2.85942e-10,0.570186,0.381574,0.381574,9.56978e-10,0.381574,9.56978e-10,1.33275
0.420337,0.353178,1.24056,0.32438,0.0153366,0.0153366,0.0769975,0.0449824,0.0449824,0.0124038,0.0449824,0.0124038,0.422123
0.362198,0.220244,0.829918,0.61577,0.0753548,0.0753548,0.196803,0.160236,0.160236,0.0755482,0.160236,0.0755482,0.640906
0.304059,0.0873094,0.419277,1.03134,0.0910136,0.0910136,0.308748,0.272005,0.272005,0.0829923,0.272005,0.0829923,0.758717
0.24592,0.404375,0.00863691,0.381737,-0.00132779,-0.00132779,0.130996,0.0905476,0.0905476,-0.00138284,0.0905476,-0.00138284,0.681583
0.187782,0.271441,1.168,0.876503,-0.0356737,-0.0356737,0.29142,0.219952,0.219952,-0.0352422,0.219952,-0.0352422,0.765847
0.129643,0.138507,0.757356,1.1176,-0.00482425,-0.00482425,0.456905,0.323125,0.323125,-0.00482426,0.323125,-0.00482426,1.1176
0.0715036,0.00557226,0.346716,1.34323,0.000258771,0.000258771,0.574052,0.383615,0.383615,0.000163349,0.383615,0.000163349,1.33951
0.0133647,0.322638,1.50608,1.20858,-0.0265482,-0.0265482,0.305103,0.291272,0.291272,-0.0212319,0.291272,-0.0212319,0.706763
0.405226,0.189704,1.09543,0.476477,0.0915652,0.0915652,0.177582,0.159771,0.159771,0.0903884,0.159771,0.0903884,0.727829
0.347087,0.0567694,0.684794,0.900582,0.14405,0.14405,0.277481,0.288554,0.288554,0.137339,0.288554,0.137339,0.791867
0.288948,0.373835,0.274154,0.451508,-0.0222157,-0.0222157,0.13719,0.0950652,0.0950652,-0.0196413,0.0950652,-0.0196413,0.588395
0.230809,0.240901,1.43351,0.815603,-3.2652e-09,-3.2652e-09,0.286928,0.209873,0.209873,-1.10122e-09,0.209873,-1.10122e-09,0.803115
0.17267,0.107967,1.02287,1.07312,0.0288624,0.0288624,0.441562,0.317942,0.317942,0.0278863,0.317942,0.0278863,1.12636
0.114531,0.425032,0.612232,0.552866,-0.139901,-0.139901,0.205133,0.224052,0.224052,-0.149204,0.224052,-0.149204,0.762797
0.0563919,0.292098,0.201592,0.763215,-0.0472446,-0.0472446,0.327698,0.284877,0.284877,-0.0554309,0.284877,-0.0554309,1.14514
0.448253,0.159164,1.36095,0.325051,0.068662,0.068662,0.135563,0.127381,0.127381,0.0631742,0.127381,0.0631742,0.830513
0.390114,0.0262293,0.950311,0.695187,0.151818,0.151818,0.242015,0.295523,0.295523,0.167068,0.295523,0.167068,0.912792
0.331975,0.343295,0.53967,0.497575,-0.00412032,-0.00412032,0.132317,0.0883239,0.0883239,-0.0049816,0.0883239,-0.0049816,0.51496
0.273836,0.210361,0.12903,0.84414,0.00851253,0.00851253,0.274851,0.202819,0.202819,0.00749842,0.202819,0.00749842,0.735535
0.215697,0.0774265,1.28839,0.966737,0.0340908,0.0340908,0.412255,0.313182,0.313182,0.0378314,0.313182,0.0378314,1.16548
0.157558,0.394492,0.877749,0.701461,-0.120271,-0.120271,0.211678,0.200486,0.200486,-0.117022,0.200486,-0.117022,0.621693
0.0994192,0.261558,0.467109,0.869121,-0.0673482,-0.0673482,0.352372,0.28369,0.28369,-0.0718999,0.28369,-0.0718999,1.04735
0.0412802,0.128624,0.056468,1.18566,-0.000546388,-0.000546388,0.512704,0.360105,0.360105,-0.00176724,0.360105,-0.00176724,1.28728
0.433141,0.445689,1.21583,0.238306,-0.00165837,-0.00165837,0.0307982,0.0142504,0.0142504,-0.00175331,0.0142504,-0.00175331,0.223627
0.375002,0.312755,0.805187,0.486173,0.0264318,0.0264318,0.126544,0.0859938,0.0859938,0.0272277,0.0859938,0.0272277,0.487938
0.316863,0.179821,0.394547,0.852454,0.0581876,0.0581876,0.254637,0.200745,0.200745,0.0564967,0.200745,0.0564967,0.670871
0.258724,0.0468864,1.55391,0.829885,0.00532933,0.00532933,0.365651,0.304012,0.304012,0.00434188,0.304012,0.00434188,1.20257
0.200585,0.363952,1.14327,0.758586,-0.067538,-0.067538,0.200574,0.163986,0.163986,-0.0680596,0.163986,-0.0680596,0.548353
0.142446,0.231018,0.732625,0.94628,-0.0505166,-0.0505166,0.363342,0.275422,0.275422,-0.0507325,0.275422,-0.0507325,0.960522
0.0843075,0.0980836,0.321985,1.22965,-0.00358052,-0.00358052,0.519783,0.35671,0.35671,-0.0034439,0.35671,-0.0034439,1.2483
0.0261685,0.415149,1.48134,1.13202,-0.0517976,-0.0517976,0.1972,0.22774,0.22774,-0.0428236,0.22774,-0.0428236,0.456155
0.41803,0.282215,1.0707,0.394676,0.0516039,0.0516039,0.120861,0.0879114,0.0879114,0.046006,0.0879114,0.046006,0.541275
0.359891,0.149281,0.660063,0.773091,0.112047,0.112047,0.236663,0.215541,0.215541,0.110025,0.215541,0.110025,0.672504
0.301752,0.0163464,0.249423,1.18063,0.0715802,0.0715802,0.32878,0.307878,0.307878,0.0581603,0.307878,0.0581603,0.784883
0.243613,0.333412,1.40878,0.723055,-0.0158013,-0.0158013,0.196246,0.142481,0.142481,-0.0161618,0.142481,-0.0161618,0.564996
0.185474,0.200478,0.998142,0.949915,-0.00948786,-0.00948786,0.360225,0.262603,0.262603,-0.00986261,0.262603,-0.00986261,0.935842
0.127335,0.0675435,0.587502,1.22634,0.0207206,0.0207206,0.502899,0.351812,0.351812,0.0207368,0.351812,0.0207368,1.19852
0.0691958,0.384609,0.176861,0.519407,-0.0613036,-0.0613036,0.223639,0.226315,0.226315,-0.072901,0.226315,-0.072901,1.06143
0.0110569,0.251675,1.33622,1.25942,-0.0322553,-0.0322553,0.438482,0.344901,0.344901,-0.0248523,0.344901,-0.0248523,1.02459
0.402918,0.118741,0.92558,0.609853,0.136696,0.136696,0.217201,0.227289,0.227289,0.143201,0.227289,0.143201,0.762664
0.344779,0.435806,0.51494,0.311858,-0.0287142,-0.0287142,0.0768946,0.0469144,0.0469144,-0.0245326,0.0469144,-0.0245326,0.402598
0.28664,0.302872,0.104299,0.617754,-0.00180282,-0.00180282,0.193528,0.137023,0.137023,-0.00181602,0.137023,-0.00181602,0.646938
0.228501,0.169938,1.26366,0.878593,0.0198557,0.0198557,0.347292,0.255871,0.255871,0.0199213,0.255871,0.0199213,0.969191
0.170362,0.0370035,0.853018,1.17015,0.0459073,0.0459073,0.476174,0.352559,0.352559,0.0461983,0.352559,0.0461983,1.19373
0.112223,0.354069,0.442378,0.620947,-0.100579,-0.100579,0.245816,0.233899,0.233899,-0.110317,0.233899,-0.110317,0.921648
0.0540841,0.221135,0.0317373,0.94699,-0.0012106,-0.0012106,0.413579,0.320459,0.320459,-0.00277814,0.320459,-0.00277814,1.22367
0.445945,0.0882006,1.1911,0.40044,0.120504,0.120504,0.167059,0.214436,0.214436,0.138787,0.214436,0.138787,0.905006
0.387806,0.405266,0.780456,0.347639,-0.00483477,-0.00483477,0.0673195,0.0377198,0.0377198,-0.00483483,0.0377198,-0.00483483,0.347639
0.329667,0.272332,0.369816,0.646493,0.0199765,0.0199765,0.18041,0.129419,0.129419,0.0198529,0.129419,0.0198529,0.56627
0.271528,0.139398,1.52918,0.776241,0.00661468,0.00661468,0.323928,0.246483,0.246483,0.00707007,0.246483,0.00707007,1.01783
0.213389,0.00646345,1.11853,1.30625,0.000825603,0.000825603,0.560851,0.379697,0.379697,0.00267334,0.379697,0.00267334,1.33051
0.15525,0.323529,0.707894,0.749313,-0.092526,-0.092526,0.264593,0.223505,0.223505,-0.0926415,0.223505,-0.0926415,0.806885
0.0971114,0.190595,0.297254,1.01245,-0.0243012,-0.0243012,0.429549,0.315171,0.315171,-0.0264127,0.315171,-0.0264127,1.149
0.0389724,0.0576606,1.45661,1.31705,-0.000380745,-0.000380745,0.557212,0.376057,0.376057,-2.10399e-05,0.376057,-2.10399e-05,1.29963
0.430833,0.374726,1.04597,0.297267,0.0155684,0.0155684,0.0618036,0.0351616,0.0351616,0.0132997,0.0351616,0.0132997,0.353589
0.372695,0.241792,0.635333,0.620212,0.0625058,0.0625058,0.174491,0.136178,0.136178,0.0632123,0.136178,0.0632123,0.550087
0.314556,0.108858,0.224692,1.03267,0.0557662,0.0557662,0.288608,0.243844,0.243844,0.0498041,0.243844,0.0498041,0.678834
0.256417,0.425923,1.38405,0.636921,-0.026098,-0.026098,0.113527,0.0795008,0.0795008,-0.0340488,0.0795008,-0.0340488,0.337634
0.198278,0.292989,0.973411,0.801603,-0.0515529,-0.0515529,0.263239,0.201963,0.201963,-0.0517393,0.201963,-0.0517393,0.734439
0.140139,0.160055,0.562771,1.06373,-0.0102241,-0.0102241,0.432615,0.30863,0.30863,-0.010061,0.30863,-0.010061,1.08818
0.0819997,0.0271205,0.15213,1.321,0.00325628,0.00325628,0.551337,0.37509,0.37509,0.00275671,0.37509,0.00275671,1.28225
0.0238608,0.344186,1.31149,1.13016,-0.0935077,-0.0935077,0.270732,0.283948,0.283948,-0.0749681,0.283948,-0.0749681,0.654797
0.415722,0.211252,0.900849,0.520137,0.0939469,0.0939469,0.170594,0.14907,0.14907,0.0937095,0.14907,0.0937095,0.604918
0.357583,0.0783177,0.490209,0.949501,0.13142,0.13142,0.257576,0.261578,0.261578,0.115508,0.261578,0.115508,0.667027
0.299444,0.395383,0.0795684,0.388035,-0.00756696,-0.00756696,0.114754,0.0741814,0.0741814,-0.00598988,0.0741814,-0.00598988,0.56776
0.241305,0.262449,1.23893,0.770259,-0.00755967,-0.00755967,0.258581,0.189785,0.189785,-0.00720478,0.189785,-0.00720478,0.740573
0.183166,0.129515,0.828287,1.05045,0.0280476,0.0280476,0.41911,0.303625,0.303625,0.0284073,0.303625,0.0284073,1.05755
0.125027,0.44658,0.417647,0.415705,-0.115647,-0.115647,0.171863,0.193956,0.193956,-0.126959,0.193956,-0.126959,0.829805
0.066888,0.313646,0.00700656,0.690815,-0.000351759,-0.000351759,0.305036,0.262883,0.262883,-0.00132167,0.262883,-0.00132167,1.13934
0.00874906,0.180712,1.16637,1.32099,-0.00687178,-0.00687178,0.547222,0.376282,0.376282,-0.00387157,0.376282,-0.00387157,1.27096
0.40061,0.0477776,0.755726,0.768787,0.173376,0.173376,0.231658,0.28065,0.28065,0.170553,0.28065,0.170553,0.730871
0.342471,0.364843,0.345085,0.447508,-0.00571045,-0.00571045,0.113091,0.0730837,0.0730837,-0.00537412,0.0730837,-0.00537412,0.47908
0.284332,0.231909,1.50444,0.689994,0.00270881,0.00270881,0.248194,0.182061,0.182061,0.00318731,0.182061,0.00318731,0.787997
0.226193,0.0989748,1.0938,0.956367,0.0530017,0.0530017,0.391705,0.300442,0.300442,0.0565286,0.300442,0.0565286,1.08007
0.168054,0.41604,0.683164,0.55941,-0.118369,-0.118369,0.193064,0.185866,0.185866,-0.120212,0.185866,-0.120212,0.661121
0.109915,0.283106,0.272523,0.767451,-0.0483208,-0.0483208,0.323999,0.262875,0.262875,-0.0524719,0.262875,-0.0524719,1.05198
0.0517763,0.150172,1.43188,1.26169,-0.0122674,-0.0122674,0.490538,0.349712,0.349712,-0.0127635,0.349712,-0.0127635,1.14036
0.443637,0.0172376,1.02124,0.622068,0.1448,0.1448,0.226079,0.29273,0.29273,0.171367,0.29273,0.171367,0.939074
0.385498,0.334303,0.610602,0.459739,0.0186008,0.0186008,0.105917,0.068878,0.068878,0.0192927,0.068878,0.0192927,0.424455
0.327359,0.201369,0.199961,0.826334,0.0289739,0.0289739,0.228414,0.173462,0.173462,0.02792,0.173462,0.02792,0.601322
0.26922,0.0684347,1.35932,0.814601,0.0393378,0.0393378,0.35265,0.290861,0.290861,0.0468499,0.290861,0.0468499,1.14112
0.211082,0.3855,0.94868,0.662256,-0.0836213,-0.0836213,0.185439,0.156538,0.156538,-0.0847129,0.156538,-0.0847129,0.549378
0.152943,0.252566,0.53804,0.852755,-0.0510107,-0.0510107,0.331549,0.25419,0.25419,-0.0528238,0.25419,-0.0528238,0.943001
0.0948036,0.119632,0.1274,1.17582,-0.000425824,-0.000425824,0.497312,0.34585,0.34585,-0.00129642,0.34585,-0.00129642,1.21288
0.0366646,0.436698,1.28676,1.03077,-0.130812,-0.130812,0.163468,0.239365,0.239365,-0.10324,0.239365,-0.10324,0.401617
0.428526,0.303763,0.876119,0.407747,0.0467552,0.0467552,0.108703,0.0759175,0.0759175,0.0464019,0.0759175,0.0464019,0.444142
0.370387,0.170829,0.465478,0.802849,0.0899532,0.0899532,0.211085,0.185671,0.185671,0.0879988,0.185671,0.0879988,0.560601
0.312248,0.0378947,0.0548377,1.18003,0.0219143,0.0219143,0.309179,0.282106,0.282106,0.0199649,0.282106,0.0199649,0.702978
0.254109,0.35496,1.2142,0.670136,-0.0346723,-0.0346723,0.174826,0.12856,0.12856,-0.0358401,0.12856,-0.0358401,0.524978
0.19597,0.222026,0.803557,0.899863,-0.0167128,-0.0167128,0.335194,0.245116,0.245116,-0.0167128,0.245116,-0.0167128,0.899863
0.137831,0.0890918,0.392916,1.2056,0.0135129,0.0135129,0.488646,0.342117,0.342117,0.0133376,0.342117,0.0133376,1.15997
0.0796919,0.406158,1.55228,1.05129,-0.00740934,-0.00740934,0.19785,0.188175,0.188175,-0.0036335,0.188175,-0.0036335,0.446869
0.021553,0.273223,1.14164,1.15219,-0.0857875,-0.0857875,0.367915,0.326263,0.326263,-0.0750145,0.326263,-0.0750145,0.906196
0.413414,0.140289,0.730995,0.676899,0.135695,0.135695,0.208078,0.211311,0.211311,0.134447,0.211311,0.134447,0.616257
0.355275,0.00735464,0.320354,1.31416,0.0040817,0.0040817,0.530534,0.37189,0.37189,-0.00204962,0.37189,-0.00204962,1.22746
0.297136,0.32442,1.47971,0.606619,-0.00291498,-0.00291498,0.168149,0.118427,0.118427,-0.00358852,0.118427,-0.00358852,0.554982
0.238997,0.191486,1.06907,0.844429,0.0243215,0.0243215,0.319797,0.237088,0.237088,0.0256687,0.237088,0.0256687,0.895722
0.180858,0.0585518,0.658433,1.15039,0.0539152,0.0539152,0.450267,0.337518,0.337518,0.0520272,0.337518,0.0520272,1.11765
0.122719,0.375617,0.247793,0.53755,-0.0682084,-0.0682084,0.223773,0.202939,0.202939,-0.0746563,0.202939,-0.0746563,0.948571
0.0645802,0.242683,1.40715,1.17422,-0.0327473,-0.0327473,0.385744,0.30439,0.30439,-0.029517,0.30439,-0.029517,0.891785
0.00644127,0.109749,0.996512,1.33879,-0.00118623,-0.00118623,0.571337,0.382614,0.382614,-0.000783237,0.382614,-0.000783237,1.33368
0.398302,0.426815,0.585871,0.289326,-0.00783247,-0.00783247,0.0520433,0.02832,0.02832,-0.0069665,0.02832,-0.0069665,0.312973
0.340163,0.29388,0.175231,0.601806,0.0078322,0.0078322,0.157633,0.10997,0.10997,0.0081475,0.10997,0.0081475,0.520509
0.282024,0.160946,1.33459,0.73976,0.0314281,0.0314281,0.298191,0.229323,0.229323,0.0341273,0.229323,0.0341273,0.946055
0.223885,0.0280117,0.92395,1.05372,0.07723,0.07723,0.40992,0.338931,0.338931,0.081042,0.338931,0.081042,1.12204
0.165746,0.345077,0.513309,0.636287,-0.0847998,-0.0847998,0.237087,0.202869,0.202869,-0.0877441,0.202869,-0.0877441,0.819569
0.107608,0.212143,0.102669,0.949702,-0.0114228,-0.0114228,0.402651,0.29679,0.29679,-0.0123778,0.29679,-0.0123778,1.12482
0.0494685,0.0792089,1.26203,1.30207,-0.00370823,-0.00370823,0.544874,0.370259,0.370259,-0.00409556,0.370259,-0.00409556,1.27405
0.44133,0.396275,0.851388,0.279682,0.0121804,0.0121804,0.0493093,0.0261736,0.0261736,0.0120023,0.0261736,0.0120023,0.288583
0.383191,0.26334,0.440747,0.62088,0.0420474,0.0420474,0.150857,0.110331,0.110331,0.0455868,0.110331,0.0455868,0.470803
0.325052,0.130406,0.030107,1.00599,0.00648971,0.00648971,0.271481,0.220164,0.220164,0.00647459,0.220164,0.00647459,0.634335
0.266913,0.447472,1.18947,0.569343,-0.0461882,-0.0461882,0.107776,0.0789004,0.0789004,-0.0568159,0.0789004,-0.0568159,0.320079
0.208774,0.314537,0.778826,0.718606,-0.0612088,-0.0612088,0.239272,0.187103,0.187103,-0.0605973,0.187103,-0.0605973,0.720714
0.150635,0.181603,0.368186,1.01126,-0.00904051,-0.00904051,0.406662,0.292892,0.292892,-0.00970489,0.292892,-0.00970489,1.0453
0.0924958,0.0486688,1.52755,1.24904,0.000362798,0.000362798,0.536795,0.367473,0.367473,0.00103245,0.367473,0.00103245,1.29738
0.0343569,0.365735,1.1169,1.02011,-0.138747,-0.138747,0.250148,0.285373,0.285373,-0.117984,0.285373,-0.117984,0.648053
0.426218,0.2328,0.706264,0.547776,0.0849188,0.0849188,0.153471,0.12977,0.12977,0.0862187,0.12977,0.0862187,0.486096
0.368079,0.0998659,0.295624,0.982687,0.0921358,0.0921358,0.232547,0.224765,0.224765,0.0829624,0.224765,0.0829624,0.559369
0.30994,0.416932,1.45498,0.530366,-0.00905012,-0.00905012,0.0934441,0.0582436,0.0582436,-0.0126505,0.0582436,-0.0126505,0.330017
0.251801,0.283997,1.04434,0.721864,-0.016672,-0.016672,0.233567,0.172204,0.172204,-0.0176585,0.172204,-0.0176585,0.691777
0.193662,0.151063,0.633702,1.01131,0.0241586,0.0241586,0.392052,0.285913,0.285913,0.0242139,0.285913,0.0242139,0.992166
0.135523,0.0181288,0.223062,1.3031,0.0124609,0.0124609,0.513721,0.366278,0.366278,0.0118318,0.366278,0.0118318,1.19418
0.0773841,0.335194,1.38242,1.08424,-0.0602107,-0.0602107,0.277162,0.251603,0.251603,-0.0539644,0.251603,-0.0539644,0.643474
0.0192452,0.20226,0.971781,1.18906,-0.0609136,-0.0609136,0.447758,0.351175,0.351175,-0.0582211,0.351175,-0.0582211,1.10815
0.411106,0.0693259,0.56114,0.878895,0.159233,0.159233,0.220973,0.258362,0.258362,0.142568,0.258362,0.142568,0.596112
0.352967,0.386392,0.1505,0.384337,-0.00379673,-0.00379673,0.0926604,0.0581116,0.0581116,-0.00294622,0.0581116,-0.00294622,0.447104
0.294828,0.253457,1.30986,0.652711,0.0121282,0.0121282,0.224141,0.163736,0.163736,0.0122134,0.163736,0.0122134,0.730415
0.236689,0.120523,0.899219,0.942197,0.0626762,0.0626762,0.366154,0.283151,0.283151,0.0641635,0.283151,0.0641635,0.994145
0.17855,0.437589,0.488579,0.427912,-0.103691,-0.103691,0.16407,0.159091,0.159091,-0.104366,0.159091,-0.104366,0.709728
0.120411,0.304654,0.0779381,0.700489,-0.0189375,-0.0189375,0.298523,0.237695,0.237695,-0.0201138,0.237695,-0.0201138,1.03341
0.0622724,0.17172,1.2373,1.21717,-0.0311095,-0.0311095,0.462869,0.33798,0.33798,-0.0293997,0.33798,-0.0293997,1.09097
0.00413348,0.0387859,0.826657,1.34332,-0.000370279,-0.000370279,0.575383,0.383947,0.383947,-0.000370279,0.383947,-0.000370279,1.34332
0.395995,0.355852,0.416017,0.428418,0.0102716,0.0102716,0.0874569,0.0540494,0.0540494,0.0115297,0.0540494,0.0115297,0.373462
0.337856,0.222917,0.00537622,0.778819,0.00112639,0.00112639,0.205943,0.152952,0.152952,0.00197424,0.152952,0.00197424,0.559154
0.279717,0.089983,1.16474,0.80937,0.0731831,0.0731831,0.331479,0.278995,0.278995,0.081021,0.278995,0.081021,1.04808
0.221578,0.407049,0.754095,0.552133,-0.0875044,-0.0875044,0.170111,0.144433,0.144433,-0.0875603,0.144433,-0.0875603,0.570056
0.163439,0.274114,0.343455,0.767345,-0.0409328,-0.0409328,0.304052,0.232999,0.232999,-0.0424631,0.232999,-0.0424631,0.940652
0.1053,0.14118,1.50281,1.17598,-0.00297871,-0.00297871,0.470929,0.331477,0.331477,-0.00258052,0.331477,-0.00258052,1.11937
0.0471607,0.00824583,1.09217,1.33951,0.000163349,0.000163349,0.574052,0.383615,0.383615,0.000258771,0.383615,0.000258771,1.34323
0.439022,0.325312,0.681533,0.401938,0.0375719,0.0375719,0.0910717,0.0594666,0.0594666,0.0389735,0.0594666,0.0389735,0.361774
0.380883,0.192377,0.270893,0.794401,0.0552399,0.0552399,0.185002,0.151293,0.151293,0.0576182,0.151293,0.0576182,0.484034
0.322744,0.059443,1.43025,0.688283,0.040168,0.040168,0.299489,0.266896,0.266896,0.0470614,0.266896,0.0470614,1.12996
0.264605,0.376509,1.01961,0.599993,-0.0474973,-0.0474973,0.157025,0.116206,0.116206,-0.0495812,0.116206,-0.0495812,0.505283
0.206466,0.243574,0.608972,0.827067,-0.0199487,-0.0199487,0.304577,0.225521,0.225521,-0.0197694,0.225521,-0.0197694,0.852834
0.148327,0.11064,0.198331,1.16421,0.00688031,0.00688031,0.464053,0.32692,0.32692,0.00682449,0.32692,0.00682449,1.11121
0.090188,0.427706,1.35769,0.980839,-0.0880776,-0.0880776,0.170677,0.190951,0.190951,-0.0793316,0.190951,-0.0793316,0.396511
0.0320491,0.294772,0.94705,1.02548,-0.120176,-0.120176,0.329775,0.3157,0.3157,-0.111212,0.3157,-0.111212,0.885967
0.42391,0.161837,0.53641,0.738877,0.116238,0.116238,0.18168,0.180752,0.180752,0.113752,0.180752,0.113752,0.48117
0.365771,0.0289029,0.125769,1.15657,0.0479541,0.0479541,0.251561,0.262072,0.262072,0.0382414,0.262072,0.0382414,0.578749
0.307632,0.345969,1.28513,0.564373,-0.00967474,-0.00967474,0.145691,0.100285,0.100285,-0.00955174,0.100285,-0.00955174,0.504952
0.249493,0.213034,0.874488,0.815435,0.0205345,0.0205345,0.293067,0.216662,0.216662,0.0206895,0.216662,0.0206895,0.823695
0.191354,0.0801,0.463848,1.15706,0.0442619,0.0442619,0.436719,0.324832,0.324832,0.0417762,0.324832,0.0417762,1.04665
0.133215,0.397166,0.0532074,0.462109,-0.0161938,-0.0161938,0.194973,0.163053,0.163053,-0.0170929,0.163053,-0.0170929,0.942178
0.0750763,0.264231,1.21257,1.11264,-0.0665588,-0.0665588,0.35832,0.296359,0.296359,-0.0610471,0.296359,-0.0610471,0.85242
0.0169374,0.131297,0.801926,1.26491,-0.0237061,-0.0237061,0.52686,0.370838,0.370838,-0.0237061,0.370838,-0.0237061,1.26491
0.408798,0.448363,0.391286,0.233406,-0.00687151,-0.00687151,0.0394015,0.019125,0.019125,-0.00621024,0.019125,-0.00621024,0.285572
0.350659,0.315429,1.55065,0.489784,-3.27594e-09,-3.27594e-09,0.138514,0.0927297,0.0927297,-1.93716e-08,0.0927297,-1.93716e-08,0.552701
0.29252,0.182494,1.14001,0.725083,0.0489206,0.0489206,0.275629,0.213057,0.213057,0.0495847,0.213057,0.0495847,0.866242
0.234382,0.04956,0.729365,1.07179,0.082834,0.082834,0.399171,0.327124,0.327124,0.0817941,0.327124,0.0817941,1.04044
0.176243,0.366626,0.318724,0.537176,-0.0649291,-0.0649291,0.208416,0.174013,0.174013,-0.0659373,0.174013,-0.0659373,0.829946
0.118104,0.233691,1.47808,1.08747,-0.0135258,-0.0135258,0.374126,0.281839,0.281839,-0.0123399,0.281839,-0.0123399,0.879263
0.0599646,0.100757,1.06744,1.26576,-0.0100261,-0.0100261,0.528273,0.36321,0.36321,-0.0100832,0.36321,-0.0100832,1.24145
0.00182568,0.417823,0.656803,1.33899,-0.000169769,-0.000169769,0.572852,0.382688,0.382688,-0.000237953,0.382688,-0.000237953,1.33907
0.393687,0.284889,0.246162,0.586404,0.0222472,0.0222472,0.124893,0.0858997,0.0858997,0.0265873,0.0858997,0.0265873,0.405214
0.335548,0.151954,1.40552,0.612894,0.0339431,0.0339431,0.252123,0.202516,0.202516,0.0361262,0.202516,0.0361262,0.937416
0.277409,0.01902,0.994881,0.934366,0.0938807,0.0938807,0.360544,0.329477,0.329477,0.102687,0.329477,0.102687,1.0957
0.21927,0.336086,0.584241,0.627459,-0.0595626,-0.0595626,0.214167,0.167407,0.167407,-0.0592597,0.167407,-0.0592597,0.714257
0.161131,0.203151,0.1736,0.940517,-0.00853903,-0.00853903,0.379134,0.276107,0.276107,-0.00882004,0.276107,-0.00882004,1.01959
0.102992,0.0702171,1.33296,1.23059,0.00396756,0.00396756,0.522615,0.358693,0.358693,0.00527504,0.358693,0.00527504,1.25897
0.044853,0.387283,0.922319,0.867903,-0.16709,-0.16709,0.238941,0.283312,0.283312,-0.154978,0.283312,-0.154978,0.691033
0.436714,0.254349,0.511679,0.567337,0.0643374,0.0643374,0.128969,0.102598,0.102598,0.0708328,0.102598,0.0708328,0.382933
0.378575,0.121414,0.101038,0.97659,0.0326643,0.0326643,0.215462,0.185952,0.185952,0.0304232,0.185952,0.0304232,0.503643
0.320436,0.43848,1.2604,0.482589,-0.0208288,-0.0208288,0.0825666,0.0495673,0.0495673,-0.0268474,0.0495673,-0.0268474,0.299414
0.262297,0.305546,0.849758,0.664528,-0.0236594,-0.0236594,0.209717,0.152425,0.152425,-0.0237641,0.152425,-0.0237641,0.660945
0.204158,0.172611,0.439117,0.979254,0.0152448,0.0152448,0.366868,0.268098,0.268098,0.0153272,0.268098,0.0153272,0.932753
0.146019,0.0396771,0.0284766,1.28129,0.00157018,0.00157018,0.497836,0.355231,0.355231,0.00057758,0.355231,0.00057758,1.1498
0.0878802,0.356743,1.18784,0.9836,-0.110386,-0.110386,0.253205,0.247308,0.247308,-0.0963159,0.247308,-0.0963159,0.626318
0.0297413,0.223808,0.777196,1.08645,-0.0800519,-0.0800519,0.411793,0.339837,0.339837,-0.0805179,0.339837,-0.0805179,1.08699
0.421602,0.0908742,0.366555,0.930373,0.126923,0.126923,0.189846,0.219124,0.219124,0.109081,0.219124,0.109081,0.46193
0.363463,0.40794,1.52591,0.419528,-0.00126949,-0.00126949,0.0759965,0.0444839,0.0444839,-0.000839135,0.0444839,-0.000839135,0.331556
0.305324,0.275006,1.11527,0.625754,0.013287,0.013287,0.198754,0.142391,0.142391,0.0134966,0.142391,0.0134966,0.658848
0.247185,0.142071,0.704634,0.94854,0.0604942,0.0604942,0.347625,0.267564,0.267564,0.0604432,0.267564,0.0604432,0.915151
0.189046,0.00913702,0.293993,1.31645,0.00764738,0.00764738,0.533729,0.372749,0.372749,0.00402155,0.372749,0.00402155,1.23946
0.130907,0.326203,1.45335,0.990725,-0.0297211,-0.0297211,0.268298,0.218333,0.218333,-0.0273886,0.218333,-0.0273886,0.633741
0.0727685,0.193268,1.04271,1.16066,-0.0477389,-0.0477389,0.439836,0.32952,0.32952,-0.0470803,0.32952,-0.0470803,1.05866
0.0146296,0.0603342,0.632072,1.32133,-0.00495032,-0.00495032,0.564805,0.380714,0.380714,-0.00486176,0.380714,-0.00486176,1.33047
0.406491,0.3774,0.221431,0.385375,0.0040746,0.0040746,0.0703448,0.0409665,0.0409665,0.00474154,0.0409665,0.00474154,0.330059
0.348352,0.244466,1.38079,0.528571,0.0201241,0.0201241,0.183435,0.133653,0.133653,0.0201128,0.133653,0.0201128,0.711598
0.290213,0.111531,0.970151,0.82543,0.0906335,0.0906335,0.315613,0.266936,0.266936,0.0940096,0.266936,0.0940096,0.947223
0.232074,0.428597,0.55951,0.430007,-0.0824854,-0.0824854,0.146868,0.12316,0.12316,-0.0775071,0.12316,-0.0775071,0.600355
0.173935,0.295663,0.14887,0.690779,-0.022211,-0.022211,0.275998,0.210674,0.210674,-0.0228754,0.210674,-0.0228754,0.918167
0.115796,0.162728,1.30823,1.1373,-0.0116828,-0.0116828,0.448059,0.31929,0.31929,-0.0105691,0.31929,-0.0105691,1.07371
0.0576568,0.0297941,0.897589,1.31411,0.00592072,0.00592072,0.559219,0.37766,0.37766,0.00647104,0.37766,0.00647104,1.31602
0.449518,0.34686,0.486948,0.392073,0.0233463,0.0233463,0.0709856,0.0408472,0.0408472,0.0282402,0.0408472,0.0282402,0.28757
0.391379,0.213926,0.0763077,0.761105,0.0145266,0.0145266,0.160773,0.118713,0.118713,0.0162034,0.118713,0.0162034,0.434026
0.33324,0.0809912,1.23567,0.670686,0.0837624,0.0837624,0.276285,0.258072,0.258072,0.0956454,0.258072,0.0956454,1.0308
0.275101,0.398057,0.825027,0.51131,-0.05577,-0.05577,0.140027,0.105594,0.105594,-0.0555676,0.105594,-0.0555676,0.496615
0.216962,0.265123,0.414386,0.758893,-0.0214054,-0.0214054,0.277201,0.204587,0.204587,-0.0213017,0.204587,-0.0213017,0.827908
0.158823,0.132188,0.00374588,1.11566,0.000867232,0.000867232,0.438675,0.311514,0.311514,0.00048932,0.311514,0.00048932,1.06558
0.100684,0.449254,1.16311,0.871972,-0.137297,-0.137297,0.172233,0.20844,0.20844,-0.118773,0.20844,-0.118773,0.4168
