t,c11, c12, c13, c14, c22, c23, c24, c33, c34, c44
0.0538354,0.270689,-5.24318e-09,-5.24318e-09,0.104696,0.0900302,0.0900302,1.39311e-08,0.0900302,1.39311e-08,0.337673
0.0344558,0.162162,-1.1442e-09,-1.1442e-09,0.052887,0.0454245,0.0454245,2.30071e-08,0.0454245,2.30071e-08,0.178358
0.0150761,0.0784969,4.82359e-10,4.82359e-10,0.0227515,0.0203254,0.0203254,-1.59293e-08,0.0203254,-1.59293e-08,0.082043
0.145696,1.26976,2.98964e-10,2.98963e-10,0.530354,0.364892,0.364892,-2.89614e-09,0.364892,-2.89614e-09,1.25727
0.126317,1.02868,-6.01731e-10,-6.01731e-10,0.407077,0.310625,0.310625,-2.57729e-10,0.310625,-2.57729e-10,1.03705
0.106937,0.83554,-1.34143e-09,-1.34143e-09,0.326003,0.262947,0.262947,1.74646e-08,0.262947,1.74646e-08,0.883274
0.0875575,0.617381,5.47652e-10,5.47652e-10,0.22645,0.188912,0.188912,-4.45877e-09,0.188912,-4.45877e-09,0.646315
0.0681778,0.39353,4.95836e-09,4.95836e-09,0.153707,0.12968,0.12968,7.52508e-10,0.12968,7.52508e-10,0.473056
0.0487982,0.261865,3.96642e-09,3.96642e-09,0.0924916,0.0759987,0.0759987,8.43598e-09,0.0759987,8.43598e-09,0.293876
0.0294185,0.162162,-1.1442e-09,-1.1442e-09,0.052887,0.0454245,0.0454245,2.30071e-08,0.0454245,2.30071e-08,0.178358
0.0100389,0.07245,-6.22317e-08,-6.22317e-08,0.00927307,0.00834487,0.00834487,-9.77565e-08,0.00834487,-9.77565e-08,0.0335607
0.140659,1.22843,-6.00637e-10,-6.00637e-10,0.514607,0.356995,0.356995,-5.3035e-09,0.356995,-5.3035e-09,1.23808
0.12128,1.02868,-6.01731e-10,-6.01731e-10,0.407077,0.310625,0.310625,-2.57729e-10,0.310625,-2.57729e-10,1.03705
0.1019,0.774374,2.40185e-09,2.40185e-09,0.28796,0.240476,0.240476,-1.96272e-08,0.240476,-1.96272e-08,0.78946
0.0825203,0.525491,2.34569e-09,2.34569e-09,0.200174,0.174308,0.174308,6.54207e-09,0.174308,6.54207e-09,0.595832
0.0631406,0.367563,5.90176e-09,5.90176e-09,0.132267,0.112207,0.112207,-9.26913e-09,0.112207,-9.26913e-09,0.405642
0.043761,0.261865,3.96642e-09,3.96642e-09,0.0924916,0.0759987,0.0759987,8.43598e-09,0.0759987,8.43598e-09,0.293876
0.0243813,0.157118,-3.85997e-09,-3.85997e-09,0.0398643,0.0329466,0.0329466,1.93875e-08,0.0329466,1.93875e-08,0.133116
0.155002,1.33465,7.59826e-10,7.59826e-10,0.566633,0.380414,0.380414,-4.65207e-10,0.380414,-4.65207e-10,1.32372
0.135622,1.16233,-3.43558e-09,-3.43558e-09,0.472933,0.340594,0.340594,2.77337e-09,0.340594,2.77337e-09,1.1556
0.116242,0.88469,-6.12005e-10,-6.12005e-10,0.343144,0.277514,0.277514,1.26881e-08,0.277514,1.26881e-08,0.917939
0.0968627,0.647046,-4.03948e-09,-4.03948e-09,0.240685,0.206479,0.206479,-1.08622e-08,0.206479,-1.08622e-08,0.686643
0.077483,0.502533,4.58677e-09,4.58677e-09,0.187685,0.157664,0.157664,3.38198e-09,0.157664,3.38198e-09,0.554638
0.0581034,0.354968,6.26165e-10,6.26165e-10,0.118865,0.0960899,0.0960899,-1.74149e-08,0.0960899,-1.74149e-08,0.36118
0.0387237,0.173542,8.05029e-10,8.05029e-10,0.068959,0.0586085,0.0586085,-4.05529e-09,0.0586085,-4.05529e-09,0.232663
0.0193441,0.0784969,4.82359e-10,4.82359e-10,0.0227515,0.0203254,0.0203254,-1.59293e-08,0.0203254,-1.59293e-08,0.082043
0.149964,1.31377,6.29861e-10,6.29861e-10,0.557809,0.376165,0.376165,-4.22428e-10,0.376165,-4.22428e-10,1.3137
0.130585,1.10503,-4.98047e-09,-4.98047e-09,0.453534,0.330163,0.330163,4.60433e-09,0.330163,4.60433e-09,1.13175
0.111205,0.83554,-1.34143e-09,-1.34143e-09,0.326003,0.262947,0.262947,1.74646e-08,0.262947,1.74646e-08,0.883274
0.0918255,0.647046,-4.03948e-09,-4.03948e-09,0.240685,0.206479,0.206479,-1.08622e-08,0.206479,-1.08622e-08,0.686643
0.0724458,0.47008,2.11425e-09,2.11425e-09,0.163125,0.137639,0.137639,-1.0445e-08,0.137639,-1.0445e-08,0.480813
0.0530662,0.270689,-5.24318e-09,-5.24318e-09,0.104696,0.0900302,0.0900302,1.39311e-08,0.0900302,1.39311e-08,0.337673
0.0336865,0.162162,-1.1442e-09,-1.1442e-09,0.052887,0.0454245,0.0454245,2.30071e-08,0.0454245,2.30071e-08,0.178358
0.0143068,0.0784969,4.82359e-10,4.82359e-10,0.0227515,0.0203254,0.0203254,-1.59293e-08,0.0203254,-1.59293e-08,0.082043
0.144927,1.26976,2.98964e-10,2.98963e-10,0.530354,0.364892,0.364892,-2.89614e-09,0.364892,-2.89614e-09,1.25727
0.125548,1.02868,-6.01731e-10,-6.01731e-10,0.407077,0.310625,0.310625,-2.57729e-10,0.310625,-2.57729e-10,1.03705
0.106168,0.83554,-1.34143e-09,-1.34143e-09,0.326003,0.262947,0.262947,1.74646e-08,0.262947,1.74646e-08,0.883274
0.0867882,0.617381,5.47652e-10,5.47652e-10,0.22645,0.188912,0.188912,-4.45877e-09,0.188912,-4.45877e-09,0.646315
0.0674086,0.39353,4.95836e-09,4.95836e-09,0.153707,0.12968,0.12968,7.52508e-10,0.12968,7.52508e-10,0.473056
0.0480289,0.261865,3.96642e-09,3.96642e-09,0.0924916,0.0759987,0.0759987,8.43598e-09,0.0759987,8.43598e-09,0.293876
0.0286493,0.162162,-1.1442e-09,-1.1442e-09,0.052887,0.0454245,0.0454245,2.30071e-08,0.0454245,2.30071e-08,0.178358
0.15927,1.33465,7.59826e-10,7.59826e-10,0.566633,0.380414,0.380414,-4.65207e-10,0.380414,-4.65207e-10,1.32372
0.13989,1.22843,-6.00637e-10,-6.00637e-10,0.514607,0.356995,0.356995,-5.3035e-09,0.356995,-5.3035e-09,1.23808
0.12051,0.975022,-4.06677e-09,-4.06677e-09,0.387677,0.297368,0.297368,5.10492e-09,0.297368,5.10492e-09,1.00535
0.101131,0.699053,2.33725e-09,2.33725e-09,0.272306,0.228098,0.228098,-1.96688e-08,0.228098,-1.96688e-08,0.772005
0.081751,0.502533,4.58677e-09,4.58677e-09,0.187685,0.157664,0.157664,3.38198e-09,0.157664,3.38198e-09,0.554638
0.0623713,0.367563,5.90176e-09,5.90176e-09,0.132267,0.112207,0.112207,-9.26913e-09,0.112207,-9.26913e-09,0.405642
0.0429917,0.261865,3.96642e-09,3.96642e-09,0.0924916,0.0759987,0.0759987,8.43598e-09,0.0759987,8.43598e-09,0.293876
0.023612,0.157118,-3.85997e-09,-3.85997e-09,0.0398643,0.0329466,0.0329466,1.93875e-08,0.0329466,1.93875e-08,0.133116
0.154232,1.33465,7.59826e-10,7.59826e-10,0.566633,0.380414,0.380414,-4.65207e-10,0.380414,-4.65207e-10,1.32372
0.134853,1.16233,-3.43558e-09,-3.43558e-09,0.472933,0.340594,0.340594,2.77337e-09,0.340594,2.77337e-09,1.1556
0.115473,0.88469,-6.12005e-10,-6.12005e-10,0.343144,0.277514,0.277514,1.26881e-08,0.277514,1.26881e-08,0.917939
0.0960934,0.647046,-4.03948e-09,-4.03948e-09,0.240685,0.206479,0.206479,-1.08622e-08,0.206479,-1.08622e-08,0.686643
0.0767138,0.502533,4.58677e-09,4.58677e-09,0.187685,0.157664,0.157664,3.38198e-09,0.157664,3.38198e-09,0.554638
0.0573341,0.354968,6.26165e-10,6.26165e-10,0.118865,0.0960899,0.0960899,-1.74149e-08,0.0960899,-1.74149e-08,0.36118
0.0379545,0.173542,8.05029e-10,8.05029e-10,0.068959,0.0586085,0.0586085,-4.05529e-09,0.0586085,-4.05529e-09,0.232663
0.0185748,0.0784969,4.82359e-10,4.82359e-10,0.0227515,0.0203254,0.0203254,-1.59293e-08,0.0203254,-1.59293e-08,0.082043
0.149195,1.31377,6.29861e-10,6.29861e-10,0.557809,0.376165,0.376165,-4.22428e-10,0.376165,-4.22428e-10,1.3137
0.129816,1.10503,-4.98047e-09,-4.98047e-09,0.453534,0.330163,0.330163,4.60433e-09,0.330163,4.60433e-09,1.13175
0.110436,0.83554,-1.34143e-09,-1.34143e-09,0.326003,0.262947,0.262947,1.74646e-08,0.262947,1.74646e-08,0.883274
0.0910562,0.647046,-4.03948e-09,-4.03948e-09,0.240685,0.206479,0.206479,-1.08622e-08,0.206479,-1.08622e-08,0.686643
0.0716765,0.47008,2.11425e-09,2.11425e-09,0.163125,0.137639,0.137639,-1.0445e-08,0.137639,-1.0445e-08,0.480813
0.0522969,0.270689,-5.24318e-09,-5.24318e-09,0.104696,0.0900302,0.0900302,1.39311e-08,0.0900302,1.39311e-08,0.337673
0.0329172,0.162162,-1.1442e-09,-1.1442e-09,0.052887,0.0454245,0.0454245,2.30071e-08,0.0454245,2.30071e-08,0.178358
0.0135376,0.0784969,4.82359e-10,4.82359e-10,0.0227515,0.0203254,0.0203254,-1.59293e-08,0.0203254,-1.59293e-08,0.082043
0.144158,1.22843,-6.00637e-10,-6.00637e-10,0.514607,0.356995,0.356995,-5.3035e-09,0.356995,-5.3035e-09,1.23808
0.124778,1.02868,-6.01731e-10,-6.01731e-10,0.407077,0.310625,0.310625,-2.57729e-10,0.310625,-2.57729e-10,1.03705
0.105399,0.774374,2.40185e-09,2.40185e-09,0.28796,0.240476,0.240476,-1.96272e-08,0.240476,-1.96272e-08,0.78946
0.086019,0.617381,5.47652e-10,5.47652e-10,0.22645,0.188912,0.188912,-4.45877e-09,0.188912,-4.45877e-09,0.646315
0.0666393,0.39353,4.95836e-09,4.95836e-09,0.153707,0.12968,0.12968,7.52508e-10,0.12968,7.52508e-10,0.473056
0.0472597,0.261865,3.96642e-09,3.96642e-09,0.0924916,0.0759987,0.0759987,8.43598e-09,0.0759987,8.43598e-09,0.293876
0.02788,0.162162,-1.1442e-09,-1.1442e-09,0.052887,0.0454245,0.0454245,2.30071e-08,0.0454245,2.30071e-08,0.178358
0.1585,1.33465,7.59826e-10,7.59826e-10,0.566633,0.380414,0.380414,-4.65207e-10,0.380414,-4.65207e-10,1.32372
0.139121,1.22843,-6.00637e-10,-6.00637e-10,0.514607,0.356995,0.356995,-5.3035e-09,0.356995,-5.3035e-09,1.23808
0.119741,0.975022,-4.06677e-09,-4.06677e-09,0.387677,0.297368,0.297368,5.10492e-09,0.297368,5.10492e-09,1.00535
0.100361,0.699053,2.33725e-09,2.33725e-09,0.272306,0.228098,0.228098,-1.96688e-08,0.228098,-1.96688e-08,0.772005
0.0809817,0.502533,4.58677e-09,4.58677e-09,0.187685,0.157664,0.157664,3.38198e-09,0.157664,3.38198e-09,0.554638
0.0616021,0.367563,5.90176e-09,5.90176e-09,0.132267,0.112207,0.112207,-9.26913e-09,0.112207,-9.26913e-09,0.405642
0.0422224,0.246406,-5.52506e-09,-5.52506e-09,0.0741923,0.0611178,0.0611178,1.38967e-08,0.0611178,1.38967e-08,0.235536
0.0228428,0.0821064,1.68535e-09,1.68535e-09,0.0344602,0.0314782,0.0314782,-7.12091e-09,0.0314782,-7.12091e-09,0.125498
0.153463,1.33465,7.59826e-10,7.59826e-10,0.566633,0.380414,0.380414,-4.65207e-10,0.380414,-4.65207e-10,1.32372
0.134083,1.16233,-3.43558e-09,-3.43558e-09,0.472933,0.340594,0.340594,2.77337e-09,0.340594,2.77337e-09,1.1556
0.114704,0.88469,-6.12005e-10,-6.12005e-10,0.343144,0.277514,0.277514,1.26881e-08,0.277514,1.26881e-08,0.917939
0.0953242,0.647046,-4.03948e-09,-4.03948e-09,0.240685,0.206479,0.206479,-1.08622e-08,0.206479,-1.08622e-08,0.686643
0.0759445,0.502533,4.58677e-09,4.58677e-09,0.187685,0.157664,0.157664,3.38198e-09,0.157664,3.38198e-09,0.554638
0.0565649,0.354968,6.26165e-10,6.26165e-10,0.118865,0.0960899,0.0960899,-1.74149e-08,0.0960899,-1.74149e-08,0.36118
0.0371852,0.173542,8.05029e-10,8.05029e-10,0.068959,0.0586085,0.0586085,-4.05529e-09,0.0586085,-4.05529e-09,0.232663
0.0178055,0.0784969,4.82359e-10,4.82359e-10,0.0227515,0.0203254,0.0203254,-1.59293e-08,0.0203254,-1.59293e-08,0.082043
0.148426,1.26976,2.98964e-10,2.98963e-10,0.530354,0.364892,0.364892,-2.89614e-09,0.364892,-2.89614e-09,1.25727
0.129046,1.10503,-4.98047e-09,-4.98047e-09,0.453534,0.330163,0.330163,4.60433e-09,0.330163,4.60433e-09,1.13175
0.109667,0.83554,-1.34143e-09,-1.34143e-09,0.326003,0.262947,0.262947,1.74646e-08,0.262947,1.74646e-08,0.883274
0.0902869,0.647046,-4.03948e-09,-4.03948e-09,0.240685,0.206479,0.206479,-1.08622e-08,0.206479,-1.08622e-08,0.686643
0.0709073,0.47008,2.11425e-09,2.11425e-09,0.163125,0.137639,0.137639,-1.0445e-08,0.137639,-1.0445e-08,0.480813
0.0515276,0.270689,-5.24318e-09,-5.24318e-09,0.104696,0.0900302,0.0900302,1.39311e-08,0.0900302,1.39311e-08,0.337673
0.032148,0.162162,-1.1442e-09,-1.1442e-09,0.052887,0.0454245,0.0454245,2.30071e-08,0.0454245,2.30071e-08,0.178358
0.0127683,0.0784969,4.82359e-10,4.82359e-10,0.0227515,0.0203254,0.0203254,-1.59293e-08,0.0203254,-1.59293e-08,0.082043
0.143389,1.22843,-6.00637e-10,-6.00637e-10,0.514607,0.356995,0.356995,-5.3035e-09,0.356995,-5.3035e-09,1.23808
0.124009,1.02868,-6.01731e-10,-6.01731e-10,0.407077,0.310625,0.310625,-2.57729e-10,0.310625,-2.57729e-10,1.03705
0.104629,0.774374,2.40185e-09,2.40185e-09,0.28796,0.240476,0.240476,-1.96272e-08,0.240476,-1.96272e-08,0.78946
0.0852497,0.525491,2.34569e-09,2.34569e-09,0.200174,0.174308,0.174308,6.54207e-09,0.174308,6.54207e-09,0.595832
0.06587,0.367563,5.90176e-09,5.90176e-09,0.132267,0.112207,0.112207,-9.26913e-09,0.112207,-9.26913e-09,0.405642
0.0464904,0.261865,3.96642e-09,3.96642e-09,0.0924916,0.0759987,0.0759987,8.43598e-09,0.0759987,8.43598e-09,0.293876
0.0271107,0.157118,-3.85997e-09,-3.85997e-09,0.0398643,0.0329466,0.0329466,1.93875e-08,0.0329466,1.93875e-08,0.133116
0.157731,1.33465,7.59826e-10,7.59826e-10,0.566633,0.380414,0.380414,-4.65207e-10,0.380414,-4.65207e-10,1.32372
0.138351,1.22843,-6.00637e-10,-6.00637e-10,0.514607,0.356995,0.356995,-5.3035e-09,0.356995,-5.3035e-09,1.23808
0.118972,0.975022,-4.06677e-09,-4.06677e-09,0.387677,0.297368,0.297368,5.10492e-09,0.297368,5.10492e-09,1.00535
0.0995921,0.699053,2.33725e-09,2.33725e-09,0.272306,0.228098,0.228098,-1.96688e-08,0.228098,-1.96688e-08,0.772005
0.0802125,0.502533,4.58677e-09,4.58677e-09,0.187685,0.157664,0.157664,3.38198e-09,0.157664,3.38198e-09,0.554638
0.0608328,0.367563,5.90176e-09,5.90176e-09,0.132267,0.112207,0.112207,-9.26913e-09,0.112207,-9.26913e-09,0.405642
0.0414532,0.246406,-5.52506e-09,-5.52506e-09,0.0741923,0.0611178,0.0611178,1.38967e-08,0.0611178,1.38967e-08,0.235536
0.0220735,0.0821064,1.68535e-09,1.68535e-09,0.0344602,0.0314782,0.0314782,-7.12091e-09,0.0314782,-7.12091e-09,0.125498
0.152694,1.33465,7.59826e-10,7.59826e-10,0.566633,0.380414,0.380414,-4.65207e-10,0.380414,-4.65207e-10,1.32372
0.133314,1.16233,-3.43558e-09,-3.43558e-09,0.472933,0.340594,0.340594,2.77337e-09,0.340594,2.77337e-09,1.1556
0.113935,0.88469,-6.12005e-10,-6.12005e-10,0.343144,0.277514,0.277514,1.26881e-08,0.277514,1.26881e-08,0.917939
0.0945549,0.647046,-4.03948e-09,-4.03948e-09,0.240685,0.206479,0.206479,-1.08622e-08,0.206479,-1.08622e-08,0.686643
0.0751752,0.502533,4.58677e-09,4.58677e-09,0.187685,0.157664,0.157664,3.38198e-09,0.157664,3.38198e-09,0.554638
0.0557956,0.354968,6.26165e-10,6.26165e-10,0.118865,0.0960899,0.0960899,-1.74149e-08,0.0960899,-1.74149e-08,0.36118
0.0364159,0.173542,8.05029e-10,8.05029e-10,0.068959,0.0586085,0.0586085,-4.05529e-09,0.0586085,-4.05529e-09,0.232663
0.0170363,0.0784969,4.82359e-10,4.82359e-10,0.0227515,0.0203254,0.0203254,-1.59293e-08,0.0203254,-1.59293e-08,0.082043
0.147657,1.26976,2.98964e-10,2.98963e-10,0.530354,0.364892,0.364892,-2.89614e-09,0.364892,-2.89614e-09,1.25727
0.128277,1.02868,-6.01731e-10,-6.01731e-10,0.407077,0.310625,0.310625,-2.57729e-10,0.310625,-2.57729e-10,1.03705
0.108897,0.83554,-1.34143e-09,-1.34143e-09,0.326003,0.262947,0.262947,1.74646e-08,0.262947,1.74646e-08,0.883274
0.0895177,0.617381,5.47652e-10,5.47652e-10,0.22645,0.188912,0.188912,-4.45877e-09,0.188912,-4.45877e-09,0.646315
0.070138,0.39353,4.95836e-09,4.95836e-09,0.153707,0.12968,0.12968,7.52508e-10,0.12968,7.52508e-10,0.473056
0.0507584,0.261865,3.96642e-09,3.96642e-09,0.0924916,0.0759987,0.0759987,8.43598e-09,0.0759987,8.43598e-09,0.293876
0.0313787,0.162162,-1.1442e-09,-1.1442e-09,0.052887,0.0454245,0.0454245,2.30071e-08,0.0454245,2.30071e-08,0.178358
0.0119991,0.0784969,4.82359e-10,4.82359e-10,0.0227515,0.0203254,0.0203254,-1.59293e-08,0.0203254,-1.59293e-08,0.082043
0.142619,1.22843,-6.00637e-10,-6.00637e-10,0.514607,0.356995,0.356995,-5.3035e-09,0.356995,-5.3035e-09,1.23808
0.12324,1.02868,-6.01731e-10,-6.01731e-10,0.407077,0.310625,0.310625,-2.57729e-10,0.310625,-2.57729e-10,1.03705
0.10386,0.774374,2.40185e-09,2.40185e-09,0.28796,0.240476,0.240476,-1.96272e-08,0.240476,-1.96272e-08,0.78946
0.0844804,0.525491,2.34569e-09,2.34569e-09,0.200174,0.174308,0.174308,6.54207e-09,0.174308,6.54207e-09,0.595832
0.0651008,0.367563,5.90176e-09,5.90176e-09,0.132267,0.112207,0.112207,-9.26913e-09,0.112207,-9.26913e-09,0.405642
0.0457211,0.261865,3.96642e-09,3.96642e-09,0.0924916,0.0759987,0.0759987,8.43598e-09,0.0759987,8.43598e-09,0.293876
0.0263415,0.157118,-3.85997e-09,-3.85997e-09,0.0398643,0.0329466,0.0329466,1.93875e-08,0.0329466,1.93875e-08,0.133116
0.156962,1.33465,7.59826e-10,7.59826e-10,0.566633,0.380414,0.380414,-4.65207e-10,0.380414,-4.65207e-10,1.32372
0.137582,1.22843,-6.00637e-10,-6.00637e-10,0.514607,0.356995,0.356995,-5.3035e-09,0.356995,-5.3035e-09,1.23808
0.118203,0.975022,-4.06677e-09,-4.06677e-09,0.387677,0.297368,0.297368,5.10492e-09,0.297368,5.10492e-09,1.00535
0.0988229,0.699053,2.33725e-09,2.33725e-09,0.272306,0.228098,0.228098,-1.96688e-08,0.228098,-1.96688e-08,0.772005
0.0794432,0.502533,4.58677e-09,4.58677e-09,0.187685,0.157664,0.157664,3.38198e-09,0.157664,3.38198e-09,0.554638
0.0600636,0.367563,5.90176e-09,5.90176e-09,0.132267,0.112207,0.112207,-9.26913e-09,0.112207,-9.26913e-09,0.405642
0.0406839,0.246406,-5.52506e-09,-5.52506e-09,0.0741923,0.0611178,0.0611178,1.38967e-08,0.0611178,1.38967e-08,0.235536
0.0213042,0.0821064,1.68535e-09,1.68535e-09,0.0344602,0.0314782,0.0314782,-7.12091e-09,0.0314782,-7.12091e-09,0.125498
0.151925,1.31377,6.29861e-10,6.29861e-10,0.557809,0.376165,0.376165,-4.22428e-10,0.376165,-4.22428e-10,1.3137
0.132545,1.10503,-4.98047e-09,-4.98047e-09,0.453534,0.330163,0.330163,4.60433e-09,0.330163,4.60433e-09,1.13175
0.113165,0.83554,-1.34143e-09,-1.34143e-09,0.326003,0.262947,0.262947,1.74646e-08,0.262947,1.74646e-08,0.883274
0.0937856,0.647046,-4.03948e-09,-4.03948e-09,0.240685,0.206479,0.206479,-1.08622e-08,0.206479,-1.08622e-08,0.686643
0.074406,0.502533,4.58677e-09,4.58677e-09,0.187685,0.157664,0.157664,3.38198e-09,0.157664,3.38198e-09,0.554638
0.0550263,0.354968,6.26165e-10,6.26165e-10,0.118865,0.0960899,0.0960899,-1.74149e-08,0.0960899,-1.74149e-08,0.36118
0.0356467,0.173542,8.05029e-10,8.05028e-10,0.068959,0.0586085,0.0586085,-4.05529e-09,0.0586085,-4.05529e-09,0.232663
0.016267,0.0784969,4.82359e-10,4.82359e-10,0.0227515,0.0203254,0.0203254,-1.59293e-08,0.0203254,-1.59293e-08,0.082043
0.146887,1.26976,2.98964e-10,2.98963e-10,0.530354,0.364892,0.364892,-2.89614e-09,0.364892,-2.89614e-09,1.25727
0.127508,1.02868,-6.01731e-10,-6.01731e-10,0.407077,0.310625,0.310625,-2.57729e-10,0.310625,-2.57729e-10,1.03705
0.108128,0.83554,-1.34143e-09,-1.34143e-09,0.326003,0.262947,0.262947,1.74646e-08,0.262947,1.74646e-08,0.883274
0.0887484,0.617381,5.47652e-10,5.47652e-10,0.22645,0.188912,0.188912,-4.45877e-09,0.188912,-4.45877e-09,0.646315
0.0693688,0.39353,4.95836e-09,4.95836e-09,0.153707,0.12968,0.12968,7.52508e-10,0.12968,7.52508e-10,0.473056
0.0499891,0.261865,3.96642e-09,3.96642e-09,0.0924916,0.0759987,0.0759987,8.43598e-09,0.0759987,8.43598e-09,0.293876
0.0306094,0.162162,-1.1442e-09,-1.1442e-09,0.052887,0.0454245,0.0454245,2.30071e-08,0.0454245,2.30071e-08,0.178358
0.0112298,0.07245,-6.22318e-08,-6.22318e-08,0.00927307,0.00834487,0.00834487,-1.0939e-07,0.00834487,-1.0939e-07,0.0335607
0.14185,1.22843,-6.00637e-10,-6.00637e-10,0.514607,0.356995,0.356995,-5.3035e-09,0.356995,-5.3035e-09,1.23808
0.12247,1.02868,-6.01731e-10,-6.01731e-10,0.407077,0.310625,0.310625,-2.57729e-10,0.310625,-2.57729e-10,1.03705
0.103091,0.774374,2.40185e-09,2.40185e-09,0.28796,0.240476,0.240476,-1.96272e-08,0.240476,-1.96272e-08,0.78946
0.0837112,0.525491,2.34569e-09,2.34569e-09,0.200174,0.174308,0.174308,6.54207e-09,0.174308,6.54207e-09,0.595832
0.0643315,0.367563,5.90176e-09,5.90176e-09,0.132267,0.112207,0.112207,-9.26913e-09,0.112207,-9.26913e-09,0.405642
0.0449519,0.261865,3.96642e-09,3.96642e-09,0.0924916,0.0759987,0.0759987,8.43598e-09,0.0759987,8.43598e-09,0.293876
0.0255722,0.157118,-3.85997e-09,-3.85997e-09,0.0398643,0.0329466,0.0329466,1.93875e-08,0.0329466,1.93875e-08,0.133116
0.156193,1.33465,7.59826e-10,7.59826e-10,0.566633,0.380414,0.380414,-4.65207e-10,0.380414,-4.65207e-10,1.32372
0.136813,1.22843,-6.00637e-10,-6.00637e-10,0.514607,0.356995,0.356995,-5.3035e-09,0.356995,-5.3035e-09,1.23808
0.117433,0.975022,-4.06677e-09,-4.06677e-09,0.387677,0.297368,0.297368,5.10492e-09,0.297368,5.10492e-09,1.00535
0.0980536,0.699053,2.33725e-09,2.33725e-09,0.272306,0.228098,0.228098,-1.96688e-08,0.228098,-1.96688e-08,0.772005
0.0786739,0.502533,4.58677e-09,4.58677e-09,0.187685,0.157664,0.157664,3.38198e-09,0.157664,3.38198e-09,0.554638
0.0592943,0.367563,5.90176e-09,5.90176e-09,0.132267,0.112207,0.112207,-9.26913e-09,0.112207,-9.26913e-09,0.405642
0.0399146,0.246406,-5.52506e-09,-5.52506e-09,0.0741923,0.0611178,0.0611178,1.38967e-08,0.0611178,1.38967e-08,0.235536
0.020535,0.0821064,1.68535e-09,1.68535e-09,0.0344602,0.0314782,0.0314782,-7.12091e-09,0.0314782,-7.12091e-09,0.125498
0.151155,1.31377,6.29861e-10,6.29861e-10,0.557809,0.376165,0.376165,-4.22428e-10,0.376165,-4.22428e-10,1.3137
0.131776,1.10503,-4.98047e-09,-4.98047e-09,0.453534,0.330163,0.330163,4.60433e-09,0.330163,4.60433e-09,1.13175
0.112396,0.83554,-1.34143e-09,-1.34143e-09,0.326003,0.262947,0.262947,1.74646e-08,0.262947,1.74646e-08,0.883274
0.0930164,0.647046,-4.03948e-09,-4.03948e-09,0.240685,0.206479,0.206479,-1.08622e-08,0.206479,-1.08622e-08,0.686643
0.0736367,0.47008,2.11425e-09,2.11425e-09,0.163125,0.137639,0.137639,-1.0445e-08,0.137639,-1.0445e-08,0.480813
0.0542571,0.270689,-5.24318e-09,-5.24318e-09,0.104696,0.0900302,0.0900302,1.39311e-08,0.0900302,1.39311e-08,0.337673
0.0348774,0.162162,-1.1442e-09,-1.1442e-09,0.052887,0.0454245,0.0454245,2.30071e-08,0.0454245,2.30071e-08,0.178358
0.0154978,0.0784969,4.82359e-10,4.82359e-10,0.0227515,0.0203254,0.0203254,-1.59293e-08,0.0203254,-1.59293e-08,0.082043
0.146118,1.26976,2.98964e-10,2.98963e-10,0.530354,0.364892,0.364892,-2.89614e-09,0.364892,-2.89614e-09,1.25727
0.126738,1.02868,-6.01731e-10,-6.01731e-10,0.407077,0.310625,0.310625,-2.57729e-10,0.310625,-2.57729e-10,1.03705
0.107359,0.83554,-1.34143e-09,-1.34143e-09,0.326003,0.262947,0.262947,1.74646e-08,0.262947,1.74646e-08,0.883274
0.0879791,0.617381,5.47652e-10,5.47652e-10,0.22645,0.188912,0.188912,-4.45877e-09,0.188912,-4.45877e-09,0.646315
0.0685995,0.39353,4.95836e-09,4.95836e-09,0.153707,0.12968,0.12968,7.52508e-10,0.12968,7.52508e-10,0.473056
0.0492198,0.261865,3.96642e-09,3.96642e-09,0.0924916,0.0759987,0.0759987,8.43598e-09,0.0759987,8.43598e-09,0.293876
0.0298402,0.162162,-1.1442e-09,-1.1442e-09,0.052887,0.0454245,0.0454245,2.30071e-08,0.0454245,2.30071e-08,0.178358
0.0104605,0.07245,-6.22318e-08,-6.22318e-08,0.00927308,0.00834487,0.00834487,-1.00737e-07,0.00834487,-1.00737e-07,0.0335606
0.141081,1.22843,-6.00637e-10,-6.00637e-10,0.514607,0.356995,0.356995,-5.3035e-09,0.356995,-5.3035e-09,1.23808
0.121701,1.02868,-6.01731e-10,-6.01731e-10,0.407077,0.310625,0.310625,-2.57729e-10,0.310625,-2.57729e-10,1.03705
0.102322,0.774374,2.40185e-09,2.40185e-09,0.28796,0.240476,0.240476,-1.96272e-08,0.240476,-1.96272e-08,0.78946
0.0829419,0.525491,2.34569e-09,2.34569e-09,0.200174,0.174308,0.174308,6.54207e-09,0.174308,6.54207e-09,0.595832
0.0635623,0.367563,5.90176e-09,5.90176e-09,0.132267,0.112207,0.112207,-9.26913e-09,0.112207,-9.26913e-09,0.405642
0.0441826,0.261865,3.96642e-09,3.96642e-09,0.0924916,0.0759987,0.0759987,8.43598e-09,0.0759987,8.43598e-09,0.293876
0.0248029,0.157118,-3.85997e-09,-3.85997e-09,0.0398643,0.0329466,0.0329466,1.93875e-08,0.0329466,1.93875e-08,0.133116
0.155423,1.33465,7.59826e-10,7.59826e-10,0.566633,0.380414,0.380414,-4.65207e-10,0.380414,-4.65207e-10,1.32372
0.136044,1.16233,-3.43558e-09,-3.43558e-09,0.472933,0.340594,0.340594,2.77337e-09,0.340594,2.77337e-09,1.1556
0.116664,0.88469,-6.12005e-10,-6.12005e-10,0.343144,0.277514,0.277514,1.26881e-08,0.277514,1.26881e-08,0.917939
0.0972843,0.647046,-4.03948e-09,-4.03948e-09,0.240685,0.206479,0.206479,-1.08622e-08,0.206479,-1.08622e-08,0.686643
0.0779047,0.502533,4.58677e-09,4.58677e-09,0.187685,0.157664,0.157664,3.38198e-09,0.157664,3.38198e-09,0.554638
0.058525,0.354968,6.26165e-10,6.26165e-10,0.118865,0.0960899,0.0960899,-1.74149e-08,0.0960899,-1.74149e-08,0.36118
0.0391454,0.246406,-5.52506e-09,-5.52506e-09,0.0741923,0.0611178,0.0611178,1.38967e-08,0.0611178,1.38967e-08,0.235536
0.0197657,0.0821064,1.68535e-09,1.68535e-09,0.0344602,0.0314782,0.0314782,-7.12091e-09,0.0314782,-7.12091e-09,0.125498
0.150386,1.31377,6.29861e-10,6.29861e-10,0.557809,0.376165,0.376165,-4.22428e-10,0.376165,-4.22428e-10,1.3137
0.131006,1.10503,-4.98047e-09,-4.98047e-09,0.453534,0.330163,0.330163,4.60433e-09,0.330163,4.60433e-09,1.13175
0.111627,0.83554,-1.34143e-09,-1.34143e-09,0.326003,0.262947,0.262947,1.74646e-08,0.262947,1.74646e-08,0.883274
0.0922471,0.647046,-4.03948e-09,-4.03948e-09,0.240685,0.206479,0.206479,-1.08622e-08,0.206479,-1.08622e-08,0.686643
0.0728675,0.47008,2.11425e-09,2.11425e-09,0.163125,0.137639,0.137639,-1.0445e-08,0.137639,-1.0445e-08,0.480813
0.0534878,0.270689,-5.24318e-09,-5.24318e-09,0.104696,0.0900302,0.0900302,1.39311e-08,0.0900302,1.39311e-08,0.337673
0.0341081,0.162162,-1.1442e-09,-1.1442e-09,0.052887,0.0454245,0.0454245,2.30071e-08,0.0454245,2.30071e-08,0.178358
0.0147285,0.0784969,4.82359e-10,4.82359e-10,0.0227515,0.0203254,0.0203254,-1.59293e-08,0.0203254,-1.59293e-08,0.082043
0.145349,1.26976,2.98964e-10,2.98963e-10,0.530354,0.364892,0.364892,-2.89614e-09,0.364892,-2.89614e-09,1.25727
0.125969,1.02868,-6.01731e-10,-6.01731e-10,0.407077,0.310625,0.310625,-2.57729e-10,0.310625,-2.57729e-10,1.03705
0.10659,0.83554,-1.34143e-09,-1.34143e-09,0.326003,0.262947,0.262947,1.74646e-08,0.262947,1.74646e-08,0.883274
0.0872099,0.617381,5.47652e-10,5.47652e-10,0.22645,0.188912,0.188912,-4.45877e-09,0.188912,-4.45877e-09,0.646315
0.0678302,0.39353,4.95836e-09,4.95836e-09,0.153707,0.12968,0.12968,7.52508e-10,0.12968,7.52508e-10,0.473056
0.0484506,0.261865,3.96642e-09,3.96642e-09,0.0924916,0.0759987,0.0759987,8.43598e-09,0.0759987,8.43598e-09,0.293876
0.0290709,0.162162,-1.1442e-09,-1.1442e-09,0.052887,0.0454245,0.0454245,2.30071e-08,0.0454245,2.30071e-08,0.178358
0.159691,1.33465,7.59826e-10,7.59826e-10,0.566633,0.380414,0.380414,-4.65207e-10,0.380414,-4.65207e-10,1.32372
0.140312,1.22843,-6.00637e-10,-6.00637e-10,0.514607,0.356995,0.356995,-5.3035e-09,0.356995,-5.3035e-09,1.23808
0.120932,0.975022,-4.06677e-09,-4.06677e-09,0.387677,0.297368,0.297368,5.10492e-09,0.297368,5.10492e-09,1.00535
0.101552,0.699053,2.33725e-09,2.33725e-09,0.272306,0.228098,0.228098,-1.96688e-08,0.228098,-1.96688e-08,0.772005
0.0821726,0.525491,2.34569e-09,2.34569e-09,0.200174,0.174308,0.174308,6.54207e-09,0.174308,6.54207e-09,0.595832
0.062793,0.367563,5.90176e-09,5.90176e-09,0.132267,0.112207,0.112207,-9.26913e-09,0.112207,-9.26913e-09,0.405642
0.0434133,0.261865,3.96642e-09,3.96642e-09,0.0924916,0.0759987,0.0759987,8.43598e-09,0.0759987,8.43598e-09,0.293876
0.0240337,0.157118,-3.85997e-09,-3.85997e-09,0.0398643,0.0329466,0.0329466,1.93875e-08,0.0329466,1.93875e-08,0.133116
0.154654,1.33465,7.59826e-10,7.59826e-10,0.566633,0.380414,0.380414,-4.65207e-10,0.380414,-4.65207e-10,1.32372
0.135274,1.16233,-3.43558e-09,-3.43558e-09,0.472933,0.340594,0.340594,2.77337e-09,0.340594,2.77337e-09,1.1556
0.115895,0.88469,-6.12005e-10,-6.12005e-10,0.343144,0.277514,0.277514,1.26881e-08,0.277514,1.26881e-08,0.917939
0.0965151,0.647046,-4.03948e-09,-4.03948e-09,0.240685,0.206479,0.206479,-1.08622e-08,0.206479,-1.08622e-08,0.686643
0.0771354,0.502533,4.58677e-09,4.58677e-09,0.187685,0.157664,0.157664,3.38198e-09,0.157664,3.38198e-09,0.554638
0.0577558,0.354968,6.26165e-10,6.26165e-10,0.118865,0.0960899,0.0960899,-1.74149e-08,0.0960899,-1.74149e-08,0.36118
0.0383761,0.173542,8.05029e-10,8.05029e-10,0.068959,0.0586085,0.0586085,-4.05529e-09,0.0586085,-4.05529e-09,0.232663
0.0189965,0.0784969,4.82359e-10,4.82359e-10,0.0227515,0.0203254,0.0203254,-1.59293e-08,0.0203254,-1.59293e-08,0.082043
0.149617,1.31377,6.29861e-10,6.29861e-10,0.557809,0.376165,0.376165,-4.22428e-10,0.376165,-4.22428e-10,1.3137
0.130237,1.10503,-4.98047e-09,-4.98047e-09,0.453534,0.330163,0.330163,4.60433e-09,0.330163,4.60433e-09,1.13175
0.110857,0.83554,-1.34143e-09,-1.34143e-09,0.326003,0.262947,0.262947,1.74646e-08,0.262947,1.74646e-08,0.883274
0.0914778,0.647046,-4.03948e-09,-4.03948e-09,0.240685,0.206479,0.206479,-1.08622e-08,0.206479,-1.08622e-08,0.686643
0.0720982,0.47008,2.11425e-09,2.11425e-09,0.163125,0.137639,0.137639,-1.0445e-08,0.137639,-1.0445e-08,0.480813
0.0527185,0.270689,-5.24318e-09,-5.24318e-09,0.104696,0.0900302,0.0900302,1.39311e-08,0.0900302,1.39311e-08,0.337673
0.0333389,0.162162,-1.1442e-09,-1.1442e-09,0.052887,0.0454245,0.0454245,2.30071e-08,0.0454245,2.30071e-08,0.178358
0.0139592,0.0784969,4.82359e-10,4.82359e-10,0.0227515,0.0203254,0.0203254,-1.59293e-08,0.0203254,-1.59293e-08,0.082043
0.14458,1.26976,2.98964e-10,2.98963e-10,0.530354,0.364892,0.364892,-2.89614e-09,0.364892,-2.89614e-09,1.25727
0.1252,1.02868,-6.01731e-10,-6.01731e-10,0.407077,0.310625,0.310625,-2.57729e-10,0.310625,-2.57729e-10,1.03705
0.10582,0.83554,-1.34143e-09,-1.34143e-09,0.326003,0.262947,0.262947,1.74646e-08,0.262947,1.74646e-08,0.883274
0.0864406,0.617381,5.47652e-10,5.47652e-10,0.22645,0.188912,0.188912,-4.45877e-09,0.188912,-4.45877e-09,0.646315
0.067061,0.39353,4.95836e-09,4.95836e-09,0.153707,0.12968,0.12968,7.52508e-10,0.12968,7.52508e-10,0.473056
0.0476813,0.261865,3.96642e-09,3.96642e-09,0.0924916,0.0759987,0.0759987,8.43598e-09,0.0759987,8.43598e-09,0.293876
0.0283016,0.162162,-1.1442e-09,-1.1442e-09,0.052887,0.0454245,0.0454245,2.30071e-08,0.0454245,2.30071e-08,0.178358
0.158922,1.33465,7.59826e-10,7.59826e-10,0.566633,0.380414,0.380414,-4.65207e-10,0.380414,-4.65207e-10,1.32372
0.139542,1.22843,-6.00637e-10,-6.00637e-10,0.514607,0.356995,0.356995,-5.3035e-09,0.356995,-5.3035e-09,1.23808
0.120163,0.975022,-4.06677e-09,-4.06677e-09,0.387677,0.297368,0.297368,5.10492e-09,0.297368,5.10492e-09,1.00535
0.100783,0.699053,2.33725e-09,2.33725e-09,0.272306,0.228098,0.228098,-1.96688e-08,0.228098,-1.96688e-08,0.772005
0.0814034,0.502533,4.58677e-09,4.58677e-09,0.187685,0.157664,0.157664,3.38198e-09,0.157664,3.38198e-09,0.554638
0.0620237,0.367563,5.90176e-09,5.90176e-09,0.132267,0.112207,0.112207,-9.26913e-09,0.112207,-9.26913e-09,0.405642
0.0426441,0.246406,-5.52506e-09,-5.52506e-09,0.0741923,0.0611178,0.0611178,1.38967e-08,0.0611178,1.38967e-08,0.235536
0.0232644,0.0821064,1.68535e-09,1.68535e-09,0.0344602,0.0314782,0.0314782,-7.12091e-09,0.0314782,-7.12091e-09,0.125498
0.153885,1.33465,7.59826e-10,7.59826e-10,0.566633,0.380414,0.380414,-4.65207e-10,0.380414,-4.65207e-10,1.32372
0.134505,1.16233,-3.43558e-09,-3.43558e-09,0.472933,0.340594,0.340594,2.77337e-09,0.340594,2.77337e-09,1.1556
0.115125,0.88469,-6.12005e-10,-6.12005e-10,0.343144,0.277514,0.277514,1.26881e-08,0.277514,1.26881e-08,0.917939
0.0957458,0.647046,-4.03948e-09,-4.03948e-09,0.240685,0.206479,0.206479,-1.08622e-08,0.206479,-1.08622e-08,0.686643
0.0763662,0.502533,4.58677e-09,4.58677e-09,0.187685,0.157664,0.157664,3.38198e-09,0.157664,3.38198e-09,0.554638
0.0569865,0.354968,6.26165e-10,6.26165e-10,0.118865,0.0960899,0.0960899,-1.74149e-08,0.0960899,-1.74149e-08,0.36118
0.0376068,0.173542,8.05029e-10,8.05029e-10,0.068959,0.0586085,0.0586085,-4.05529e-09,0.0586085,-4.05529e-09,0.232663
0.0182272,0.0784969,4.82359e-10,4.82359e-10,0.0227515,0.0203254,0.0203254,-1.59293e-08,0.0203254,-1.59293e-08,0.082043
0.148848,1.31377,6.29861e-10,6.29861e-10,0.557809,0.376165,0.376165,-4.22428e-10,0.376165,-4.22428e-10,1.3137
0.129468,1.10503,-4.98047e-09,-4.98047e-09,0.453534,0.330163,0.330163,4.60433e-09,0.330163,4.60433e-09,1.13175
0.110088,0.83554,-1.34143e-09,-1.34143e-09,0.326003,0.262947,0.262947,1.74646e-08,0.262947,1.74646e-08,0.883274
0.0907086,0.647046,-4.03948e-09,-4.03948e-09,0.240685,0.206479,0.206479,-1.08622e-08,0.206479,-1.08622e-08,0.686643
0.0713289,0.47008,2.11425e-09,2.11425e-09,0.163125,0.137639,0.137639,-1.0445e-08,0.137639,-1.0445e-08,0.480813
0.0519493,0.270689,-5.24318e-09,-5.24318e-09,0.104696,0.0900302,0.0900302,1.39311e-08,0.0900302,1.39311e-08,0.337673
0.0325696,0.162162,-1.1442e-09,-1.1442e-09,0.052887,0.0454245,0.0454245,2.30071e-08,0.0454245,2.30071e-08,0.178358
0.01319,0.0784969,4.82359e-10,4.82359e-10,0.0227515,0.0203254,0.0203254,-1.59293e-08,0.0203254,-1.59293e-08,0.082043
0.14381,1.22843,-6.00637e-10,-6.00637e-10,0.514607,0.356995,0.356995,-5.3035e-09,0.356995,-5.3035e-09,1.23808
0.124431,1.02868,-6.01731e-10,-6.01731e-10,0.407077,0.310625,0.310625,-2.57729e-10,0.310625,-2.57729e-10,1.03705
0.105051,0.774374,2.40185e-09,2.40185e-09,0.28796,0.240476,0.240476,-1.96272e-08,0.240476,-1.96272e-08,0.78946
0.0856713,0.525491,2.34569e-09,2.34569e-09,0.200174,0.174308,0.174308,6.54207e-09,0.174308,6.54207e-09,0.595832
0.0662917,0.367563,5.90176e-09,5.90176e-09,0.132267,0.112207,0.112207,-9.26913e-09,0.112207,-9.26913e-09,0.405642
0.046912,0.261865,3.96642e-09,3.96642e-09,0.0924916,0.0759987,0.0759987,8.43598e-09,0.0759987,8.43598e-09,0.293876
0.0275324,0.162162,-1.1442e-09,-1.1442e-09,0.052887,0.0454245,0.0454245,2.30071e-08,0.0454245,2.30071e-08,0.178358
0.158153,1.33465,7.59826e-10,7.59826e-10,0.566633,0.380414,0.380414,-4.65207e-10,0.380414,-4.65207e-10,1.32372
0.138773,1.22843,-6.00637e-10,-6.00637e-10,0.514607,0.356995,0.356995,-5.3035e-09,0.356995,-5.3035e-09,1.23808
0.119393,0.975022,-4.06677e-09,-4.06677e-09,0.387677,0.297368,0.297368,5.10492e-09,0.297368,5.10492e-09,1.00535
0.100014,0.699053,2.33725e-09,2.33725e-09,0.272306,0.228098,0.228098,-1.96688e-08,0.228098,-1.96688e-08,0.772005
0.0806341,0.502533,4.58677e-09,4.58677e-09,0.187685,0.157664,0.157664,3.38198e-09,0.157664,3.38198e-09,0.554638
0.0612545,0.367563,5.90176e-09,5.90176e-09,0.132267,0.112207,0.112207,-9.26913e-09,0.112207,-9.26913e-09,0.405642
0.0418748,0.246406,-5.52506e-09,-5.52506e-09,0.0741923,0.0611178,0.0611178,1.38967e-08,0.0611178,1.38967e-08,0.235536
0.0224952,0.0821064,1.68535e-09,1.68535e-09,0.0344602,0.0314782,0.0314782,-7.12091e-09,0.0314782,-7.12091e-09,0.125498
0.153116,1.33465,7.59826e-10,7.59826e-10,0.566633,0.380414,0.380414,-4.65207e-10,0.380414,-4.65207e-10,1.32372
0.133736,1.16233,-3.43558e-09,-3.43558e-09,0.472933,0.340594,0.340594,2.77337e-09,0.340594,2.77337e-09,1.1556
0.114356,0.88469,-6.12005e-10,-6.12005e-10,0.343144,0.277514,0.277514,1.26881e-08,0.277514,1.26881e-08,0.917939
0.0949765,0.647046,-4.03948e-09,-4.03948e-09,0.240685,0.206479,0.206479,-1.08622e-08,0.206479,-1.08622e-08,0.686643
0.0755969,0.502533,4.58677e-09,4.58677e-09,0.187685,0.157664,0.157664,3.38198e-09,0.157664,3.38198e-09,0.554638
0.0562172,0.354968,6.26165e-10,6.26165e-10,0.118865,0.0960899,0.0960899,-1.74149e-08,0.0960899,-1.74149e-08,0.36118
0.0368376,0.173542,8.05029e-10,8.05029e-10,0.068959,0.0586085,0.0586085,-4.05529e-09,0.0586085,-4.05529e-09,0.232663
0.0174579,0.0784969,4.82359e-10,4.82359e-10,0.0227515,0.0203254,0.0203254,-1.59293e-08,0.0203254,-1.59293e-08,0.082043
0.148078,1.26976,2.98964e-10,2.98963e-10,0.530354,0.364892,0.364892,-2.89614e-09,0.364892,-2.89614e-09,1.25727
0.128699,1.02868,-6.01731e-10,-6.01731e-10,0.407077,0.310625,0.310625,-2.57729e-10,0.310625,-2.57729e-10,1.03705
0.109319,0.83554,-1.34143e-09,-1.34143e-09,0.326003,0.262947,0.262947,1.74646e-08,0.262947,1.74646e-08,0.883274
0.0899393,0.647046,-4.03948e-09,-4.03948e-09,0.240685,0.206479,0.206479,-1.08622e-08,0.206479,-1.08622e-08,0.686643
0.0705597,0.47008,2.11425e-09,2.11425e-09,0.163125,0.137639,0.137639,-1.0445e-08,0.137639,-1.0445e-08,0.480813
0.05118,0.270689,-5.24318e-09,-5.24318e-09,0.104696,0.0900302,0.0900302,1.39311e-08,0.0900302,1.39311e-08,0.337673
0.0318003,0.162162,-1.1442e-09,-1.1442e-09,0.052887,0.0454245,0.0454245,2.30071e-08,0.0454245,2.30071e-08,0.178358
0.0124207,0.0784969,4.82359e-10,4.82359e-10,0.0227515,0.0203254,0.0203254,-1.59293e-08,0.0203254,-1.59293e-08,0.082043
0.143041,1.22843,-6.00637e-10,-6.00637e-10,0.514607,0.356995,0.356995,-5.3035e-09,0.356995,-5.3035e-09,1.23808
0.123661,1.02868,-6.01731e-10,-6.01731e-10,0.407077,0.310625,0.310625,-2.57729e-10,0.310625,-2.57729e-10,1.03705
0.104282,0.774374,2.40185e-09,2.40185e-09,0.28796,0.240476,0.240476,-1.96272e-08,0.240476,-1.96272e-08,0.78946
0.0849021,0.525491,2.34569e-09,2.34569e-09,0.200174,0.174308,0.174308,6.54207e-09,0.174308,6.54207e-09,0.595832
0.0655224,0.367563,5.90176e-09,5.90176e-09,0.132267,0.112207,0.112207,-9.26913e-09,0.112207,-9.26913e-09,0.405642
0.0461428,0.261865,3.96642e-09,3.96642e-09,0.0924916,0.0759987,0.0759987,8.43598e-09,0.0759987,8.43598e-09,0.293876
0.0267631,0.157118,-3.85997e-09,-3.85997e-09,0.0398643,0.0329466,0.0329466,1.93875e-08,0.0329466,1.93875e-08,0.133116
0.157383,1.33465,7.59826e-10,7.59826e-10,0.566633,0.380414,0.380414,-4.65207e-10,0.380414,-4.65207e-10,1.32372
0.138004,1.22843,-6.00637e-10,-6.00637e-10,0.514607,0.356995,0.356995,-5.3035e-09,0.356995,-5.3035e-09,1.23808
0.118624,0.975022,-4.06677e-09,-4.06677e-09,0.387677,0.297368,0.297368,5.10492e-09,0.297368,5.10492e-09,1.00535
0.0992445,0.699053,2.33725e-09,2.33725e-09,0.272306,0.228098,0.228098,-1.96688e-08,0.228098,-1.96688e-08,0.772005
0.0798649,0.502533,4.58677e-09,4.58677e-09,0.187685,0.157664,0.157664,3.38198e-09,0.157664,3.38198e-09,0.554638
0.0604852,0.367563,5.90176e-09,5.90176e-09,0.132267,0.112207,0.112207,-9.26913e-09,0.112207,-9.26913e-09,0.405642
0.0411055,0.246406,-5.52506e-09,-5.52506e-09,0.0741923,0.0611178,0.0611178,1.38967e-08,0.0611178,1.38967e-08,0.235536
0.0217259,0.0821064,1.68535e-09,1.68535e-09,0.0344602,0.0314782,0.0314782,-7.12091e-09,0.0314782,-7.12091e-09,0.125498
0.152346,1.33465,7.59826e-10,7.59826e-10,0.566633,0.380414,0.380414,-4.65207e-10,0.380414,-4.65207e-10,1.32372
0.132967,1.16233,-3.43558e-09,-3.43558e-09,0.472933,0.340594,0.340594,2.77337e-09,0.340594,2.77337e-09,1.1556
0.113587,0.88469,-6.12005e-10,-6.12005e-10,0.343144,0.277514,0.277514,1.26881e-08,0.277514,1.26881e-08,0.917939
0.0942073,0.647046,-4.03948e-09,-4.03948e-09,0.240685,0.206479,0.206479,-1.08622e-08,0.206479,-1.08622e-08,0.686643
0.0748276,0.502533,4.58677e-09,4.58677e-09,0.187685,0.157664,0.157664,3.38198e-09,0.157664,3.38198e-09,0.554638
0.055448,0.354968,6.26165e-10,6.26165e-10,0.118865,0.0960899,0.0960899,-1.74149e-08,0.0960899,-1.74149e-08,0.36118
0.0360683,0.173542,8.05029e-10,8.05029e-10,0.068959,0.0586085,0.0586085,-4.05529e-09,0.0586085,-4.05529e-09,0.232663
0.0166887,0.0784969,4.82359e-10,4.82359e-10,0.0227515,0.0203254,0.0203254,-1.59293e-08,0.0203254,-1.59293e-08,0.082043
0.147309,1.26976,2.98964e-10,2.98963e-10,0.530354,0.364892,0.364892,-2.89614e-09,0.364892,-2.89614e-09,1.25727
0.127929,1.02868,-6.01731e-10,-6.01731e-10,0.407077,0.310625,0.310625,-2.57729e-10,0.310625,-2.57729e-10,1.03705
0.10855,0.83554,-1.34143e-09,-1.34143e-09,0.326003,0.262947,0.262947,1.74646e-08,0.262947,1.74646e-08,0.883274
0.08917,0.617381,5.47652e-10,5.47652e-10,0.22645,0.188912,0.188912,-4.45877e-09,0.188912,-4.45877e-09,0.646315
0.0697904,0.39353,4.95836e-09,4.95836e-09,0.153707,0.12968,0.12968,7.52508e-10,0.12968,7.52508e-10,0.473056
0.0504107,0.261865,3.96642e-09,3.96642e-09,0.0924916,0.0759987,0.0759987,8.43598e-09,0.0759987,8.43598e-09,0.293876
0.0310311,0.162162,-1.1442e-09,-1.1442e-09,0.052887,0.0454245,0.0454245,2.30071e-08,0.0454245,2.30071e-08,0.178358
0.0116514,0.07245,-6.22318e-08,-6.22318e-08,0.00927307,0.00834487,0.00834487,-1.02985e-07,0.00834487,-1.02985e-07,0.0335606
0.142272,1.22843,-6.00637e-10,-6.00637e-10,0.514607,0.356995,0.356995,-5.3035e-09,0.356995,-5.3035e-09,1.23808
0.122892,1.02868,-6.01731e-10,-6.01731e-10,0.407077,0.310625,0.310625,-2.57729e-10,0.310625,-2.57729e-10,1.03705
0.103512,0.774374,2.40185e-09,2.40185e-09,0.28796,0.240476,0.240476,-1.96272e-08,0.240476,-1.96272e-08,0.78946
0.0841328,0.525491,2.34569e-09,2.34569e-09,0.200174,0.174308,0.174308,6.54207e-09,0.174308,6.54207e-09,0.595832
0.0647532,0.367563,5.90176e-09,5.90176e-09,0.132267,0.112207,0.112207,-9.26913e-09,0.112207,-9.26913e-09,0.405642
0.0453735,0.261865,3.96642e-09,3.96642e-09,0.0924916,0.0759987,0.0759987,8.43598e-09,0.0759987,8.43598e-09,0.293876
0.0259939,0.157118,-3.85997e-09,-3.85997e-09,0.0398643,0.0329466,0.0329466,1.93875e-08,0.0329466,1.93875e-08,0.133116
0.156614,1.33465,7.59826e-10,7.59826e-10,0.566633,0.380414,0.380414,-4.65207e-10,0.380414,-4.65207e-10,1.32372
0.137235,1.22843,-6.00637e-10,-6.00637e-10,0.514607,0.356995,0.356995,-5.3035e-09,0.356995,-5.3035e-09,1.23808
0.117855,0.975022,-4.06677e-09,-4.06677e-09,0.387677,0.297368,0.297368,5.10492e-09,0.297368,5.10492e-09,1.00535
0.0984752,0.699053,2.33725e-09,2.33725e-09,0.272306,0.228098,0.228098,-1.96688e-08,0.228098,-1.96688e-08,0.772005
0.0790956,0.502533,4.58677e-09,4.58677e-09,0.187685,0.157664,0.157664,3.38198e-09,0.157664,3.38198e-09,0.554638
0.0597159,0.367563,5.90176e-09,5.90176e-09,0.132267,0.112207,0.112207,-9.26913e-09,0.112207,-9.26913e-09,0.405642
0.0403363,0.246406,-5.52506e-09,-5.52506e-09,0.0741923,0.0611178,0.0611178,1.38967e-08,0.0611178,1.38967e-08,0.235536
0.0209566,0.0821064,1.68535e-09,1.68535e-09,0.0344602,0.0314782,0.0314782,-7.12091e-09,0.0314782,-7.12091e-09,0.125498
0.151577,1.31377,6.29861e-10,6.29861e-10,0.557809,0.376165,0.376165,-4.22428e-10,0.376165,-4.22428e-10,1.3137
0.132197,1.10503,-4.98047e-09,-4.98047e-09,0.453534,0.330163,0.330163,4.60433e-09,0.330163,4.60433e-09,1.13175
0.112818,0.83554,-1.34143e-09,-1.34143e-09,0.326003,0.262947,0.262947,1.74646e-08,0.262947,1.74646e-08,0.883274
0.093438,0.647046,-4.03948e-09,-4.03948e-09,0.240685,0.206479,0.206479,-1.08622e-08,0.206479,-1.08622e-08,0.686643
0.0740584,0.47008,2.11425e-09,2.11425e-09,0.163125,0.137639,0.137639,-1.0445e-08,0.137639,-1.0445e-08,0.480813
0.0546787,0.270689,-5.24318e-09,-5.24318e-09,0.104696,0.0900302,0.0900302,1.39311e-08,0.0900302,1.39311e-08,0.337673
0.035299,0.173542,8.05029e-10,8.05029e-10,0.068959,0.0586085,0.0586085,-4.05529e-09,0.0586085,-4.05529e-09,0.232663
0.0159194,0.0784969,4.82359e-10,4.82359e-10,0.0227515,0.0203254,0.0203254,-1.59293e-08,0.0203254,-1.59293e-08,0.082043
0.14654,1.26976,2.98964e-10,2.98963e-10,0.530354,0.364892,0.364892,-2.89614e-09,0.364892,-2.89614e-09,1.25727
0.12716,1.02868,-6.01731e-10,-6.01731e-10,0.407077,0.310625,0.310625,-2.57729e-10,0.310625,-2.57729e-10,1.03705
0.10778,0.83554,-1.34143e-09,-1.34143e-09,0.326003,0.262947,0.262947,1.74646e-08,0.262947,1.74646e-08,0.883274
0.0884008,0.617381,5.47652e-10,5.47652e-10,0.22645,0.188912,0.188912,-4.45877e-09,0.188912,-4.45877e-09,0.646315
0.0690211,0.39353,4.95836e-09,4.95836e-09,0.153707,0.12968,0.12968,7.52508e-10,0.12968,7.52508e-10,0.473056
0.0496415,0.261865,3.96642e-09,3.96642e-09,0.0924916,0.0759987,0.0759987,8.43598e-09,0.0759987,8.43598e-09,0.293876
0.0302618,0.162162,-1.1442e-09,-1.1442e-09,0.052887,0.0454245,0.0454245,2.30071e-08,0.0454245,2.30071e-08,0.178358
0.0108822,0.07245,-6.22318e-08,-6.22318e-08,0.00927308,0.00834487,0.00834487,-8.1683e-08,0.00834487,-8.1683e-08,0.0335606
0.141503,1.22843,-6.00637e-10,-6.00637e-10,0.514607,0.356995,0.356995,-5.3035e-09,0.356995,-5.3035e-09,1.23808
0.122123,1.02868,-6.01731e-10,-6.01731e-10,0.407077,0.310625,0.310625,-2.57729e-10,0.310625,-2.57729e-10,1.03705
0.102743,0.774374,2.40185e-09,2.40185e-09,0.28796,0.240476,0.240476,-1.96272e-08,0.240476,-1.96272e-08,0.78946
0.0833636,0.525491,2.34569e-09,2.34569e-09,0.200174,0.174308,0.174308,6.54207e-09,0.174308,6.54207e-09,0.595832
0.0639839,0.367563,5.90176e-09,5.90176e-09,0.132267,0.112207,0.112207,-9.26913e-09,0.112207,-9.26913e-09,0.405642
0.0446042,0.261865,3.96642e-09,3.96642e-09,0.0924916,0.0759987,0.0759987,8.43598e-09,0.0759987,8.43598e-09,0.293876
0.0252246,0.157118,-3.85997e-09,-3.85997e-09,0.0398643,0.0329466,0.0329466,1.93875e-08,0.0329466,1.93875e-08,0.133116
0.155845,1.33465,7.59826e-10,7.59826e-10,0.566633,0.380414,0.380414,-4.65207e-10,0.380414,-4.65207e-10,1.32372
0.136465,1.16233,-3.43558e-09,-3.43558e-09,0.472933,0.340594,0.340594,2.77337e-09,0.340594,2.77337e-09,1.1556
0.117086,0.88469,-6.12005e-10,-6.12005e-10,0.343144,0.277514,0.277514,1.26881e-08,0.277514,1.26881e-08,0.917939
0.097706,0.699053,2.33725e-09,2.33725e-09,0.272306,0.228098,0.228098,-1.96688e-08,0.228098,-1.96688e-08,0.772005
0.0783263,0.502533,4.58677e-09,4.58677e-09,0.187685,0.157664,0.157664,3.38198e-09,0.157664,3.38198e-09,0.554638
0.0589467,0.367563,5.90176e-09,5.90176e-09,0.132267,0.112207,0.112207,-9.26913e-09,0.112207,-9.26913e-09,0.405642
0.039567,0.246406,-5.52506e-09,-5.52506e-09,0.0741923,0.0611178,0.0611178,1.38967e-08,0.0611178,1.38967e-08,0.235536
0.0201874,0.0821064,1.68535e-09,1.68535e-09,0.0344602,0.0314782,0.0314782,-7.12091e-09,0.0314782,-7.12091e-09,0.125498
0.150808,1.31377,6.29861e-10,6.29861e-10,0.557809,0.376165,0.376165,-4.22428e-10,0.376165,-4.22428e-10,1.3137
0.131428,1.10503,-4.98047e-09,-4.98047e-09,0.453534,0.330163,0.330163,4.60433e-09,0.330163,4.60433e-09,1.13175
0.112048,0.83554,-1.34143e-09,-1.34143e-09,0.326003,0.262947,0.262947,1.74646e-08,0.262947,1.74646e-08,0.883274
0.0926687,0.647046,-4.03948e-09,-4.03948e-09,0.240685,0.206479,0.206479,-1.08622e-08,0.206479,-1.08622e-08,0.686643
0.0732891,0.47008,2.11425e-09,2.11425e-09,0.163125,0.137639,0.137639,-1.0445e-08,0.137639,-1.0445e-08,0.480813
0.0539094,0.270689,-5.24318e-09,-5.24318e-09,0.104696,0.0900302,0.0900302,1.39311e-08,0.0900302,1.39311e-08,0.337673
0.0345298,0.162162,-1.1442e-09,-1.1442e-09,0.052887,0.0454245,0.0454245,2.30071e-08,0.0454245,2.30071e-08,0.178358
0.0151501,0.0784969,4.82359e-10,4.82359e-10,0.0227515,0.0203254,0.0203254,-1.59293e-08,0.0203254,-1.59293e-08,0.082043
0.14577,1.26976,2.98964e-10,2.98963e-10,0.530354,0.364892,0.364892,-2.89614e-09,0.364892,-2.89614e-09,1.25727
0.126391,1.02868,-6.01731e-10,-6.01731e-10,0.407077,0.310625,0.310625,-2.57729e-10,0.310625,-2.57729e-10,1.03705
0.107011,0.83554,-1.34143e-09,-1.34143e-09,0.326003,0.262947,0.262947,1.74646e-08,0.262947,1.74646e-08,0.883274
0.0876315,0.617381,5.47653e-10,5.47652e-10,0.22645,0.188912,0.188912,-4.45877e-09,0.188912,-4.45877e-09,0.646315
0.0682519,0.39353,4.95836e-09,4.95836e-09,0.153707,0.12968,0.12968,7.52508e-10,0.12968,7.52508e-10,0.473056
0.0488722,0.261865,3.96642e-09,3.96642e-09,0.0924916,0.0759987,0.0759987,8.43598e-09,0.0759987,8.43598e-09,0.293876
0.0294926,0.162162,-1.1442e-09,-1.1442e-09,0.052887,0.0454245,0.0454245,2.30071e-08,0.0454245,2.30071e-08,0.178358
0.0101129,0.07245,-6.22317e-08,-6.22317e-08,0.00927308,0.00834487,0.00834487,-9.01073e-08,0.00834487,-9.01073e-08,0.0335607
0.140733,1.22843,-6.00637e-10,-6.00637e-10,0.514607,0.356995,0.356995,-5.3035e-09,0.356995,-5.3035e-09,1.23808
0.121354,1.02868,-6.01731e-10,-6.01731e-10,0.407077,0.310625,0.310625,-2.57729e-10,0.310625,-2.57729e-10,1.03705
0.101974,0.774374,2.40185e-09,2.40185e-09,0.28796,0.240476,0.240476,-1.96272e-08,0.240476,-1.96272e-08,0.78946
0.0825943,0.525491,2.34569e-09,2.34569e-09,0.200174,0.174308,0.174308,6.54207e-09,0.174308,6.54207e-09,0.595832
0.0632146,0.367563,5.90176e-09,5.90176e-09,0.132267,0.112207,0.112207,-9.26913e-09,0.112207,-9.26913e-09,0.405642
0.043835,0.261865,3.96642e-09,3.96642e-09,0.0924916,0.0759987,0.0759987,8.43598e-09,0.0759987,8.43598e-09,0.293876
0.0244553,0.157118,-3.85997e-09,-3.85997e-09,0.0398643,0.0329466,0.0329466,1.93875e-08,0.0329466,1.93875e-08,0.133116
0.155076,1.33465,7.59826e-10,7.59826e-10,0.566633,0.380414,0.380414,-4.65207e-10,0.380414,-4.65207e-10,1.32372
0.135696,1.16233,-3.43558e-09,-3.43558e-09,0.472933,0.340594,0.340594,2.77337e-09,0.340594,2.77337e-09,1.1556
0.116316,0.88469,-6.12005e-10,-6.12005e-10,0.343144,0.277514,0.277514,1.26881e-08,0.277514,1.26881e-08,0.917939
0.0969367,0.647046,-4.03948e-09,-4.03948e-09,0.240685,0.206479,0.206479,-1.08622e-08,0.206479,-1.08622e-08,0.686643
0.0775571,0.502533,4.58677e-09,4.58677e-09,0.187685,0.157664,0.157664,3.38198e-09,0.157664,3.38198e-09,0.554638
0.0581774,0.354968,6.26165e-10,6.26165e-10,0.118865,0.0960899,0.0960899,-1.74149e-08,0.0960899,-1.74149e-08,0.36118
0.0387977,0.173542,8.05029e-10,8.05029e-10,0.068959,0.0586085,0.0586085,-4.05529e-09,0.0586085,-4.05529e-09,0.232663
0.0194181,0.0784969,4.82359e-10,4.82359e-10,0.0227515,0.0203254,0.0203254,-1.59293e-08,0.0203254,-1.59293e-08,0.082043
0.150038,1.31377,6.29861e-10,6.29861e-10,0.557809,0.376165,0.376165,-4.22428e-10,0.376165,-4.22428e-10,1.3137
0.130659,1.10503,-4.98047e-09,-4.98047e-09,0.453534,0.330163,0.330163,4.60433e-09,0.330163,4.60433e-09,1.13175
0.111279,0.83554,-1.34143e-09,-1.34143e-09,0.326003,0.262947,0.262947,1.74646e-08,0.262947,1.74646e-08,0.883274
0.0918995,0.647046,-4.03948e-09,-4.03948e-09,0.240685,0.206479,0.206479,-1.08622e-08,0.206479,-1.08622e-08,0.686643
0.0725198,0.47008,2.11425e-09,2.11425e-09,0.163125,0.137639,0.137639,-1.0445e-08,0.137639,-1.0445e-08,0.480813
0.0531402,0.270689,-5.24318e-09,-5.24318e-09,0.104696,0.0900302,0.0900302,1.39311e-08,0.0900302,1.39311e-08,0.337673
0.0337605,0.162162,-1.1442e-09,-1.1442e-09,0.052887,0.0454245,0.0454245,2.30071e-08,0.0454245,2.30071e-08,0.178358
0.0143809,0.0784969,4.82359e-10,4.82359e-10,0.0227515,0.0203254,0.0203254,-1.59293e-08,0.0203254,-1.59293e-08,0.082043
0.145001,1.26976,2.98964e-10,2.98963e-10,0.530354,0.364892,0.364892,-2.89614e-09,0.364892,-2.89614e-09,1.25727
0.125622,1.02868,-6.01731e-10,-6.01731e-10,0.407077,0.310625,0.310625,-2.57729e-10,0.310625,-2.57729e-10,1.03705
0.106242,0.83554,-1.34143e-09,-1.34143e-09,0.326003,0.262947,0.262947,1.74646e-08,0.262947,1.74646e-08,0.883274
0.0868623,0.617381,5.47652e-10,5.47652e-10,0.22645,0.188912,0.188912,-4.45877e-09,0.188912,-4.45877e-09,0.646315
0.0674826,0.39353,4.95836e-09,4.95836e-09,0.153707,0.12968,0.12968,7.52508e-10,0.12968,7.52508e-10,0.473056
0.0481029,0.261865,3.96642e-09,3.96642e-09,0.0924916,0.0759987,0.0759987,8.43598e-09,0.0759987,8.43598e-09,0.293876
0.0287233,0.162162,-1.1442e-09,-1.1442e-09,0.052887,0.0454245,0.0454245,2.30071e-08,0.0454245,2.30071e-08,0.178358
0.159344,1.33465,7.59826e-10,7.59826e-10,0.566633,0.380414,0.380414,-4.65207e-10,0.380414,-4.65207e-10,1.32372
0.139964,1.22843,-6.00637e-10,-6.00637e-10,0.514607,0.356995,0.356995,-5.3035e-09,0.356995,-5.3035e-09,1.23808
0.120584,0.975022,-4.06677e-09,-4.06677e-09,0.387677,0.297368,0.297368,5.10492e-09,0.297368,5.10492e-09,1.00535
0.101205,0.699053,2.33725e-09,2.33725e-09,0.272306,0.228098,0.228098,-1.96688e-08,0.228098,-1.96688e-08,0.772005
0.081825,0.502533,4.58677e-09,4.58677e-09,0.187685,0.157664,0.157664,3.38198e-09,0.157664,3.38198e-09,0.554638
0.0624454,0.367563,5.90176e-09,5.90176e-09,0.132267,0.112207,0.112207,-9.26913e-09,0.112207,-9.26913e-09,0.405642
0.0430657,0.261865,3.96642e-09,3.96642e-09,0.0924916,0.0759987,0.0759987,8.43598e-09,0.0759987,8.43598e-09,0.293876
0.0236861,0.157118,-3.85997e-09,-3.85997e-09,0.0398643,0.0329466,0.0329466,1.93875e-08,0.0329466,1.93875e-08,0.133116
0.154306,1.33465,7.59826e-10,7.59826e-10,0.566633,0.380414,0.380414,-4.65207e-10,0.380414,-4.65207e-10,1.32372
0.134927,1.16233,-3.43558e-09,-3.43558e-09,0.472933,0.340594,0.340594,2.77337e-09,0.340594,2.77337e-09,1.1556
0.115547,0.88469,-6.12005e-10,-6.12005e-10,0.343144,0.277514,0.277514,1.26881e-08,0.277514,1.26881e-08,0.917939
0.0961674,0.647046,-4.03948e-09,-4.03948e-09,0.240685,0.206479,0.206479,-1.08622e-08,0.206479,-1.08622e-08,0.686643
0.0767878,0.502533,4.58677e-09,4.58677e-09,0.187685,0.157664,0.157664,3.38198e-09,0.157664,3.38198e-09,0.554638
0.0574081,0.354968,6.26165e-10,6.26165e-10,0.118865,0.0960899,0.0960899,-1.74149e-08,0.0960899,-1.74149e-08,0.36118
0.0380285,0.173542,8.05029e-10,8.05029e-10,0.068959,0.0586085,0.0586085,-4.05529e-09,0.0586085,-4.05529e-09,0.232663
0.0186488,0.0784969,4.82359e-10,4.82359e-10,0.0227515,0.0203254,0.0203254,-1.59293e-08,0.0203254,-1.59293e-08,0.082043
0.149269,1.31377,6.29861e-10,6.29861e-10,0.557809,0.376165,0.376165,-4.22428e-10,0.376165,-4.22428e-10,1.3137
0.12989,1.10503,-4.98047e-09,-4.98047e-09,0.453534,0.330163,0.330163,4.60433e-09,0.330163,4.60433e-09,1.13175
0.11051,0.83554,-1.34143e-09,-1.34143e-09,0.326003,0.262947,0.262947,1.74646e-08,0.262947,1.74646e-08,0.883274
0.0911302,0.647046,-4.03948e-09,-4.03948e-09,0.240685,0.206479,0.206479,-1.08622e-08,0.206479,-1.08622e-08,0.686643
0.0717506,0.47008,2.11425e-09,2.11425e-09,0.163125,0.137639,0.137639,-1.0445e-08,0.137639,-1.0445e-08,0.480813
0.0523709,0.270689,-5.24318e-09,-5.24318e-09,0.104696,0.0900302,0.0900302,1.39311e-08,0.0900302,1.39311e-08,0.337673
0.0329913,0.162162,-1.1442e-09,-1.1442e-09,0.052887,0.0454245,0.0454245,2.30071e-08,0.0454245,2.30071e-08,0.178358
0.0136116,0.0784969,4.82359e-10,4.82359e-10,0.0227515,0.0203254,0.0203254,-1.59293e-08,0.0203254,-1.59293e-08,0.082043
0.144232,1.22843,-6.00637e-10,-6.00637e-10,0.514607,0.356995,0.356995,-5.3035e-09,0.356995,-5.3035e-09,1.23808
0.124852,1.02868,-6.01731e-10,-6.01731e-10,0.407077,0.310625,0.310625,-2.57729e-10,0.310625,-2.57729e-10,1.03705
0.105473,0.83554,-1.34143e-09,-1.34143e-09,0.326003,0.262947,0.262947,1.74646e-08,0.262947,1.74646e-08,0.883274
0.086093,0.617381,5.47652e-10,5.47652e-10,0.22645,0.188912,0.188912,-4.45877e-09,0.188912,-4.45877e-09,0.646315
0.0667133,0.39353,4.95836e-09,4.95836e-09,0.153707,0.12968,0.12968,7.52508e-10,0.12968,7.52508e-10,0.473056
0.0473337,0.261865,3.96642e-09,3.96642e-09,0.0924916,0.0759987,0.0759987,8.43598e-09,0.0759987,8.43598e-09,0.293876
0.027954,0.162162,-1.1442e-09,-1.1442e-09,0.052887,0.0454245,0.0454245,2.30071e-08,0.0454245,2.30071e-08,0.178358
0.158574,1.33465,7.59826e-10,7.59826e-10,0.566633,0.380414,0.380414,-4.65207e-10,0.380414,-4.65207e-10,1.32372
0.139195,1.22843,-6.00637e-10,-6.00637e-10,0.514607,0.356995,0.356995,-5.3035e-09,0.356995,-5.3035e-09,1.23808
0.119815,0.975022,-4.06677e-09,-4.06677e-09,0.387677,0.297368,0.297368,5.10492e-09,0.297368,5.10492e-09,1.00535
0.100435,0.699053,2.33725e-09,2.33725e-09,0.272306,0.228098,0.228098,-1.96688e-08,0.228098,-1.96688e-08,0.772005
0.0810558,0.502533,4.58677e-09,4.58677e-09,0.187685,0.157664,0.157664,3.38198e-09,0.157664,3.38198e-09,0.554638
0.0616761,0.367563,5.90176e-09,5.90176e-09,0.132267,0.112207,0.112207,-9.26913e-09,0.112207,-9.26913e-09,0.405642
0.0422964,0.246406,-5.52506e-09,-5.52506e-09,0.0741923,0.0611178,0.0611178,1.38967e-08,0.0611178,1.38967e-08,0.235536
0.0229168,0.0821064,1.68535e-09,1.68535e-09,0.0344602,0.0314782,0.0314782,-7.12091e-09,0.0314782,-7.12091e-09,0.125498
0.153537,1.33465,7.59826e-10,7.59826e-10,0.566633,0.380414,0.380414,-4.65207e-10,0.380414,-4.65207e-10,1.32372
0.134157,1.16233,-3.43558e-09,-3.43558e-09,0.472933,0.340594,0.340594,2.77337e-09,0.340594,2.77337e-09,1.1556
0.114778,0.88469,-6.12005e-10,-6.12005e-10,0.343144,0.277514,0.277514,1.26881e-08,0.277514,1.26881e-08,0.917939
0.0953982,0.647046,-4.03948e-09,-4.03948e-09,0.240685,0.206479,0.206479,-1.08622e-08,0.206479,-1.08622e-08,0.686643
0.0760185,0.502533,4.58677e-09,4.58677e-09,0.187685,0.157664,0.157664,3.38198e-09,0.157664,3.38198e-09,0.554638
0.0566389,0.354968,6.26165e-10,6.26165e-10,0.118865,0.0960899,0.0960899,-1.74149e-08,0.0960899,-1.74149e-08,0.36118
0.0372592,0.173542,8.05029e-10,8.05029e-10,0.068959,0.0586085,0.0586085,-4.05529e-09,0.0586085,-4.05529e-09,0.232663
0.0178796,0.0784969,4.82359e-10,4.82359e-10,0.0227515,0.0203254,0.0203254,-1.59293e-08,0.0203254,-1.59293e-08,0.082043
0.1485,1.31377,6.29861e-10,6.29861e-10,0.557809,0.376165,0.376165,-4.22428e-10,0.376165,-4.22428e-10,1.3137
0.12912,1.10503,-4.98047e-09,-4.98047e-09,0.453534,0.330163,0.330163,4.60433e-09,0.330163,4.60433e-09,1.13175
0.109741,0.83554,-1.34143e-09,-1.34143e-09,0.326003,0.262947,0.262947,1.74646e-08,0.262947,1.74646e-08,0.883274
0.090361,0.647046,-4.03948e-09,-4.03948e-09,0.240685,0.206479,0.206479,-1.08622e-08,0.206479,-1.08622e-08,0.686643
0.0709813,0.47008,2.11425e-09,2.11425e-09,0.163125,0.137639,0.137639,-1.0445e-08,0.137639,-1.0445e-08,0.480813
0.0516016,0.270689,-5.24318e-09,-5.24318e-09,0.104696,0.0900302,0.0900302,1.39311e-08,0.0900302,1.39311e-08,0.337673
0.032222,0.162162,-1.1442e-09,-1.1442e-09,0.052887,0.0454245,0.0454245,2.30071e-08,0.0454245,2.30071e-08,0.178358
0.0128423,0.0784969,4.82359e-10,4.82359e-10,0.0227515,0.0203254,0.0203254,-1.59293e-08,0.0203254,-1.59293e-08,0.082043
0.143463,1.22843,-6.00637e-10,-6.00637e-10,0.514607,0.356995,0.356995,-5.3035e-09,0.356995,-5.3035e-09,1.23808
0.124083,1.02868,-6.01731e-10,-6.01731e-10,0.407077,0.310625,0.310625,-2.57729e-10,0.310625,-2.57729e-10,1.03705
0.104703,0.774374,2.40185e-09,2.40185e-09,0.28796,0.240476,0.240476,-1.96272e-08,0.240476,-1.96272e-08,0.78946
0.0853237,0.525491,2.34569e-09,2.34569e-09,0.200174,0.174308,0.174308,6.54207e-09,0.174308,6.54207e-09,0.595832
0.0659441,0.367563,5.90176e-09,5.90176e-09,0.132267,0.112207,0.112207,-9.26913e-09,0.112207,-9.26913e-09,0.405642
0.0465644,0.261865,3.96642e-09,3.96642e-09,0.0924916,0.0759987,0.0759987,8.43598e-09,0.0759987,8.43598e-09,0.293876
0.0271848,0.157118,-3.85997e-09,-3.85997e-09,0.0398643,0.0329466,0.0329466,1.93875e-08,0.0329466,1.93875e-08,0.133116
0.157805,1.33465,7.59826e-10,7.59826e-10,0.566633,0.380414,0.380414,-4.65207e-10,0.380414,-4.65207e-10,1.32372
0.138425,1.22843,-6.00637e-10,-6.00637e-10,0.514607,0.356995,0.356995,-5.3035e-09,0.356995,-5.3035e-09,1.23808
0.119046,0.975022,-4.06677e-09,-4.06677e-09,0.387677,0.297368,0.297368,5.10492e-09,0.297368,5.10492e-09,1.00535
0.0996661,0.699053,2.33725e-09,2.33725e-09,0.272306,0.228098,0.228098,-1.96688e-08,0.228098,-1.96688e-08,0.772005
0.0802865,0.502533,4.58677e-09,4.58677e-09,0.187685,0.157664,0.157664,3.38198e-09,0.157664,3.38198e-09,0.554638
0.0609068,0.367563,5.90176e-09,5.90176e-09,0.132267,0.112207,0.112207,-9.26913e-09,0.112207,-9.26913e-09,0.405642
0.0415272,0.246406,-5.52506e-09,-5.52506e-09,0.0741923,0.0611178,0.0611178,1.38967e-08,0.0611178,1.38967e-08,0.235536
0.0221475,0.0821064,1.68535e-09,1.68535e-09,0.0344602,0.0314782,0.0314782,-7.12091e-09,0.0314782,-7.12091e-09,0.125498
0.152768,1.33465,7.59826e-10,7.59826e-10,0.566633,0.380414,0.380414,-4.65207e-10,0.380414,-4.65207e-10,1.32372
0.133388,1.16233,-3.43558e-09,-3.43558e-09,0.472933,0.340594,0.340594,2.77337e-09,0.340594,2.77337e-09,1.1556
0.114009,0.88469,-6.12005e-10,-6.12005e-10,0.343144,0.277514,0.277514,1.26881e-08,0.277514,1.26881e-08,0.917939
0.0946289,0.647046,-4.03948e-09,-4.03948e-09,0.240685,0.206479,0.206479,-1.08622e-08,0.206479,-1.08622e-08,0.686643
0.0752493,0.502533,4.58677e-09,4.58677e-09,0.187685,0.157664,0.157664,3.38198e-09,0.157664,3.38198e-09,0.554638
0.0558696,0.354968,6.26165e-10,6.26165e-10,0.118865,0.0960899,0.0960899,-1.74149e-08,0.0960899,-1.74149e-08,0.36118
0.03649,0.173542,8.05029e-10,8.05029e-10,0.068959,0.0586085,0.0586085,-4.05529e-09,0.0586085,-4.05529e-09,0.232663
0.0171103,0.0784969,4.82359e-10,4.82359e-10,0.0227515,0.0203254,0.0203254,-1.59293e-08,0.0203254,-1.59293e-08,0.082043
0.147731,1.26976,2.98964e-10,2.98963e-10,0.530354,0.364892,0.364892,-2.89614e-09,0.364892,-2.89614e-09,1.25727
0.128351,1.02868,-6.01731e-10,-6.01731e-10,0.407077,0.310625,0.310625,-2.57729e-10,0.310625,-2.57729e-10,1.03705
0.108971,0.83554,-1.34143e-09,-1.34143e-09,0.326003,0.262947,0.262947,1.74646e-08,0.262947,1.74646e-08,0.883274
0.0895917,0.617381,5.47652e-10,5.47652e-10,0.22645,0.188912,0.188912,-4.45877e-09,0.188912,-4.45877e-09,0.646315
0.070212,0.39353,4.95836e-09,4.95836e-09,0.153707,0.12968,0.12968,7.52508e-10,0.12968,7.52508e-10,0.473056
0.0508324,0.270689,-5.24318e-09,-5.24318e-09,0.104696,0.0900302,0.0900302,1.39311e-08,0.0900302,1.39311e-08,0.337673
0.0314527,0.162162,-1.1442e-09,-1.1442e-09,0.052887,0.0454245,0.0454245,2.30071e-08,0.0454245,2.30071e-08,0.178358
0.0120731,0.0784969,4.82359e-10,4.82359e-10,0.0227515,0.0203254,0.0203254,-1.59293e-08,0.0203254,-1.59293e-08,0.082043
0.142693,1.22843,-6.00637e-10,-6.00637e-10,0.514607,0.356995,0.356995,-5.3035e-09,0.356995,-5.3035e-09,1.23808
0.123314,1.02868,-6.01731e-10,-6.01731e-10,0.407077,0.310625,0.310625,-2.57729e-10,0.310625,-2.57729e-10,1.03705
0.103934,0.774374,2.40185e-09,2.40185e-09,0.28796,0.240476,0.240476,-1.96272e-08,0.240476,-1.96272e-08,0.78946
0.0845545,0.525491,2.34569e-09,2.34569e-09,0.200174,0.174308,0.174308,6.54207e-09,0.174308,6.54207e-09,0.595832
0.0651748,0.367563,5.90176e-09,5.90176e-09,0.132267,0.112207,0.112207,-9.26913e-09,0.112207,-9.26913e-09,0.405642
0.0457951,0.261865,3.96642e-09,3.96642e-09,0.0924916,0.0759987,0.0759987,8.43598e-09,0.0759987,8.43598e-09,0.293876
0.0264155,0.157118,-3.85997e-09,-3.85997e-09,0.0398643,0.0329466,0.0329466,1.93875e-08,0.0329466,1.93875e-08,0.133116
0.157036,1.33465,7.59826e-10,7.59826e-10,0.566633,0.380414,0.380414,-4.65207e-10,0.380414,-4.65207e-10,1.32372
0.137656,1.22843,-6.00637e-10,-6.00637e-10,0.514607,0.356995,0.356995,-5.3035e-09,0.356995,-5.3035e-09,1.23808
0.118277,0.975022,-4.06677e-09,-4.06677e-09,0.387677,0.297368,0.297368,5.10492e-09,0.297368,5.10492e-09,1.00535
0.0988969,0.699053,2.33725e-09,2.33725e-09,0.272306,0.228098,0.228098,-1.96688e-08,0.228098,-1.96688e-08,0.772005
0.0795172,0.502533,4.58677e-09,4.58677e-09,0.187685,0.157664,0.157664,3.38198e-09,0.157664,3.38198e-09,0.554638
0.0601376,0.367563,5.90176e-09,5.90176e-09,0.132267,0.112207,0.112207,-9.26913e-09,0.112207,-9.26913e-09,0.405642
0.0407579,0.246406,-5.52506e-09,-5.52506e-09,0.0741923,0.0611178,0.0611178,1.38967e-08,0.0611178,1.38967e-08,0.235536
0.0213783,0.0821064,1.68535e-09,1.68535e-09,0.0344602,0.0314782,0.0314782,-7.12091e-09,0.0314782,-7.12091e-09,0.125498
0.151999,1.31377,6.29861e-10,6.29861e-10,0.557809,0.376165,0.376165,-4.22428e-10,0.376165,-4.22428e-10,1.3137
0.132619,1.10503,-4.98047e-09,-4.98047e-09,0.453534,0.330163,0.330163,4.60433e-09,0.330163,4.60433e-09,1.13175
0.113239,0.83554,-1.34143e-09,-1.34143e-09,0.326003,0.262947,0.262947,1.74646e-08,0.262947,1.74646e-08,0.883274
0.0938597,0.647046,-4.03948e-09,-4.03948e-09,0.240685,0.206479,0.206479,-1.08622e-08,0.206479,-1.08622e-08,0.686643
0.07448,0.502533,4.58677e-09,4.58677e-09,0.187685,0.157664,0.157664,3.38198e-09,0.157664,3.38198e-09,0.554638
0.0551003,0.354968,6.26165e-10,6.26165e-10,0.118865,0.0960899,0.0960899,-1.74149e-08,0.0960899,-1.74149e-08,0.36118
0.0357207,0.173542,8.05029e-10,8.05029e-10,0.068959,0.0586085,0.0586085,-4.05529e-09,0.0586085,-4.05529e-09,0.232663
0.016341,0.0784969,4.82359e-10,4.82359e-10,0.0227515,0.0203254,0.0203254,-1.59293e-08,0.0203254,-1.59293e-08,0.082043
0.146961,1.26976,2.98964e-10,2.98963e-10,0.530354,0.364892,0.364892,-2.89614e-09,0.364892,-2.89614e-09,1.25727
0.127582,1.02868,-6.01731e-10,-6.01731e-10,0.407077,0.310625,0.310625,-2.57729e-10,0.310625,-2.57729e-10,1.03705
0.108202,0.83554,-1.34143e-09,-1.34143e-09,0.326003,0.262947,0.262947,1.74646e-08,0.262947,1.74646e-08,0.883274
0.0888224,0.617381,5.47652e-10,5.47652e-10,0.22645,0.188912,0.188912,-4.45877e-09,0.188912,-4.45877e-09,0.646315
0.0694428,0.39353,4.95836e-09,4.95836e-09,0.153707,0.12968,0.12968,7.52508e-10,0.12968,7.52508e-10,0.473056
0.0500631,0.261865,3.96642e-09,3.96642e-09,0.0924916,0.0759987,0.0759987,8.43598e-09,0.0759987,8.43598e-09,0.293876
0.0306835,0.162162,-1.1442e-09,-1.1442e-09,0.052887,0.0454245,0.0454245,2.30071e-08,0.0454245,2.30071e-08,0.178358
0.0113038,0.07245,-6.22317e-08,-6.22317e-08,0.00927306,0.00834487,0.00834487,-9.18273e-08,0.00834487,-9.18273e-08,0.0335606
0.141924,1.22843,-6.00637e-10,-6.00637e-10,0.514607,0.356995,0.356995,-5.3035e-09,0.356995,-5.3035e-09,1.23808
0.122544,1.02868,-6.01731e-10,-6.01731e-10,0.407077,0.310625,0.310625,-2.57729e-10,0.310625,-2.57729e-10,1.03705
0.103165,0.774374,2.40185e-09,2.40185e-09,0.28796,0.240476,0.240476,-1.96272e-08,0.240476,-1.96272e-08,0.78946
0.0837852,0.525491,2.34569e-09,2.34569e-09,0.200174,0.174308,0.174308,6.54207e-09,0.174308,6.54207e-09,0.595832
0.0644055,0.367563,5.90176e-09,5.90176e-09,0.132267,0.112207,0.112207,-9.26913e-09,0.112207,-9.26913e-09,0.405642
0.0450259,0.261865,3.96642e-09,3.96642e-09,0.0924916,0.0759987,0.0759987,8.43598e-09,0.0759987,8.43598e-09,0.293876
0.0256462,0.157118,-3.85997e-09,-3.85997e-09,0.0398643,0.0329466,0.0329466,1.93875e-08,0.0329466,1.93875e-08,0.133116
0.156267,1.33465,7.59826e-10,7.59826e-10,0.566633,0.380414,0.380414,-4.65207e-10,0.380414,-4.65207e-10,1.32372
0.136887,1.22843,-6.00637e-10,-6.00637e-10,0.514607,0.356995,0.356995,-5.3035e-09,0.356995,-5.3035e-09,1.23808
0.117507,0.975022,-4.06677e-09,-4.06677e-09,0.387677,0.297368,0.297368,5.10492e-09,0.297368,5.10492e-09,1.00535
0.0981276,0.699053,2.33725e-09,2.33725e-09,0.272306,0.228098,0.228098,-1.96688e-08,0.228098,-1.96688e-08,0.772005
0.078748,0.502533,4.58677e-09,4.58677e-09,0.187685,0.157664,0.157664,3.38198e-09,0.157664,3.38198e-09,0.554638
0.0593683,0.367563,5.90176e-09,5.90176e-09,0.132267,0.112207,0.112207,-9.26913e-09,0.112207,-9.26913e-09,0.405642
0.0399887,0.246406,-5.52506e-09,-5.52506e-09,0.0741923,0.0611178,0.0611178,1.38967e-08,0.0611178,1.38967e-08,0.235536
0.020609,0.0821064,1.68535e-09,1.68535e-09,0.0344602,0.0314782,0.0314782,-7.12091e-09,0.0314782,-7.12091e-09,0.125498
0.151229,1.31377,6.29861e-10,6.29861e-10,0.557809,0.376165,0.376165,-4.22428e-10,0.376165,-4.22428e-10,1.3137
0.13185,1.10503,-4.98047e-09,-4.98047e-09,0.453534,0.330163,0.330163,4.60433e-09,0.330163,4.60433e-09,1.13175
0.11247,0.83554,-1.34143e-09,-1.34143e-09,0.326003,0.262947,0.262947,1.74646e-08,0.262947,1.74646e-08,0.883274
0.0930904,0.647046,-4.03948e-09,-4.03948e-09,0.240685,0.206479,0.206479,-1.08622e-08,0.206479,-1.08622e-08,0.686643
0.0737107,0.47008,2.11425e-09,2.11425e-09,0.163125,0.137639,0.137639,-1.0445e-08,0.137639,-1.0445e-08,0.480813
0.0543311,0.270689,-5.24318e-09,-5.24318e-09,0.104696,0.0900302,0.0900302,1.39311e-08,0.0900302,1.39311e-08,0.337673
0.0349514,0.162162,-1.1442e-09,-1.1442e-09,0.052887,0.0454245,0.0454245,2.30071e-08,0.0454245,2.30071e-08,0.178358
0.0155718,0.0784969,4.82359e-10,4.82359e-10,0.0227515,0.0203254,0.0203254,-1.59293e-08,0.0203254,-1.59293e-08,0.082043
0.146192,1.26976,2.98964e-10,2.98963e-10,0.530354,0.364892,0.364892,-2.89614e-09,0.364892,-2.89614e-09,1.25727
0.126812,1.02868,-6.01731e-10,-6.01731e-10,0.407077,0.310625,0.310625,-2.57729e-10,0.310625,-2.57729e-10,1.03705
0.107433,0.83554,-1.34143e-09,-1.34143e-09,0.326003,0.262947,0.262947,1.74646e-08,0.262947,1.74646e-08,0.883274
0.0880532,0.617381,5.47652e-10,5.47652e-10,0.22645,0.188912,0.188912,-4.45877e-09,0.188912,-4.45877e-09,0.646315
0.0686735,0.39353,4.95836e-09,4.95836e-09,0.153707,0.12968,0.12968,7.52508e-10,0.12968,7.52508e-10,0.473056
0.0492938,0.261865,3.96642e-09,3.96642e-09,0.0924916,0.0759987,0.0759987,8.43598e-09,0.0759987,8.43598e-09,0.293876
0.0299142,0.162162,-1.1442e-09,-1.1442e-09,0.052887,0.0454245,0.0454245,2.30071e-08,0.0454245,2.30071e-08,0.178358
0.0105345,0.07245,-6.22318e-08,-6.22318e-08,0.0092731,0.00834487,0.00834487,-7.37985e-08,0.00834487,-7.37985e-08,0.0335606
0.141155,1.22843,-6.00637e-10,-6.00637e-10,0.514607,0.356995,0.356995,-5.3035e-09,0.356995,-5.3035e-09,1.23808
0.121775,1.02868,-6.01731e-10,-6.01731e-10,0.407077,0.310625,0.310625,-2.57729e-10,0.310625,-2.57729e-10,1.03705
0.102396,0.774374,2.40185e-09,2.40185e-09,0.28796,0.240476,0.240476,-1.96272e-08,0.240476,-1.96272e-08,0.78946
0.0830159,0.525491,2.34569e-09,2.34569e-09,0.200174,0.174308,0.174308,6.54207e-09,0.174308,6.54207e-09,0.595832
0.0636363,0.367563,5.90176e-09,5.90176e-09,0.132267,0.112207,0.112207,-9.26913e-09,0.112207,-9.26913e-09,0.405642
0.0442566,0.261865,3.96642e-09,3.96642e-09,0.0924916,0.0759987,0.0759987,8.43598e-09,0.0759987,8.43598e-09,0.293876
0.024877,0.157118,-3.85997e-09,-3.85997e-09,0.0398643,0.0329466,0.0329466,1.93875e-08,0.0329466,1.93875e-08,0.133116
0.155497,1.33465,7.59826e-10,7.59826e-10,0.566633,0.380414,0.380414,-4.65207e-10,0.380414,-4.65207e-10,1.32372
0.136118,1.16233,-3.43558e-09,-3.43558e-09,0.472933,0.340594,0.340594,2.77337e-09,0.340594,2.77337e-09,1.1556
0.116738,0.88469,-6.12005e-10,-6.12005e-10,0.343144,0.277514,0.277514,1.26881e-08,0.277514,1.26881e-08,0.917939
0.0973584,0.647046,-4.03948e-09,-4.03948e-09,0.240685,0.206479,0.206479,-1.08622e-08,0.206479,-1.08622e-08,0.686643
0.0779787,0.502533,4.58677e-09,4.58677e-09,0.187685,0.157664,0.157664,3.38198e-09,0.157664,3.38198e-09,0.554638
0.058599,0.367563,5.90176e-09,5.90176e-09,0.132267,0.112207,0.112207,-9.26913e-09,0.112207,-9.26913e-09,0.405642
0.0392194,0.246406,-5.52506e-09,-5.52506e-09,0.0741923,0.0611178,0.0611178,1.38967e-08,0.0611178,1.38967e-08,0.235536
0.0198397,0.0821064,1.68535e-09,1.68535e-09,0.0344602,0.0314782,0.0314782,-7.12091e-09,0.0314782,-7.12091e-09,0.125498
0.15046,1.31377,6.29861e-10,6.29861e-10,0.557809,0.376165,0.376165,-4.22428e-10,0.376165,-4.22428e-10,1.3137
0.13108,1.10503,-4.98047e-09,-4.98047e-09,0.453534,0.330163,0.330163,4.60433e-09,0.330163,4.60433e-09,1.13175
0.111701,0.83554,-1.34143e-09,-1.34143e-09,0.326003,0.262947,0.262947,1.74646e-08,0.262947,1.74646e-08,0.883274
0.0923211,0.647046,-4.03948e-09,-4.03948e-09,0.240685,0.206479,0.206479,-1.08622e-08,0.206479,-1.08622e-08,0.686643
0.0729415,0.47008,2.11425e-09,2.11425e-09,0.163125,0.137639,0.137639,-1.0445e-08,0.137639,-1.0445e-08,0.480813
0.0535618,0.270689,-5.24318e-09,-5.24318e-09,0.104696,0.0900302,0.0900302,1.39311e-08,0.0900302,1.39311e-08,0.337673
0.0341822,0.162162,-1.1442e-09,-1.1442e-09,0.052887,0.0454245,0.0454245,2.30071e-08,0.0454245,2.30071e-08,0.178358
0.0148025,0.0784969,4.82359e-10,4.82359e-10,0.0227515,0.0203254,0.0203254,-1.59293e-08,0.0203254,-1.59293e-08,0.082043
0.145423,1.26976,2.98964e-10,2.98963e-10,0.530354,0.364892,0.364892,-2.89614e-09,0.364892,-2.89614e-09,1.25727
0.126043,1.02868,-6.01731e-10,-6.01731e-10,0.407077,0.310625,0.310625,-2.57729e-10,0.310625,-2.57729e-10,1.03705
0.106664,0.83554,-1.34143e-09,-1.34143e-09,0.326003,0.262947,0.262947,1.74646e-08,0.262947,1.74646e-08,0.883274
0.0872839,0.617381,5.47652e-10,5.47652e-10,0.22645,0.188912,0.188912,-4.45877e-09,0.188912,-4.45877e-09,0.646315
0.0679042,0.39353,4.95836e-09,4.95836e-09,0.153707,0.12968,0.12968,7.52508e-10,0.12968,7.52508e-10,0.473056
0.0485246,0.261865,3.96642e-09,3.96642e-09,0.0924916,0.0759987,0.0759987,8.43598e-09,0.0759987,8.43598e-09,0.293876
0.0291449,0.162162,-1.1442e-09,-1.1442e-09,0.052887,0.0454245,0.0454245,2.30071e-08,0.0454245,2.30071e-08,0.178358
0.159765,1.33465,7.59826e-10,7.59826e-10,0.566633,0.380414,0.380414,-4.65207e-10,0.380414,-4.65207e-10,1.32372
0.140386,1.22843,-6.00637e-10,-6.00637e-10,0.514607,0.356995,0.356995,-5.3035e-09,0.356995,-5.3035e-09,1.23808
0.121006,0.975022,-4.06677e-09,-4.06677e-09,0.387677,0.297368,0.297368,5.10492e-09,0.297368,5.10492e-09,1.00535
0.101626,0.774374,2.40185e-09,2.40185e-09,0.28796,0.240476,0.240476,-1.96272e-08,0.240476,-1.96272e-08,0.78946
0.0822467,0.525491,2.34569e-09,2.34569e-09,0.200174,0.174308,0.174308,6.54207e-09,0.174308,6.54207e-09,0.595832
0.062867,0.367563,5.90176e-09,5.90176e-09,0.132267,0.112207,0.112207,-9.26913e-09,0.112207,-9.26913e-09,0.405642
0.0434874,0.261865,3.96642e-09,3.96642e-09,0.0924916,0.0759987,0.0759987,8.43598e-09,0.0759987,8.43598e-09,0.293876
0.0241077,0.157118,-3.85997e-09,-3.85997e-09,0.0398643,0.0329466,0.0329466,1.93875e-08,0.0329466,1.93875e-08,0.133116
0.154728,1.33465,7.59826e-10,7.59826e-10,0.566633,0.380414,0.380414,-4.65207e-10,0.380414,-4.65207e-10,1.32372
0.135348,1.16233,-3.43558e-09,-3.43558e-09,0.472933,0.340594,0.340594,2.77337e-09,0.340594,2.77337e-09,1.1556
0.115969,0.88469,-6.12005e-10,-6.12005e-10,0.343144,0.277514,0.277514,1.26881e-08,0.277514,1.26881e-08,0.917939
0.0965891,0.647046,-4.03948e-09,-4.03948e-09,0.240685,0.206479,0.206479,-1.08622e-08,0.206479,-1.08622e-08,0.686643
0.0772094,0.502533,4.58677e-09,4.58677e-09,0.187685,0.157664,0.157664,3.38198e-09,0.157664,3.38198e-09,0.554638
0.0578298,0.354968,6.26165e-10,6.26165e-10,0.118865,0.0960899,0.0960899,-1.74149e-08,0.0960899,-1.74149e-08,0.36118
0.0384501,0.173542,8.05029e-10,8.05029e-10,0.068959,0.0586085,0.0586085,-4.05529e-09,0.0586085,-4.05529e-09,0.232663
0.0190705,0.0784969,4.82359e-10,4.82359e-10,0.0227515,0.0203254,0.0203254,-1.59293e-08,0.0203254,-1.59293e-08,0.082043
0.149691,1.31377,6.29861e-10,6.29861e-10,0.557809,0.376165,0.376165,-4.22428e-10,0.376165,-4.22428e-10,1.3137
0.130311,1.10503,-4.98047e-09,-4.98047e-09,0.453534,0.330163,0.330163,4.60433e-09,0.330163,4.60433e-09,1.13175
0.110932,0.83554,-1.34143e-09,-1.34143e-09,0.326003,0.262947,0.262947,1.74646e-08,0.262947,1.74646e-08,0.883274
0.0915519,0.647046,-4.03948e-09,-4.03948e-09,0.240685,0.206479,0.206479,-1.08622e-08,0.206479,-1.08622e-08,0.686643
0.0721722,0.47008,2.11425e-09,2.11425e-09,0.163125,0.137639,0.137639,-1.0445e-08,0.137639,-1.0445e-08,0.480813
0.0527925,0.270689,-5.24318e-09,-5.24318e-09,0.104696,0.0900302,0.0900302,1.39311e-08,0.0900302,1.39311e-08,0.337673
0.0334129,0.162162,-1.1442e-09,-1.1442e-09,0.052887,0.0454245,0.0454245,2.30071e-08,0.0454245,2.30071e-08,0.178358
0.0140332,0.0784969,4.82359e-10,4.82359e-10,0.0227515,0.0203254,0.0203254,-1.59293e-08,0.0203254,-1.59293e-08,0.082043
0.144654,1.26976,2.98964e-10,2.98963e-10,0.530354,0.364892,0.364892,-2.89614e-09,0.364892,-2.89614e-09,1.25727
0.125274,1.02868,-6.01731e-10,-6.01731e-10,0.407077,0.310625,0.310625,-2.57729e-10,0.310625,-2.57729e-10,1.03705
0.105894,0.83554,-1.34143e-09,-1.34143e-09,0.326003,0.262947,0.262947,1.74646e-08,0.262947,1.74646e-08,0.883274
0.0865146,0.617381,5.47652e-10,5.47652e-10,0.22645,0.188912,0.188912,-4.45877e-09,0.188912,-4.45877e-09,0.646315
0.067135,0.39353,4.95836e-09,4.95836e-09,0.153707,0.12968,0.12968,7.52508e-10,0.12968,7.52508e-10,0.473056
0.0477553,0.261865,3.96642e-09,3.96642e-09,0.0924916,0.0759987,0.0759987,8.43598e-09,0.0759987,8.43598e-09,0.293876
0.0283757,0.162162,-1.1442e-09,-1.1442e-09,0.052887,0.0454245,0.0454245,2.30071e-08,0.0454245,2.30071e-08,0.178358
0.158996,1.33465,7.59826e-10,7.59826e-10,0.566633,0.380414,0.380414,-4.65207e-10,0.380414,-4.65207e-10,1.32372
0.139616,1.22843,-6.00637e-10,-6.00637e-10,0.514607,0.356995,0.356995,-5.3035e-09,0.356995,-5.3035e-09,1.23808
0.120237,0.975022,-4.06677e-09,-4.06677e-09,0.387677,0.297368,0.297368,5.10492e-09,0.297368,5.10492e-09,1.00535
0.100857,0.699053,2.33725e-09,2.33725e-09,0.272306,0.228098,0.228098,-1.96688e-08,0.228098,-1.96688e-08,0.772005
0.0814774,0.502533,4.58677e-09,4.58677e-09,0.187685,0.157664,0.157664,3.38198e-09,0.157664,3.38198e-09,0.554638
0.0620977,0.367563,5.90176e-09,5.90176e-09,0.132267,0.112207,0.112207,-9.26913e-09,0.112207,-9.26913e-09,0.405642
0.0427181,0.246406,-5.52506e-09,-5.52506e-09,0.0741923,0.0611178,0.0611178,1.38967e-08,0.0611178,1.38967e-08,0.235536
0.0233384,0.0821064,1.68535e-09,1.68535e-09,0.0344602,0.0314782,0.0314782,-7.12091e-09,0.0314782,-7.12091e-09,0.125498
0.153959,1.33465,7.59826e-10,7.59826e-10,0.566633,0.380414,0.380414,-4.65207e-10,0.380414,-4.65207e-10,1.32372
0.134579,1.16233,-3.43558e-09,-3.43558e-09,0.472933,0.340594,0.340594,2.77337e-09,0.340594,2.77337e-09,1.1556
0.115199,0.88469,-6.12005e-10,-6.12005e-10,0.343144,0.277514,0.277514,1.26881e-08,0.277514,1.26881e-08,0.917939
0.0958198,0.647046,-4.03948e-09,-4.03948e-09,0.240685,0.206479,0.206479,-1.08622e-08,0.206479,-1.08622e-08,0.686643
0.0764402,0.502533,4.58677e-09,4.58677e-09,0.187685,0.157664,0.157664,3.38198e-09,0.157664,3.38198e-09,0.554638
0.0570605,0.354968,6.26165e-10,6.26165e-10,0.118865,0.0960899,0.0960899,-1.74149e-08,0.0960899,-1.74149e-08,0.36118
0.0376809,0.173542,8.05029e-10,8.05029e-10,0.068959,0.0586085,0.0586085,-4.05529e-09,0.0586085,-4.05529e-09,0.232663
0.0183012,0.0784969,4.82359e-10,4.82359e-10,0.0227515,0.0203254,0.0203254,-1.59293e-08,0.0203254,-1.59293e-08,0.082043
0.148922,1.31377,6.29861e-10,6.29861e-10,0.557809,0.376165,0.376165,-4.22428e-10,0.376165,-4.22428e-10,1.3137
0.129542,1.10503,-4.98047e-09,-4.98047e-09,0.453534,0.330163,0.330163,4.60433e-09,0.330163,4.60433e-09,1.13175
0.110162,0.83554,-1.34143e-09,-1.34143e-09,0.326003,0.262947,0.262947,1.74646e-08,0.262947,1.74646e-08,0.883274
0.0907826,0.647046,-4.03948e-09,-4.03948e-09,0.240685,0.206479,0.206479,-1.08622e-08,0.206479,-1.08622e-08,0.686643
0.0714029,0.47008,2.11425e-09,2.11425e-09,0.163125,0.137639,0.137639,-1.0445e-08,0.137639,-1.0445e-08,0.480813
0.0520233,0.270689,-5.24318e-09,-5.24318e-09,0.104696,0.0900302,0.0900302,1.39311e-08,0.0900302,1.39311e-08,0.337673
0.0326436,0.162162,-1.1442e-09,-1.1442e-09,0.052887,0.0454245,0.0454245,2.30071e-08,0.0454245,2.30071e-08,0.178358
0.013264,0.0784969,4.82359e-10,4.82359e-10,0.0227515,0.0203254,0.0203254,-1.59293e-08,0.0203254,-1.59293e-08,0.082043
0.143884,1.22843,-6.00637e-10,-6.00637e-10,0.514607,0.356995,0.356995,-5.3035e-09,0.356995,-5.3035e-09,1.23808
0.124505,1.02868,-6.01731e-10,-6.01731e-10,0.407077,0.310625,0.310625,-2.57729e-10,0.310625,-2.57729e-10,1.03705
0.105125,0.774374,2.40185e-09,2.40185e-09,0.28796,0.240476,0.240476,-1.96272e-08,0.240476,-1.96272e-08,0.78946
0.0857454,0.525491,2.34569e-09,2.34569e-09,0.200174,0.174308,0.174308,6.54207e-09,0.174308,6.54207e-09,0.595832
0.0663657,0.367563,5.90176e-09,5.90176e-09,0.132267,0.112207,0.112207,-9.26913e-09,0.112207,-9.26913e-09,0.405642
0.0469861,0.261865,3.96642e-09,3.96642e-09,0.0924916,0.0759987,0.0759987,8.43598e-09,0.0759987,8.43598e-09,0.293876
0.0276064,0.162162,-1.1442e-09,-1.1442e-09,0.052887,0.0454245,0.0454245,2.30071e-08,0.0454245,2.30071e-08,0.178358
0.158227,1.33465,7.59826e-10,7.59826e-10,0.566633,0.380414,0.380414,-4.65207e-10,0.380414,-4.65207e-10,1.32372
0.138847,1.22843,-6.00637e-10,-6.00637e-10,0.514607,0.356995,0.356995,-5.3035e-09,0.356995,-5.3035e-09,1.23808
0.119467,0.975022,-4.06677e-09,-4.06677e-09,0.387677,0.297368,0.297368,5.10492e-09,0.297368,5.10492e-09,1.00535
0.100088,0.699053,2.33725e-09,2.33725e-09,0.272306,0.228098,0.228098,-1.96688e-08,0.228098,-1.96688e-08,0.772005
0.0807081,0.502533,4.58677e-09,4.58677e-09,0.187685,0.157664,0.157664,3.38198e-09,0.157664,3.38198e-09,0.554638
0.0613285,0.367563,5.90176e-09,5.90176e-09,0.132267,0.112207,0.112207,-9.26913e-09,0.112207,-9.26913e-09,0.405642
0.0419488,0.246406,-5.52506e-09,-5.52506e-09,0.0741923,0.0611178,0.0611178,1.38967e-08,0.0611178,1.38967e-08,0.235536
0.0225692,0.0821064,1.68535e-09,1.68535e-09,0.0344602,0.0314782,0.0314782,-7.12091e-09,0.0314782,-7.12091e-09,0.125498
0.15319,1.33465,7.59826e-10,7.59826e-10,0.566633,0.380414,0.380414,-4.65207e-10,0.380414,-4.65207e-10,1.32372
0.13381,1.16233,-3.43558e-09,-3.43558e-09,0.472933,0.340594,0.340594,2.77337e-09,0.340594,2.77337e-09,1.1556
0.11443,0.88469,-6.12005e-10,-6.12005e-10,0.343144,0.277514,0.277514,1.26881e-08,0.277514,1.26881e-08,0.917939
0.0950506,0.647046,-4.03948e-09,-4.03948e-09,0.240685,0.206479,0.206479,-1.08622e-08,0.206479,-1.08622e-08,0.686643
0.0756709,0.502533,4.58677e-09,4.58677e-09,0.187685,0.157664,0.157664,3.38198e-09,0.157664,3.38198e-09,0.554638
0.0562913,0.354968,6.26165e-10,6.26165e-10,0.118865,0.0960899,0.0960899,-1.74149e-08,0.0960899,-1.74149e-08,0.36118
0.0369116,0.173542,8.05029e-10,8.05029e-10,0.068959,0.0586085,0.0586085,-4.05529e-09,0.0586085,-4.05529e-09,0.232663
0.0175319,0.0784969,4.82359e-10,4.82359e-10,0.0227515,0.0203254,0.0203254,-1.59293e-08,0.0203254,-1.59293e-08,0.082043
0.148152,1.26976,2.98964e-10,2.98963e-10,0.530354,0.364892,0.364892,-2.89614e-09,0.364892,-2.89614e-09,1.25727
0.128773,1.02868,-6.01731e-10,-6.01731e-10,0.407077,0.310625,0.310625,-2.57729e-10,0.310625,-2.57729e-10,1.03705
0.109393,0.83554,-1.34143e-09,-1.34143e-09,0.326003,0.262947,0.262947,1.74646e-08,0.262947,1.74646e-08,0.883274
0.0900133,0.647046,-4.03948e-09,-4.03948e-09,0.240685,0.206479,0.206479,-1.08622e-08,0.206479,-1.08622e-08,0.686643
0.0706337,0.47008,2.11425e-09,2.11425e-09,0.163125,0.137639,0.137639,-1.0445e-08,0.137639,-1.0445e-08,0.480813
0.051254,0.270689,-5.24318e-09,-5.24318e-09,0.104696,0.0900302,0.0900302,1.39311e-08,0.0900302,1.39311e-08,0.337673
0.0318744,0.162162,-1.1442e-09,-1.1442e-09,0.052887,0.0454245,0.0454245,2.30071e-08,0.0454245,2.30071e-08,0.178358
0.0124947,0.0784969,4.82359e-10,4.82359e-10,0.0227515,0.0203254,0.0203254,-1.59293e-08,0.0203254,-1.59293e-08,0.082043
0.143115,1.22843,-6.00637e-10,-6.00637e-10,0.514607,0.356995,0.356995,-5.3035e-09,0.356995,-5.3035e-09,1.23808
0.123735,1.02868,-6.01731e-10,-6.01731e-10,0.407077,0.310625,0.310625,-2.57729e-10,0.310625,-2.57729e-10,1.03705
0.104356,0.774374,2.40185e-09,2.40185e-09,0.28796,0.240476,0.240476,-1.96272e-08,0.240476,-1.96272e-08,0.78946
0.0849761,0.525491,2.34569e-09,2.34569e-09,0.200174,0.174308,0.174308,6.54207e-09,0.174308,6.54207e-09,0.595832
0.0655964,0.367563,5.90176e-09,5.90176e-09,0.132267,0.112207,0.112207,-9.26913e-09,0.112207,-9.26913e-09,0.405642
0.0462168,0.261865,3.96642e-09,3.96642e-09,0.0924916,0.0759987,0.0759987,8.43598e-09,0.0759987,8.43598e-09,0.293876
0.0268371,0.157118,-3.85997e-09,-3.85997e-09,0.0398643,0.0329466,0.0329466,1.93875e-08,0.0329466,1.93875e-08,0.133116
0.157457,1.33465,7.59826e-10,7.59826e-10,0.566633,0.380414,0.380414,-4.65207e-10,0.380414,-4.65207e-10,1.32372
0.138078,1.22843,-6.00637e-10,-6.00637e-10,0.514607,0.356995,0.356995,-5.3035e-09,0.356995,-5.3035e-09,1.23808
0.118698,0.975022,-4.06677e-09,-4.06677e-09,0.387677,0.297368,0.297368,5.10492e-09,0.297368,5.10492e-09,1.00535
0.0993185,0.699053,2.33725e-09,2.33725e-09,0.272306,0.228098,0.228098,-1.96688e-08,0.228098,-1.96688e-08,0.772005
0.0799389,0.502533,4.58677e-09,4.58677e-09,0.187685,0.157664,0.157664,3.38198e-09,0.157664,3.38198e-09,0.554638
0.0605592,0.367563,5.90176e-09,5.90176e-09,0.132267,0.112207,0.112207,-9.26913e-09,0.112207,-9.26913e-09,0.405642
0.0411796,0.246406,-5.52506e-09,-5.52506e-09,0.0741923,0.0611178,0.0611178,1.38967e-08,0.0611178,1.38967e-08,0.235536
0.0217999,0.0821064,1.68535e-09,1.68535e-09,0.0344602,0.0314782,0.0314782,-7.12091e-09,0.0314782,-7.12091e-09,0.125498
0.15242,1.33465,7.59826e-10,7.59826e-10,0.566633,0.380414,0.380414,-4.65207e-10,0.380414,-4.65207e-10,1.32372
0.133041,1.16233,-3.43558e-09,-3.43558e-09,0.472933,0.340594,0.340594,2.77337e-09,0.340594,2.77337e-09,1.1556
0.113661,0.88469,-6.12005e-10,-6.12005e-10,0.343144,0.277514,0.277514,1.26881e-08,0.277514,1.26881e-08,0.917939
0.0942813,0.647046,-4.03948e-09,-4.03948e-09,0.240685,0.206479,0.206479,-1.08622e-08,0.206479,-1.08622e-08,0.686643
0.0749016,0.502533,4.58677e-09,4.58677e-09,0.187685,0.157664,0.157664,3.38198e-09,0.157664,3.38198e-09,0.554638
0.055522,0.354968,6.26165e-10,6.26165e-10,0.118865,0.0960899,0.0960899,-1.74149e-08,0.0960899,-1.74149e-08,0.36118
0.0361423,0.173542,8.05029e-10,8.05029e-10,0.068959,0.0586085,0.0586085,-4.05529e-09,0.0586085,-4.05529e-09,0.232663
0.0167627,0.0784969,4.82359e-10,4.82359e-10,0.0227515,0.0203254,0.0203254,-1.59293e-08,0.0203254,-1.59293e-08,0.082043
0.147383,1.26976,2.98964e-10,2.98963e-10,0.530354,0.364892,0.364892,-2.89614e-09,0.364892,-2.89614e-09,1.25727
0.128003,1.02868,-6.01731e-10,-6.01731e-10,0.407077,0.310625,0.310625,-2.57729e-10,0.310625,-2.57729e-10,1.03705
0.108624,0.83554,-1.34143e-09,-1.34143e-09,0.326003,0.262947,0.262947,1.74646e-08,0.262947,1.74646e-08,0.883274
0.0892441,0.617381,5.47652e-10,5.47652e-10,0.22645,0.188912,0.188912,-4.45877e-09,0.188912,-4.45877e-09,0.646315
0.0698644,0.39353,4.95836e-09,4.95836e-09,0.153707,0.12968,0.12968,7.52508e-10,0.12968,7.52508e-10,0.473056
0.0504848,0.261865,3.96642e-09,3.96642e-09,0.0924916,0.0759987,0.0759987,8.43598e-09,0.0759987,8.43598e-09,0.293876
0.0311051,0.162162,-1.1442e-09,-1.1442e-09,0.052887,0.0454245,0.0454245,2.30071e-08,0.0454245,2.30071e-08,0.178358
0.0117254,0.0784969,4.82359e-10,4.82359e-10,0.0227515,0.0203254,0.0203254,-1.59293e-08,0.0203254,-1.59293e-08,0.082043
0.142346,1.22843,-6.00637e-10,-6.00637e-10,0.514607,0.356995,0.356995,-5.3035e-09,0.356995,-5.3035e-09,1.23808
0.122966,1.02868,-6.01731e-10,-6.01731e-10,0.407077,0.310625,0.310625,-2.57729e-10,0.310625,-2.57729e-10,1.03705
0.103586,0.774374,2.40185e-09,2.40185e-09,0.28796,0.240476,0.240476,-1.96272e-08,0.240476,-1.96272e-08,0.78946
0.0842068,0.525491,2.34569e-09,2.34569e-09,0.200174,0.174308,0.174308,6.54207e-09,0.174308,6.54207e-09,0.595832
0.0648272,0.367563,5.90176e-09,5.90176e-09,0.132267,0.112207,0.112207,-9.26913e-09,0.112207,-9.26913e-09,0.405642
0.0454475,0.261865,3.96642e-09,3.96642e-09,0.0924916,0.0759987,0.0759987,8.43598e-09,0.0759987,8.43598e-09,0.293876
0.0260679,0.157118,-3.85997e-09,-3.85997e-09,0.0398643,0.0329466,0.0329466,1.93875e-08,0.0329466,1.93875e-08,0.133116
0.156688,1.33465,7.59826e-10,7.59826e-10,0.566633,0.380414,0.380414,-4.65207e-10,0.380414,-4.65207e-10,1.32372
0.137309,1.22843,-6.00637e-10,-6.00637e-10,0.514607,0.356995,0.356995,-5.3035e-09,0.356995,-5.3035e-09,1.23808
0.117929,0.975022,-4.06677e-09,-4.06677e-09,0.387677,0.297368,0.297368,5.10492e-09,0.297368,5.10492e-09,1.00535
0.0985493,0.699053,2.33725e-09,2.33725e-09,0.272306,0.228098,0.228098,-1.96688e-08,0.228098,-1.96688e-08,0.772005
0.0791696,0.502533,4.58677e-09,4.58677e-09,0.187685,0.157664,0.157664,3.38198e-09,0.157664,3.38198e-09,0.554638
0.05979,0.367563,5.90176e-09,5.90176e-09,0.132267,0.112207,0.112207,-9.26913e-09,0.112207,-9.26913e-09,0.405642
0.0404103,0.246406,-5.52506e-09,-5.52506e-09,0.0741923,0.0611178,0.0611178,1.38967e-08,0.0611178,1.38967e-08,0.235536
0.0210306,0.0821064,1.68535e-09,1.68535e-09,0.0344602,0.0314782,0.0314782,-7.12091e-09,0.0314782,-7.12091e-09,0.125498
0.151651,1.31377,6.29861e-10,6.29861e-10,0.557809,0.376165,0.376165,-4.22428e-10,0.376165,-4.22428e-10,1.3137
0.132271,1.10503,-4.98047e-09,-4.98047e-09,0.453534,0.330163,0.330163,4.60433e-09,0.330163,4.60433e-09,1.13175
0.112892,0.83554,-1.34143e-09,-1.34143e-09,0.326003,0.262947,0.262947,1.74646e-08,0.262947,1.74646e-08,0.883274
0.093512,0.647046,-4.03948e-09,-4.03948e-09,0.240685,0.206479,0.206479,-1.08622e-08,0.206479,-1.08622e-08,0.686643
0.0741324,0.47008,2.11425e-09,2.11425e-09,0.163125,0.137639,0.137639,-1.0445e-08,0.137639,-1.0445e-08,0.480813
0.0547527,0.354968,6.26165e-10,6.26165e-10,0.118865,0.0960899,0.0960899,-1.74149e-08,0.0960899,-1.74149e-08,0.36118
0.0353731,0.173542,8.05029e-10,8.05029e-10,0.068959,0.0586085,0.0586085,-4.05529e-09,0.0586085,-4.05529e-09,0.232663
0.0159934,0.0784969,4.82359e-10,4.82359e-10,0.0227515,0.0203254,0.0203254,-1.59293e-08,0.0203254,-1.59293e-08,0.082043
0.146614,1.26976,2.98964e-10,2.98963e-10,0.530354,0.364892,0.364892,-2.89614e-09,0.364892,-2.89614e-09,1.25727
0.127234,1.02868,-6.01731e-10,-6.01731e-10,0.407077,0.310625,0.310625,-2.57729e-10,0.310625,-2.57729e-10,1.03705
0.107854,0.83554,-1.34143e-09,-1.34143e-09,0.326003,0.262947,0.262947,1.74646e-08,0.262947,1.74646e-08,0.883274
0.0884748,0.617381,5.47652e-10,5.47652e-10,0.22645,0.188912,0.188912,-4.45877e-09,0.188912,-4.45877e-09,0.646315
0.0690951,0.39353,4.95836e-09,4.95836e-09,0.153707,0.12968,0.12968,7.52508e-10,0.12968,7.52508e-10,0.473056
0.0497155,0.261865,3.96642e-09,3.96642e-09,0.0924916,0.0759987,0.0759987,8.43598e-09,0.0759987,8.43598e-09,0.293876
0.0303358,0.162162,-1.1442e-09,-1.1442e-09,0.052887,0.0454245,0.0454245,2.30071e-08,0.0454245,2.30071e-08,0.178358
0.0109562,0.07245,-6.22318e-08,-6.22318e-08,0.00927307,0.00834487,0.00834487,-8.48318e-08,0.00834487,-8.48318e-08,0.0335607
0.141577,1.22843,-6.00637e-10,-6.00637e-10,0.514607,0.356995,0.356995,-5.3035e-09,0.356995,-5.3035e-09,1.23808
0.122197,1.02868,-6.01731e-10,-6.01731e-10,0.407077,0.310625,0.310625,-2.57729e-10,0.310625,-2.57729e-10,1.03705
0.102817,0.774374,2.40185e-09,2.40185e-09,0.28796,0.240476,0.240476,-1.96272e-08,0.240476,-1.96272e-08,0.78946
0.0834376,0.525491,2.34569e-09,2.34569e-09,0.200174,0.174308,0.174308,6.54207e-09,0.174308,6.54207e-09,0.595832
0.0640579,0.367563,5.90176e-09,5.90176e-09,0.132267,0.112207,0.112207,-9.26913e-09,0.112207,-9.26913e-09,0.405642
0.0446783,0.261865,3.96642e-09,3.96642e-09,0.0924916,0.0759987,0.0759987,8.43598e-09,0.0759987,8.43598e-09,0.293876
0.0252986,0.157118,-3.85997e-09,-3.85997e-09,0.0398643,0.0329466,0.0329466,1.93875e-08,0.0329466,1.93875e-08,0.133116
0.155919,1.33465,7.59826e-10,7.59826e-10,0.566633,0.380414,0.380414,-4.65207e-10,0.380414,-4.65207e-10,1.32372
0.136539,1.16233,-3.43558e-09,-3.43558e-09,0.472933,0.340594,0.340594,2.77337e-09,0.340594,2.77337e-09,1.1556
0.11716,0.88469,-6.12005e-10,-6.12005e-10,0.343144,0.277514,0.277514,1.26881e-08,0.277514,1.26881e-08,0.917939
0.09778,0.699053,2.33725e-09,2.33725e-09,0.272306,0.228098,0.228098,-1.96688e-08,0.228098,-1.96688e-08,0.772005
0.0784003,0.502533,4.58677e-09,4.58677e-09,0.187685,0.157664,0.157664,3.38198e-09,0.157664,3.38198e-09,0.554638
0.0590207,0.367563,5.90176e-09,5.90176e-09,0.132267,0.112207,0.112207,-9.26913e-09,0.112207,-9.26913e-09,0.405642
0.039641,0.246406,-5.52506e-09,-5.52506e-09,0.0741923,0.0611178,0.0611178,1.38967e-08,0.0611178,1.38967e-08,0.235536
0.0202614,0.0821064,1.68535e-09,1.68535e-09,0.0344602,0.0314782,0.0314782,-7.12091e-09,0.0314782,-7.12091e-09,0.125498
0.150882,1.31377,6.29861e-10,6.29861e-10,0.557809,0.376165,0.376165,-4.22428e-10,0.376165,-4.22428e-10,1.3137
0.131502,1.10503,-4.98047e-09,-4.98047e-09,0.453534,0.330163,0.330163,4.60433e-09,0.330163,4.60433e-09,1.13175
0.112122,0.83554,-1.34143e-09,-1.34143e-09,0.326003,0.262947,0.262947,1.74646e-08,0.262947,1.74646e-08,0.883274
0.0927428,0.647046,-4.03948e-09,-4.03948e-09,0.240685,0.206479,0.206479,-1.08622e-08,0.206479,-1.08622e-08,0.686643
0.0733631,0.47008,2.11425e-09,2.11425e-09,0.163125,0.137639,0.137639,-1.0445e-08,0.137639,-1.0445e-08,0.480813
0.0539835,0.270689,-5.24318e-09,-5.24318e-09,0.104696,0.0900302,0.0900302,1.39311e-08,0.0900302,1.39311e-08,0.337673
0.0346038,0.162162,-1.1442e-09,-1.1442e-09,0.052887,0.0454245,0.0454245,2.30071e-08,0.0454245,2.30071e-08,0.178358
0.0152241,0.0784969,4.82359e-10,4.82359e-10,0.0227515,0.0203254,0.0203254,-1.59293e-08,0.0203254,-1.59293e-08,0.082043
0.145844,1.26976,2.98964e-10,2.98963e-10,0.530354,0.364892,0.364892,-2.89614e-09,0.364892,-2.89614e-09,1.25727
0.126465,1.02868,-6.01731e-10,-6.01731e-10,0.407077,0.310625,0.310625,-2.57729e-10,0.310625,-2.57729e-10,1.03705
0.107085,0.83554,-1.34143e-09,-1.34143e-09,0.326003,0.262947,0.262947,1.74646e-08,0.262947,1.74646e-08,0.883274
0.0877055,0.617381,5.47652e-10,5.47652e-10,0.22645,0.188912,0.188912,-4.45877e-09,0.188912,-4.45877e-09,0.646315
0.0683259,0.39353,4.95836e-09,4.95836e-09,0.153707,0.12968,0.12968,7.52508e-10,0.12968,7.52508e-10,0.473056
0.0489462,0.261865,3.96642e-09,3.96642e-09,0.0924916,0.0759987,0.0759987,8.43598e-09,0.0759987,8.43598e-09,0.293876
0.0295666,0.162162,-1.1442e-09,-1.1442e-09,0.052887,0.0454245,0.0454245,2.30071e-08,0.0454245,2.30071e-08,0.178358
0.0101869,0.07245,-6.22318e-08,-6.22318e-08,0.00927309,0.00834487,0.00834487,-9.72635e-08,0.00834487,-9.72635e-08,0.0335606
0.140807,1.22843,-6.00637e-10,-6.00637e-10,0.514607,0.356995,0.356995,-5.3035e-09,0.356995,-5.3035e-09,1.23808
0.121428,1.02868,-6.01731e-10,-6.01731e-10,0.407077,0.310625,0.310625,-2.57729e-10,0.310625,-2.57729e-10,1.03705
0.102048,0.774374,2.40185e-09,2.40185e-09,0.28796,0.240476,0.240476,-1.96272e-08,0.240476,-1.96272e-08,0.78946
0.0826683,0.525491,2.34569e-09,2.34569e-09,0.200174,0.174308,0.174308,6.54207e-09,0.174308,6.54207e-09,0.595832
0.0632887,0.367563,5.90176e-09,5.90176e-09,0.132267,0.112207,0.112207,-9.26913e-09,0.112207,-9.26913e-09,0.405642
0.043909,0.261865,3.96642e-09,3.96642e-09,0.0924916,0.0759987,0.0759987,8.43598e-09,0.0759987,8.43598e-09,0.293876
0.0245293,0.157118,-3.85997e-09,-3.85997e-09,0.0398643,0.0329466,0.0329466,1.93875e-08,0.0329466,1.93875e-08,0.133116
0.15515,1.33465,7.59826e-10,7.59826e-10,0.566633,0.380414,0.380414,-4.65207e-10,0.380414,-4.65207e-10,1.32372
0.13577,1.16233,-3.43558e-09,-3.43558e-09,0.472933,0.340594,0.340594,2.77337e-09,0.340594,2.77337e-09,1.1556
0.11639,0.88469,-6.12005e-10,-6.12005e-10,0.343144,0.277514,0.277514,1.26881e-08,0.277514,1.26881e-08,0.917939
0.0970107,0.647046,-4.03948e-09,-4.03948e-09,0.240685,0.206479,0.206479,-1.08622e-08,0.206479,-1.08622e-08,0.686643
0.0776311,0.502533,4.58677e-09,4.58677e-09,0.187685,0.157664,0.157664,3.38198e-09,0.157664,3.38198e-09,0.554638
0.0582514,0.354968,6.26165e-10,6.26165e-10,0.118865,0.0960899,0.0960899,-1.74149e-08,0.0960899,-1.74149e-08,0.36118
0.0388718,0.173542,8.05029e-10,8.05029e-10,0.068959,0.0586085,0.0586085,-4.05529e-09,0.0586085,-4.05529e-09,0.232663
0.0194921,0.0784969,4.82359e-10,4.82359e-10,0.0227515,0.0203254,0.0203254,-1.59293e-08,0.0203254,-1.59293e-08,0.082043
0.150112,1.31377,6.29861e-10,6.29861e-10,0.557809,0.376165,0.376165,-4.22428e-10,0.376165,-4.22428e-10,1.3137
0.130733,1.10503,-4.98047e-09,-4.98047e-09,0.453534,0.330163,0.330163,4.60433e-09,0.330163,4.60433e-09,1.13175
0.111353,0.83554,-1.34143e-09,-1.34143e-09,0.326003,0.262947,0.262947,1.74646e-08,0.262947,1.74646e-08,0.883274
0.0919735,0.647046,-4.03948e-09,-4.03948e-09,0.240685,0.206479,0.206479,-1.08622e-08,0.206479,-1.08622e-08,0.686643
0.0725938,0.47008,2.11425e-09,2.11425e-09,0.163125,0.137639,0.137639,-1.0445e-08,0.137639,-1.0445e-08,0.480813
0.0532142,0.270689,-5.24318e-09,-5.24318e-09,0.104696,0.0900302,0.0900302,1.39311e-08,0.0900302,1.39311e-08,0.337673
0.0338345,0.162162,-1.1442e-09,-1.1442e-09,0.052887,0.0454245,0.0454245,2.30071e-08,0.0454245,2.30071e-08,0.178358
0.0144549,0.0784969,4.82359e-10,4.82359e-10,0.0227515,0.0203254,0.0203254,-1.59293e-08,0.0203254,-1.59293e-08,0.082043
0.145075,1.26976,2.98964e-10,2.98963e-10,0.530354,0.364892,0.364892,-2.89614e-09,0.364892,-2.89614e-09,1.25727
0.125696,1.02868,-6.01731e-10,-6.01731e-10,0.407077,0.310625,0.310625,-2.57729e-10,0.310625,-2.57729e-10,1.03705
0.106316,0.83554,-1.34143e-09,-1.34143e-09,0.326003,0.262947,0.262947,1.74646e-08,0.262947,1.74646e-08,0.883274
0.0869363,0.617381,5.47652e-10,5.47652e-10,0.22645,0.188912,0.188912,-4.45877e-09,0.188912,-4.45877e-09,0.646315
0.0675566,0.39353,4.95836e-09,4.95836e-09,0.153707,0.12968,0.12968,7.52508e-10,0.12968,7.52508e-10,0.473056
0.048177,0.261865,3.96642e-09,3.96642e-09,0.0924916,0.0759987,0.0759987,8.43598e-09,0.0759987,8.43598e-09,0.293876
0.0287973,0.162162,-1.1442e-09,-1.1442e-09,0.052887,0.0454245,0.0454245,2.30071e-08,0.0454245,2.30071e-08,0.178358
0.159418,1.33465,7.59826e-10,7.59826e-10,0.566633,0.380414,0.380414,-4.65207e-10,0.380414,-4.65207e-10,1.32372
0.140038,1.22843,-6.00637e-10,-6.00637e-10,0.514607,0.356995,0.356995,-5.3035e-09,0.356995,-5.3035e-09,1.23808
0.120658,0.975022,-4.06677e-09,-4.06677e-09,0.387677,0.297368,0.297368,5.10492e-09,0.297368,5.10492e-09,1.00535
0.101279,0.699053,2.33725e-09,2.33725e-09,0.272306,0.228098,0.228098,-1.96688e-08,0.228098,-1.96688e-08,0.772005
0.081899,0.502533,4.58677e-09,4.58677e-09,0.187685,0.157664,0.157664,3.38198e-09,0.157664,3.38198e-09,0.554638
0.0625194,0.367563,5.90176e-09,5.90176e-09,0.132267,0.112207,0.112207,-9.26913e-09,0.112207,-9.26913e-09,0.405642
0.0431397,0.261865,3.96642e-09,3.96642e-09,0.0924916,0.0759987,0.0759987,8.43598e-09,0.0759987,8.43598e-09,0.293876
0.0237601,0.157118,-3.85997e-09,-3.85997e-09,0.0398643,0.0329466,0.0329466,1.93875e-08,0.0329466,1.93875e-08,0.133116
0.15438,1.33465,7.59826e-10,7.59826e-10,0.566633,0.380414,0.380414,-4.65207e-10,0.380414,-4.65207e-10,1.32372
0.135001,1.16233,-3.43558e-09,-3.43558e-09,0.472933,0.340594,0.340594,2.77337e-09,0.340594,2.77337e-09,1.1556
0.115621,0.88469,-6.12005e-10,-6.12005e-10,0.343144,0.277514,0.277514,1.26881e-08,0.277514,1.26881e-08,0.917939
0.0962415,0.647046,-4.03948e-09,-4.03948e-09,0.240685,0.206479,0.206479,-1.08622e-08,0.206479,-1.08622e-08,0.686643
0.0768618,0.502533,4.58677e-09,4.58677e-09,0.187685,0.157664,0.157664,3.38198e-09,0.157664,3.38198e-09,0.554638
0.0574822,0.354968,6.26165e-10,6.26165e-10,0.118865,0.0960899,0.0960899,-1.74149e-08,0.0960899,-1.74149e-08,0.36118
0.0381025,0.173542,8.05029e-10,8.05029e-10,0.068959,0.0586085,0.0586085,-4.05529e-09,0.0586085,-4.05529e-09,0.232663
0.0187228,0.0784969,4.82359e-10,4.82359e-10,0.0227515,0.0203254,0.0203254,-1.59293e-08,0.0203254,-1.59293e-08,0.082043
0.149343,1.31377,6.29861e-10,6.29861e-10,0.557809,0.376165,0.376165,-4.22428e-10,0.376165,-4.22428e-10,1.3137
0.129964,1.10503,-4.98047e-09,-4.98047e-09,0.453534,0.330163,0.330163,4.60433e-09,0.330163,4.60433e-09,1.13175
0.110584,0.83554,-1.34143e-09,-1.34143e-09,0.326003,0.262947,0.262947,1.74646e-08,0.262947,1.74646e-08,0.883274
0.0912042,0.647046,-4.03948e-09,-4.03948e-09,0.240685,0.206479,0.206479,-1.08622e-08,0.206479,-1.08622e-08,0.686643
0.0718246,0.47008,2.11425e-09,2.11425e-09,0.163125,0.137639,0.137639,-1.0445e-08,0.137639,-1.0445e-08,0.480813
0.0524449,0.270689,-5.24318e-09,-5.24318e-09,0.104696,0.0900302,0.0900302,1.39311e-08,0.0900302,1.39311e-08,0.337673
0.0330653,0.162162,-1.1442e-09,-1.1442e-09,0.052887,0.0454245,0.0454245,2.30071e-08,0.0454245,2.30071e-08,0.178358
0.0136856,0.0784969,4.82359e-10,4.82359e-10,0.0227515,0.0203254,0.0203254,-1.59293e-08,0.0203254,-1.59293e-08,0.082043
0.144306,1.22843,-6.00637e-10,-6.00637e-10,0.514607,0.356995,0.356995,-5.3035e-09,0.356995,-5.3035e-09,1.23808
0.124926,1.02868,-6.01731e-10,-6.01731e-10,0.407077,0.310625,0.310625,-2.57729e-10,0.310625,-2.57729e-10,1.03705
0.105547,0.83554,-1.34143e-09,-1.34143e-09,0.326003,0.262947,0.262947,1.74646e-08,0.262947,1.74646e-08,0.883274
0.086167,0.617381,5.47652e-10,5.47652e-10,0.22645,0.188912,0.188912,-4.45877e-09,0.188912,-4.45877e-09,0.646315
0.0667874,0.39353,4.95836e-09,4.95836e-09,0.153707,0.12968,0.12968,7.52508e-10,0.12968,7.52508e-10,0.473056
0.0474077,0.261865,3.96642e-09,3.96642e-09,0.0924916,0.0759987,0.0759987,8.43598e-09,0.0759987,8.43598e-09,0.293876
0.028028,0.162162,-1.1442e-09,-1.1442e-09,0.052887,0.0454245,0.0454245,2.30071e-08,0.0454245,2.30071e-08,0.178358
0.158648,1.33465,7.59826e-10,7.59826e-10,0.566633,0.380414,0.380414,-4.65207e-10,0.380414,-4.65207e-10,1.32372
0.139269,1.22843,-6.00637e-10,-6.00637e-10,0.514607,0.356995,0.356995,-5.3035e-09,0.356995,-5.3035e-09,1.23808
0.119889,0.975022,-4.06677e-09,-4.06677e-09,0.387677,0.297368,0.297368,5.10492e-09,0.297368,5.10492e-09,1.00535
0.100509,0.699053,2.33725e-09,2.33725e-09,0.272306,0.228098,0.228098,-1.96688e-08,0.228098,-1.96688e-08,0.772005
0.0811298,0.502533,4.58677e-09,4.58677e-09,0.187685,0.157664,0.157664,3.38198e-09,0.157664,3.38198e-09,0.554638
0.0617501,0.367563,5.90176e-09,5.90176e-09,0.132267,0.112207,0.112207,-9.26913e-09,0.112207,-9.26913e-09,0.405642
0.0423705,0.246406,-5.52506e-09,-5.52506e-09,0.0741923,0.0611178,0.0611178,1.38967e-08,0.0611178,1.38967e-08,0.235536
0.0229908,0.0821064,1.68535e-09,1.68535e-09,0.0344602,0.0314782,0.0314782,-7.12091e-09,0.0314782,-7.12091e-09,0.125498
0.153611,1.33465,7.59826e-10,7.59826e-10,0.566633,0.380414,0.380414,-4.65207e-10,0.380414,-4.65207e-10,1.32372
0.134232,1.16233,-3.43558e-09,-3.43558e-09,0.472933,0.340594,0.340594,2.77337e-09,0.340594,2.77337e-09,1.1556
0.114852,0.88469,-6.12005e-10,-6.12005e-10,0.343144,0.277514,0.277514,1.26881e-08,0.277514,1.26881e-08,0.917939
0.0954722,0.647046,-4.03948e-09,-4.03948e-09,0.240685,0.206479,0.206479,-1.08622e-08,0.206479,-1.08622e-08,0.686643
0.0760925,0.502533,4.58677e-09,4.58677e-09,0.187685,0.157664,0.157664,3.38198e-09,0.157664,3.38198e-09,0.554638
0.0567129,0.354968,6.26165e-10,6.26165e-10,0.118865,0.0960899,0.0960899,-1.74149e-08,0.0960899,-1.74149e-08,0.36118
0.0373332,0.173542,8.05029e-10,8.05029e-10,0.068959,0.0586085,0.0586085,-4.05529e-09,0.0586085,-4.05529e-09,0.232663
0.0179536,0.0784969,4.82359e-10,4.82359e-10,0.0227515,0.0203254,0.0203254,-1.59293e-08,0.0203254,-1.59293e-08,0.082043
0.148574,1.31377,6.29861e-10,6.29861e-10,0.557809,0.376165,0.376165,-4.22428e-10,0.376165,-4.22428e-10,1.3137
0.129194,1.10503,-4.98047e-09,-4.98047e-09,0.453534,0.330163,0.330163,4.60433e-09,0.330163,4.60433e-09,1.13175
0.109815,0.83554,-1.34143e-09,-1.34143e-09,0.326003,0.262947,0.262947,1.74646e-08,0.262947,1.74646e-08,0.883274
0.090435,0.647046,-4.03948e-09,-4.03948e-09,0.240685,0.206479,0.206479,-1.08622e-08,0.206479,-1.08622e-08,0.686643
0.0710553,0.47008,2.11425e-09,2.11425e-09,0.163125,0.137639,0.137639,-1.0445e-08,0.137639,-1.0445e-08,0.480813
0.0516757,0.270689,-5.24318e-09,-5.24318e-09,0.104696,0.0900302,0.0900302,1.39311e-08,0.0900302,1.39311e-08,0.337673
0.032296,0.162162,-1.1442e-09,-1.1442e-09,0.052887,0.0454245,0.0454245,2.30071e-08,0.0454245,2.30071e-08,0.178358
0.0129164,0.0784969,4.82359e-10,4.82359e-10,0.0227515,0.0203254,0.0203254,-1.59293e-08,0.0203254,-1.59293e-08,0.082043
0.143537,1.22843,-6.00637e-10,-6.00637e-10,0.514607,0.356995,0.356995,-5.3035e-09,0.356995,-5.3035e-09,1.23808
0.124157,1.02868,-6.01731e-10,-6.01731e-10,0.407077,0.310625,0.310625,-2.57729e-10,0.310625,-2.57729e-10,1.03705
0.104777,0.774374,2.40185e-09,2.40185e-09,0.28796,0.240476,0.240476,-1.96272e-08,0.240476,-1.96272e-08,0.78946
0.0853977,0.525491,2.34569e-09,2.34569e-09,0.200174,0.174308,0.174308,6.54207e-09,0.174308,6.54207e-09,0.595832
0.0660181,0.367563,5.90176e-09,5.90176e-09,0.132267,0.112207,0.112207,-9.26913e-09,0.112207,-9.26913e-09,0.405642
0.0466384,0.261865,3.96642e-09,3.96642e-09,0.0924916,0.0759987,0.0759987,8.43598e-09,0.0759987,8.43598e-09,0.293876
0.0272588,0.157118,-3.85997e-09,-3.85997e-09,0.0398643,0.0329466,0.0329466,1.93875e-08,0.0329466,1.93875e-08,0.133116
0.157879,1.33465,7.59826e-10,7.59826e-10,0.566633,0.380414,0.380414,-4.65207e-10,0.380414,-4.65207e-10,1.32372
0.138499,1.22843,-6.00637e-10,-6.00637e-10,0.514607,0.356995,0.356995,-5.3035e-09,0.356995,-5.3035e-09,1.23808
0.11912,0.975022,-4.06677e-09,-4.06677e-09,0.387677,0.297368,0.297368,5.10492e-09,0.297368,5.10492e-09,1.00535
0.0997402,0.699053,2.33725e-09,2.33725e-09,0.272306,0.228098,0.228098,-1.96688e-08,0.228098,-1.96688e-08,0.772005
0.0803605,0.502533,4.58677e-09,4.58677e-09,0.187685,0.157664,0.157664,3.38198e-09,0.157664,3.38198e-09,0.554638
0.0609809,0.367563,5.90176e-09,5.90176e-09,0.132267,0.112207,0.112207,-9.26913e-09,0.112207,-9.26913e-09,0.405642
0.0416012,0.246406,-5.52506e-09,-5.52506e-09,0.0741923,0.0611178,0.0611178,1.38967e-08,0.0611178,1.38967e-08,0.235536
0.0222215,0.0821064,1.68535e-09,1.68535e-09,0.0344602,0.0314782,0.0314782,-7.12091e-09,0.0314782,-7.12091e-09,0.125498
0.152842,1.33465,7.59826e-10,7.59826e-10,0.566633,0.380414,0.380414,-4.65207e-10,0.380414,-4.65207e-10,1.32372
0.133462,1.16233,-3.43558e-09,-3.43558e-09,0.472933,0.340594,0.340594,2.77337e-09,0.340594,2.77337e-09,1.1556
0.114083,0.88469,-6.12005e-10,-6.12005e-10,0.343144,0.277514,0.277514,1.26881e-08,0.277514,1.26881e-08,0.917939
0.0947029,0.647046,-4.03948e-09,-4.03948e-09,0.240685,0.206479,0.206479,-1.08622e-08,0.206479,-1.08622e-08,0.686643
0.0753233,0.502533,4.58677e-09,4.58677e-09,0.187685,0.157664,0.157664,3.38198e-09,0.157664,3.38198e-09,0.554638
0.0559436,0.354968,6.26165e-10,6.26165e-10,0.118865,0.0960899,0.0960899,-1.74149e-08,0.0960899,-1.74149e-08,0.36118
0.036564,0.173542,8.05029e-10,8.05029e-10,0.068959,0.0586085,0.0586085,-4.05529e-09,0.0586085,-4.05529e-09,0.232663
0.0171843,0.0784969,4.82359e-10,4.82359e-10,0.0227515,0.0203254,0.0203254,-1.59293e-08,0.0203254,-1.59293e-08,0.082043
0.147805,1.26976,2.98964e-10,2.98963e-10,0.530354,0.364892,0.364892,-2.89614e-09,0.364892,-2.89614e-09,1.25727
0.128425,1.02868,-6.01731e-10,-6.01731e-10,0.407077,0.310625,0.310625,-2.57729e-10,0.310625,-2.57729e-10,1.03705
0.109045,0.83554,-1.34143e-09,-1.34143e-09,0.326003,0.262947,0.262947,1.74646e-08,0.262947,1.74646e-08,0.883274
0.0896657,0.617381,5.47652e-10,5.47652e-10,0.22645,0.188912,0.188912,-4.45877e-09,0.188912,-4.45877e-09,0.646315
0.0702861,0.39353,4.95836e-09,4.95836e-09,0.153707,0.12968,0.12968,7.52508e-10,0.12968,7.52508e-10,0.473056
0.0509064,0.270689,-5.24318e-09,-5.24318e-09,0.104696,0.0900302,0.0900302,1.39311e-08,0.0900302,1.39311e-08,0.337673
0.0315267,0.162162,-1.1442e-09,-1.1442e-09,0.052887,0.0454245,0.0454245,2.30071e-08,0.0454245,2.30071e-08,0.178358
0.0121471,0.0784969,4.82359e-10,4.82359e-10,0.0227515,0.0203254,0.0203254,-1.59293e-08,0.0203254,-1.59293e-08,0.082043
0.142767,1.22843,-6.00637e-10,-6.00637e-10,0.514607,0.356995,0.356995,-5.3035e-09,0.356995,-5.3035e-09,1.23808
0.123388,1.02868,-6.01731e-10,-6.01731e-10,0.407077,0.310625,0.310625,-2.57729e-10,0.310625,-2.57729e-10,1.03705
0.104008,0.774374,2.40185e-09,2.40185e-09,0.28796,0.240476,0.240476,-1.96272e-08,0.240476,-1.96272e-08,0.78946
0.0846285,0.525491,2.34569e-09,2.34569e-09,0.200174,0.174308,0.174308,6.54207e-09,0.174308,6.54207e-09,0.595832
0.0652488,0.367563,5.90176e-09,5.90176e-09,0.132267,0.112207,0.112207,-9.26913e-09,0.112207,-9.26913e-09,0.405642
0.0458692,0.261865,3.96642e-09,3.96642e-09,0.0924916,0.0759987,0.0759987,8.43598e-09,0.0759987,8.43598e-09,0.293876
0.0264895,0.157118,-3.85997e-09,-3.85997e-09,0.0398643,0.0329466,0.0329466,1.93875e-08,0.0329466,1.93875e-08,0.133116
0.15711,1.33465,7.59826e-10,7.59826e-10,0.566633,0.380414,0.380414,-4.65207e-10,0.380414,-4.65207e-10,1.32372
0.13773,1.22843,-6.00637e-10,-6.00637e-10,0.514607,0.356995,0.356995,-5.3035e-09,0.356995,-5.3035e-09,1.23808
0.118351,0.975022,-4.06677e-09,-4.06677e-09,0.387677,0.297368,0.297368,5.10492e-09,0.297368,5.10492e-09,1.00535
0.0989709,0.699053,2.33725e-09,2.33725e-09,0.272306,0.228098,0.228098,-1.96688e-08,0.228098,-1.96688e-08,0.772005
0.0795912,0.502533,4.58677e-09,4.58677e-09,0.187685,0.157664,0.157664,3.38198e-09,0.157664,3.38198e-09,0.554638
0.0602116,0.367563,5.90176e-09,5.90176e-09,0.132267,0.112207,0.112207,-9.26913e-09,0.112207,-9.26913e-09,0.405642
0.0408319,0.246406,-5.52506e-09,-5.52506e-09,0.0741923,0.0611178,0.0611178,1.38967e-08,0.0611178,1.38967e-08,0.235536
0.0214523,0.0821064,1.68535e-09,1.68535e-09,0.0344602,0.0314782,0.0314782,-7.12091e-09,0.0314782,-7.12091e-09,0.125498
0.152073,1.31377,6.29861e-10,6.29861e-10,0.557809,0.376165,0.376165,-4.22428e-10,0.376165,-4.22428e-10,1.3137
0.132693,1.10503,-4.98047e-09,-4.98047e-09,0.453534,0.330163,0.330163,4.60433e-09,0.330163,4.60433e-09,1.13175
0.113313,0.88469,-6.12005e-10,-6.12005e-10,0.343144,0.277514,0.277514,1.26881e-08,0.277514,1.26881e-08,0.917939
0.0939337,0.647046,-4.03948e-09,-4.03948e-09,0.240685,0.206479,0.206479,-1.08622e-08,0.206479,-1.08622e-08,0.686643
0.074554,0.502533,4.58677e-09,4.58677e-09,0.187685,0.157664,0.157664,3.38198e-09,0.157664,3.38198e-09,0.554638
0.0551744,0.354968,6.26165e-10,6.26165e-10,0.118865,0.0960899,0.0960899,-1.74149e-08,0.0960899,-1.74149e-08,0.36118
0.0357947,0.173542,8.05029e-10,8.05029e-10,0.068959,0.0586085,0.0586085,-4.05529e-09,0.0586085,-4.05529e-09,0.232663
0.0164151,0.0784969,4.82359e-10,4.82359e-10,0.0227515,0.0203254,0.0203254,-1.59293e-08,0.0203254,-1.59293e-08,0.082043
0.147035,1.26976,2.98964e-10,2.98963e-10,0.530354,0.364892,0.364892,-2.89614e-09,0.364892,-2.89614e-09,1.25727
0.127656,1.02868,-6.01731e-10,-6.01731e-10,0.407077,0.310625,0.310625,-2.57729e-10,0.310625,-2.57729e-10,1.03705
0.108276,0.83554,-1.34143e-09,-1.34143e-09,0.326003,0.262947,0.262947,1.74646e-08,0.262947,1.74646e-08,0.883274
0.0888964,0.617381,5.47652e-10,5.47652e-10,0.22645,0.188912,0.188912,-4.45877e-09,0.188912,-4.45877e-09,0.646315
0.0695168,0.39353,4.95836e-09,4.95836e-09,0.153707,0.12968,0.12968,7.52508e-10,0.12968,7.52508e-10,0.473056
0.0501371,0.261865,3.96642e-09,3.96642e-09,0.0924916,0.0759987,0.0759987,8.43598e-09,0.0759987,8.43598e-09,0.293876
0.0307575,0.162162,-1.1442e-09,-1.1442e-09,0.052887,0.0454245,0.0454245,2.30071e-08,0.0454245,2.30071e-08,0.178358
0.0113778,0.07245,-6.22318e-08,-6.22318e-08,0.00927306,0.00834487,0.00834487,-6.71538e-08,0.00834487,-6.71538e-08,0.0335606
0.141998,1.22843,-6.00637e-10,-6.00637e-10,0.514607,0.356995,0.356995,-5.3035e-09,0.356995,-5.3035e-09,1.23808
0.122619,1.02868,-6.01731e-10,-6.01731e-10,0.407077,0.310625,0.310625,-2.57729e-10,0.310625,-2.57729e-10,1.03705
0.103239,0.774374,2.40185e-09,2.40185e-09,0.28796,0.240476,0.240476,-1.96272e-08,0.240476,-1.96272e-08,0.78946
0.0838592,0.525491,2.34569e-09,2.34569e-09,0.200174,0.174308,0.174308,6.54207e-09,0.174308,6.54207e-09,0.595832
0.0644796,0.367563,5.90176e-09,5.90176e-09,0.132267,0.112207,0.112207,-9.26913e-09,0.112207,-9.26913e-09,0.405642
0.0450999,0.261865,3.96642e-09,3.96642e-09,0.0924916,0.0759987,0.0759987,8.43598e-09,0.0759987,8.43598e-09,0.293876
0.0257202,0.157118,-3.85997e-09,-3.85997e-09,0.0398643,0.0329466,0.0329466,1.93875e-08,0.0329466,1.93875e-08,0.133116
0.156341,1.33465,7.59826e-10,7.59826e-10,0.566633,0.380414,0.380414,-4.65207e-10,0.380414,-4.65207e-10,1.32372
0.136961,1.22843,-6.00637e-10,-6.00637e-10,0.514607,0.356995,0.356995,-5.3035e-09,0.356995,-5.3035e-09,1.23808
0.117581,0.975022,-4.06677e-09,-4.06677e-09,0.387677,0.297368,0.297368,5.10492e-09,0.297368,5.10492e-09,1.00535
0.0982016,0.699053,2.33725e-09,2.33725e-09,0.272306,0.228098,0.228098,-1.96688e-08,0.228098,-1.96688e-08,0.772005
0.078822,0.502533,4.58677e-09,4.58677e-09,0.187685,0.157664,0.157664,3.38198e-09,0.157664,3.38198e-09,0.554638
0.0594423,0.367563,5.90176e-09,5.90176e-09,0.132267,0.112207,0.112207,-9.26913e-09,0.112207,-9.26913e-09,0.405642
0.0400627,0.246406,-5.52506e-09,-5.52506e-09,0.0741923,0.0611178,0.0611178,1.38967e-08,0.0611178,1.38967e-08,0.235536
0.020683,0.0821064,1.68535e-09,1.68535e-09,0.0344602,0.0314782,0.0314782,-7.12091e-09,0.0314782,-7.12091e-09,0.125498
0.151303,1.31377,6.29861e-10,6.29861e-10,0.557809,0.376165,0.376165,-4.22428e-10,0.376165,-4.22428e-10,1.3137
0.131924,1.10503,-4.98047e-09,-4.98047e-09,0.453534,0.330163,0.330163,4.60433e-09,0.330163,4.60433e-09,1.13175
0.112544,0.83554,-1.34143e-09,-1.34143e-09,0.326003,0.262947,0.262947,1.74646e-08,0.262947,1.74646e-08,0.883274
0.0931644,0.647046,-4.03948e-09,-4.03948e-09,0.240685,0.206479,0.206479,-1.08622e-08,0.206479,-1.08622e-08,0.686643
0.0737848,0.47008,2.11425e-09,2.11425e-09,0.163125,0.137639,0.137639,-1.0445e-08,0.137639,-1.0445e-08,0.480813
0.0544051,0.270689,-5.24318e-09,-5.24318e-09,0.104696,0.0900302,0.0900302,1.39311e-08,0.0900302,1.39311e-08,0.337673
0.0350254,0.162162,-1.1442e-09,-1.1442e-09,0.052887,0.0454245,0.0454245,2.30071e-08,0.0454245,2.30071e-08,0.178358
0.0156458,0.0784969,4.82359e-10,4.82359e-10,0.0227515,0.0203254,0.0203254,-1.59293e-08,0.0203254,-1.59293e-08,0.082043
0.146266,1.26976,2.98964e-10,2.98963e-10,0.530354,0.364892,0.364892,-2.89614e-09,0.364892,-2.89614e-09,1.25727
0.126886,1.02868,-6.01731e-10,-6.01731e-10,0.407077,0.310625,0.310625,-2.57729e-10,0.310625,-2.57729e-10,1.03705
0.107507,0.83554,-1.34143e-09,-1.34143e-09,0.326003,0.262947,0.262947,1.74646e-08,0.262947,1.74646e-08,0.883274
0.0881272,0.617381,5.47652e-10,5.47652e-10,0.22645,0.188912,0.188912,-4.45877e-09,0.188912,-4.45877e-09,0.646315
0.0687475,0.39353,4.95836e-09,4.95836e-09,0.153707,0.12968,0.12968,7.52508e-10,0.12968,7.52508e-10,0.473056
0.0493679,0.261865,3.96642e-09,3.96642e-09,0.0924916,0.0759987,0.0759987,8.43598e-09,0.0759987,8.43598e-09,0.293876
0.0299882,0.162162,-1.1442e-09,-1.1442e-09,0.052887,0.0454245,0.0454245,2.30071e-08,0.0454245,2.30071e-08,0.178358
0.0106086,0.07245,-6.22317e-08,-6.22317e-08,0.00927306,0.00834487,0.00834487,-8.20823e-08,0.00834487,-8.20823e-08,0.0335607
0.141229,1.22843,-6.00637e-10,-6.00637e-10,0.514607,0.356995,0.356995,-5.3035e-09,0.356995,-5.3035e-09,1.23808
0.121849,1.02868,-6.01731e-10,-6.01731e-10,0.407077,0.310625,0.310625,-2.57729e-10,0.310625,-2.57729e-10,1.03705
0.10247,0.774374,2.40185e-09,2.40185e-09,0.28796,0.240476,0.240476,-1.96272e-08,0.240476,-1.96272e-08,0.78946
0.0830899,0.525491,2.34569e-09,2.34569e-09,0.200174,0.174308,0.174308,6.54207e-09,0.174308,6.54207e-09,0.595832
0.0637103,0.367563,5.90176e-09,5.90176e-09,0.132267,0.112207,0.112207,-9.26913e-09,0.112207,-9.26913e-09,0.405642
0.0443306,0.261865,3.96642e-09,3.96642e-09,0.0924916,0.0759987,0.0759987,8.43598e-09,0.0759987,8.43598e-09,0.293876
0.024951,0.157118,-3.85997e-09,-3.85997e-09,0.0398643,0.0329466,0.0329466,1.93875e-08,0.0329466,1.93875e-08,0.133116
0.155571,1.33465,7.59826e-10,7.59826e-10,0.566633,0.380414,0.380414,-4.65207e-10,0.380414,-4.65207e-10,1.32372
0.136192,1.16233,-3.43558e-09,-3.43558e-09,0.472933,0.340594,0.340594,2.77337e-09,0.340594,2.77337e-09,1.1556
0.116812,0.88469,-6.12005e-10,-6.12005e-10,0.343144,0.277514,0.277514,1.26881e-08,0.277514,1.26881e-08,0.917939
0.0974324,0.647046,-4.03948e-09,-4.03948e-09,0.240685,0.206479,0.206479,-1.08622e-08,0.206479,-1.08622e-08,0.686643
0.0780527,0.502533,4.58677e-09,4.58677e-09,0.187685,0.157664,0.157664,3.38198e-09,0.157664,3.38198e-09,0.554638
0.0586731,0.367563,5.90176e-09,5.90176e-09,0.132267,0.112207,0.112207,-9.26913e-09,0.112207,-9.26913e-09,0.405642
0.0392934,0.246406,-5.52506e-09,-5.52506e-09,0.0741923,0.0611178,0.0611178,1.38967e-08,0.0611178,1.38967e-08,0.235536
0.0199138,0.0821064,1.68535e-09,1.68535e-09,0.0344602,0.0314782,0.0314782,-7.12091e-09,0.0314782,-7.12091e-09,0.125498
0.150534,1.31377,6.29861e-10,6.29861e-10,0.557809,0.376165,0.376165,-4.22428e-10,0.376165,-4.22428e-10,1.3137
0.131154,1.10503,-4.98047e-09,-4.98047e-09,0.453534,0.330163,0.330163,4.60433e-09,0.330163,4.60433e-09,1.13175
0.111775,0.83554,-1.34143e-09,-1.34143e-09,0.326003,0.262947,0.262947,1.74646e-08,0.262947,1.74646e-08,0.883274
0.0923951,0.647046,-4.03948e-09,-4.03948e-09,0.240685,0.206479,0.206479,-1.08622e-08,0.206479,-1.08622e-08,0.686643
0.0730155,0.47008,2.11425e-09,2.11425e-09,0.163125,0.137639,0.137639,-1.0445e-08,0.137639,-1.0445e-08,0.480813
0.0536358,0.270689,-5.24318e-09,-5.24318e-09,0.104696,0.0900302,0.0900302,1.39311e-08,0.0900302,1.39311e-08,0.337673
0.0342562,0.162162,-1.1442e-09,-1.1442e-09,0.052887,0.0454245,0.0454245,2.30071e-08,0.0454245,2.30071e-08,0.178358
0.0148765,0.0784969,4.82359e-10,4.82359e-10,0.0227515,0.0203254,0.0203254,-1.59293e-08,0.0203254,-1.59293e-08,0.082043
0.145497,1.26976,2.98964e-10,2.98963e-10,0.530354,0.364892,0.364892,-2.89614e-09,0.364892,-2.89614e-09,1.25727
0.126117,1.02868,-6.01731e-10,-6.01731e-10,0.407077,0.310625,0.310625,-2.57729e-10,0.310625,-2.57729e-10,1.03705
0.106738,0.83554,-1.34143e-09,-1.34143e-09,0.326003,0.262947,0.262947,1.74646e-08,0.262947,1.74646e-08,0.883274
0.0873579,0.617381,5.47652e-10,5.47652e-10,0.22645,0.188912,0.188912,-4.45877e-09,0.188912,-4.45877e-09,0.646315
0.0679783,0.39353,4.95836e-09,4.95836e-09,0.153707,0.12968,0.12968,7.52508e-10,0.12968,7.52508e-10,0.473056
0.0485986,0.261865,3.96642e-09,3.96642e-09,0.0924916,0.0759987,0.0759987,8.43598e-09,0.0759987,8.43598e-09,0.293876
0.0292189,0.162162,-1.1442e-09,-1.1442e-09,0.052887,0.0454245,0.0454245,2.30071e-08,0.0454245,2.30071e-08,0.178358
0.159839,1.33465,7.59826e-10,7.59826e-10,0.566633,0.380414,0.380414,-4.65207e-10,0.380414,-4.65207e-10,1.32372
0.14046,1.22843,-6.00637e-10,-6.00637e-10,0.514607,0.356995,0.356995,-5.3035e-09,0.356995,-5.3035e-09,1.23808
0.12108,0.975022,-4.06677e-09,-4.06677e-09,0.387677,0.297368,0.297368,5.10492e-09,0.297368,5.10492e-09,1.00535
0.1017,0.774374,2.40185e-09,2.40185e-09,0.28796,0.240476,0.240476,-1.96272e-08,0.240476,-1.96272e-08,0.78946
0.0823207,0.525491,2.34569e-09,2.34569e-09,0.200174,0.174308,0.174308,6.54207e-09,0.174308,6.54207e-09,0.595832
0.062941,0.367563,5.90176e-09,5.90176e-09,0.132267,0.112207,0.112207,-9.26913e-09,0.112207,-9.26913e-09,0.405642
0.0435614,0.261865,3.96642e-09,3.96642e-09,0.0924916,0.0759987,0.0759987,8.43598e-09,0.0759987,8.43598e-09,0.293876
