w,c11, c12, c13, c14, c22, c23, c24, c33, c34, c44
0.263013,1.08443,-5.3858e-10,-5.3858e-10,0.41994,0.299092,0.299092,1.98998e-09,0.299092,1.98998e-09,1.08443
0.146735,1.23418,7.65437e-10,7.65437e-10,0.509949,0.351046,0.351046,8.84729e-09,0.351046,8.84729e-09,1.23418
0.0304567,1.34204,2.51499e-10,2.51499e-10,0.574485,0.383542,0.383542,3.73403e-10,0.383542,3.73403e-10,1.34204
0.814179,0.214374,2.40042e-09,2.40042e-09,0.0205545,0.00451029,0.00451029,-2.26257e-08,0.00451029,-2.26257e-08,0.214374
0.697901,0.370052,-2.10751e-09,-2.10751e-09,0.0597924,0.0235639,0.0235639,-4.39555e-08,0.0235639,-4.39555e-08,0.370052
0.581623,0.497565,-1.43887e-09,-1.43887e-09,0.105772,0.0560941,0.0560941,2.25243e-08,0.0560941,2.25243e-08,0.497565
0.465345,0.689674,-5.42387e-09,-5.42387e-09,0.195049,0.13099,0.13099,1.16879e-08,0.13099,1.16879e-08,0.689674
0.349067,0.911803,-8.62154e-09,-8.62154e-09,0.317872,0.229571,0.229571,-1.06906e-07,0.229571,-1.06906e-07,0.911803
0.232789,1.13848,4.52992e-09,4.52992e-09,0.452375,0.318767,0.318767,-6.90152e-09,0.318767,-6.90152e-09,1.13848
0.116511,1.27328,6.61267e-10,6.61267e-10,0.533447,0.363308,0.363308,4.70403e-09,0.363308,4.70403e-09,1.27328
0.000233297,1.34615,2.76043e-16,-6.87901e-18,0.576923,0.384615,0.384615,-1.60001e-17,0.384615,-1.60001e-17,1.34615
0.783955,0.252062,1.56957e-09,1.56957e-09,0.0282521,0.00736705,0.00736705,-6.00179e-09,0.00736705,-6.00179e-09,0.252062
0.667677,0.411335,-1.04007e-09,-1.04007e-09,0.0733784,0.0323,0.0323,2.3475e-08,0.0323,2.3475e-08,0.411335
0.5514,0.542853,-3.23284e-09,-3.23284e-09,0.124843,0.0714388,0.0714388,1.60106e-10,0.0714388,1.60106e-10,0.542853
0.435122,0.742646,-1.91757e-09,-1.91757e-09,0.222934,0.154534,0.154534,3.9253e-08,0.154534,3.9253e-08,0.742646
0.318844,0.970017,-6.24384e-09,-6.24384e-09,0.351921,0.254081,0.254081,2.10869e-08,0.254081,2.10869e-08,0.970017
0.202566,1.18883,1.71929e-09,1.71929e-09,0.482657,0.336152,0.336152,6.79116e-09,0.336152,6.79116e-09,1.18883
0.0862878,1.30493,3.18508e-10,3.18507e-10,0.55242,0.372848,0.372848,7.50975e-10,0.372848,7.50975e-10,1.30493
0.87001,0.140975,2.2616e-09,2.2616e-09,0.00900997,0.0012927,0.0012927,-1.45504e-08,0.0012927,-1.45504e-08,0.140975
0.753732,0.290513,2.4073e-09,2.4073e-09,0.0373113,0.0113381,0.0113381,1.55657e-08,0.0113381,1.55657e-08,0.290513
0.637454,0.453788,2.10608e-10,2.10608e-10,0.0886632,0.0430842,0.0430842,-5.81106e-08,0.0430842,-5.81106e-08,0.453788
0.521176,0.589853,-3.42415e-09,-3.42415e-09,0.146015,0.0891312,0.0891312,-4.41093e-08,0.0891312,-4.41093e-08,0.589853
0.404898,0.797548,-1.64692e-09,-1.64692e-09,0.252906,0.1792,0.1792,-2.64054e-08,0.1792,-2.64054e-08,0.797548
0.28862,1.02789,-7.60849e-09,-7.60849e-09,0.386189,0.277407,0.277407,2.16499e-08,0.277407,2.16499e-08,1.02789
0.172342,1.18883,1.71929e-09,1.71929e-09,0.482657,0.336152,0.336152,6.79116e-09,0.336152,6.79116e-09,1.18883
0.0560645,1.32812,3.29755e-10,3.29755e-10,0.566253,0.379608,0.379608,1.62311e-09,0.379608,1.62311e-09,1.32812
0.839787,0.17737,-6.66139e-11,-6.6614e-11,0.0141584,0.0025511,0.0025511,-3.98652e-08,0.0025511,-3.98652e-08,0.17737
0.723509,0.329812,3.47073e-09,3.47073e-09,0.0477994,0.0166564,0.0166564,1.41728e-08,0.0166564,1.41728e-08,0.329812
0.607231,0.497565,-1.43887e-09,-1.43887e-09,0.105772,0.0560941,0.0560941,2.25243e-08,0.0560941,2.25243e-08,0.497565
0.490953,0.638751,-4.47507e-09,-4.47507e-09,0.169399,0.109063,0.109063,-2.14348e-07,0.109063,-2.14348e-07,0.638751
0.374675,0.854093,-8.315e-10,-8.315e-10,0.284689,0.204414,0.204414,-3.70942e-08,0.204414,-3.70942e-08,0.854093
0.258397,1.08443,-5.3858e-10,-5.3858e-10,0.41994,0.299092,0.299092,1.98998e-09,0.299092,1.98998e-09,1.08443
0.142119,1.23418,7.65437e-10,7.65437e-10,0.509949,0.351046,0.351046,8.84729e-09,0.351046,8.84729e-09,1.23418
0.0258411,1.34204,2.51499e-10,2.51499e-10,0.574485,0.383542,0.383542,3.73403e-10,0.383542,3.73403e-10,1.34204
0.809563,0.214374,2.40042e-09,2.40042e-09,0.0205545,0.00451029,0.00451029,-2.26257e-08,0.00451029,-2.26257e-08,0.214374
0.693285,0.370052,-2.10751e-09,-2.10751e-09,0.0597924,0.0235639,0.0235639,-4.39555e-08,0.0235639,-4.39555e-08,0.370052
0.577007,0.542853,-3.23284e-09,-3.23284e-09,0.124843,0.0714388,0.0714388,1.60106e-10,0.0714388,1.60106e-10,0.542853
0.460729,0.689674,-5.42387e-09,-5.42387e-09,0.195049,0.13099,0.13099,1.16879e-08,0.13099,1.16879e-08,0.689674
0.344451,0.911803,-8.62154e-09,-8.62154e-09,0.317872,0.229571,0.229571,-1.06906e-07,0.229571,-1.06906e-07,0.911803
0.228174,1.13848,4.52992e-09,4.52992e-09,0.452375,0.318767,0.318767,-6.90152e-09,0.318767,-6.90152e-09,1.13848
0.111896,1.27328,6.61267e-10,6.61267e-10,0.533447,0.363308,0.363308,4.70403e-09,0.363308,4.70403e-09,1.27328
0.895618,0.105121,2.09942e-09,2.09942e-09,0.0050619,0.000559218,0.000559218,-1.10203e-08,0.000559218,-1.10203e-08,0.105121
0.77934,0.252062,1.56957e-09,1.56957e-09,0.0282521,0.00736705,0.00736705,-6.00179e-09,0.00736705,-6.00179e-09,0.252062
0.663062,0.411335,-1.04007e-09,-1.04007e-09,0.0733784,0.0323,0.0323,2.3475e-08,0.0323,2.3475e-08,0.411335
0.546784,0.589853,-3.42415e-09,-3.42415e-09,0.146015,0.0891312,0.0891312,-4.41093e-08,0.0891312,-4.41093e-08,0.589853
0.430506,0.742646,-1.91757e-09,-1.91757e-09,0.222934,0.154534,0.154534,3.9253e-08,0.154534,3.9253e-08,0.742646
0.314228,0.970017,-6.24384e-09,-6.24384e-09,0.351921,0.254081,0.254081,2.10869e-08,0.254081,2.10869e-08,0.970017
0.19795,1.18883,1.71929e-09,1.71929e-09,0.482657,0.336152,0.336152,6.79116e-09,0.336152,6.79116e-09,1.18883
0.0816723,1.30493,3.18508e-10,3.18507e-10,0.55242,0.372848,0.372848,7.50975e-10,0.372848,7.50975e-10,1.30493
0.865394,0.140975,2.2616e-09,2.2616e-09,0.00900997,0.0012927,0.0012927,-1.45504e-08,0.0012927,-1.45504e-08,0.140975
0.749116,0.290513,2.4073e-09,2.4073e-09,0.0373113,0.0113381,0.0113381,1.55657e-08,0.0113381,1.55657e-08,0.290513
0.632838,0.453788,2.10608e-10,2.10608e-10,0.0886632,0.0430842,0.0430842,-5.81106e-08,0.0430842,-5.81106e-08,0.453788
0.516561,0.589853,-3.42415e-09,-3.42415e-09,0.146015,0.0891312,0.0891312,-4.41093e-08,0.0891312,-4.41093e-08,0.589853
0.400283,0.797548,-1.64692e-09,-1.64692e-09,0.252906,0.1792,0.1792,-2.64054e-08,0.1792,-2.64054e-08,0.797548
0.284005,1.02789,-7.60849e-09,-7.60849e-09,0.386189,0.277407,0.277407,2.16499e-08,0.277407,2.16499e-08,1.02789
0.167727,1.23418,7.65437e-10,7.65437e-10,0.509949,0.351046,0.351046,8.84729e-09,0.351046,8.84729e-09,1.23418
0.0514489,1.32812,3.29755e-10,3.29755e-10,0.566253,0.379608,0.379608,1.62311e-09,0.379608,1.62311e-09,1.32812
0.835171,0.17737,-6.66139e-11,-6.6614e-11,0.0141584,0.0025511,0.0025511,-3.98652e-08,0.0025511,-3.98652e-08,0.17737
0.718893,0.329812,3.47073e-09,3.47073e-09,0.0477994,0.0166564,0.0166564,1.41728e-08,0.0166564,1.41728e-08,0.329812
0.602615,0.497565,-1.43887e-09,-1.43887e-09,0.105772,0.0560941,0.0560941,2.25243e-08,0.0560941,2.25243e-08,0.497565
0.486337,0.638751,-4.47507e-09,-4.47507e-09,0.169399,0.109063,0.109063,-2.14348e-07,0.109063,-2.14348e-07,0.638751
0.370059,0.854093,-8.31499e-10,-8.315e-10,0.284689,0.204414,0.204414,-3.70942e-08,0.204414,-3.70942e-08,0.854093
0.253781,1.08443,-5.3858e-10,-5.3858e-10,0.41994,0.299092,0.299092,1.98998e-09,0.299092,1.98998e-09,1.08443
0.137503,1.27328,6.61267e-10,6.61267e-10,0.533447,0.363308,0.363308,4.70403e-09,0.363308,4.70403e-09,1.27328
0.0212255,1.34204,2.51499e-10,2.51499e-10,0.574485,0.383542,0.383542,3.73403e-10,0.383542,3.73403e-10,1.34204
0.804948,0.214374,2.40042e-09,2.40042e-09,0.0205545,0.00451029,0.00451029,-2.26257e-08,0.00451029,-2.26257e-08,0.214374
0.68867,0.370052,-2.10751e-09,-2.10751e-09,0.0597924,0.0235639,0.0235639,-4.39555e-08,0.0235639,-4.39555e-08,0.370052
0.572392,0.542853,-3.23284e-09,-3.23284e-09,0.124843,0.0714388,0.0714388,1.60106e-10,0.0714388,1.60106e-10,0.542853
0.456114,0.689674,-5.42387e-09,-5.42387e-09,0.195049,0.13099,0.13099,1.16879e-08,0.13099,1.16879e-08,0.689674
0.339836,0.911803,-8.62154e-09,-8.62154e-09,0.317872,0.229571,0.229571,-1.06906e-07,0.229571,-1.06906e-07,0.911803
0.223558,1.13848,4.52992e-09,4.52992e-09,0.452375,0.318767,0.318767,-6.90152e-09,0.318767,-6.90152e-09,1.13848
0.10728,1.30493,3.18508e-10,3.18507e-10,0.55242,0.372848,0.372848,7.50975e-10,0.372848,7.50975e-10,1.30493
0.891002,0.105121,2.09942e-09,2.09942e-09,0.0050619,0.000559218,0.000559218,-1.10203e-08,0.000559218,-1.10203e-08,0.105121
0.774724,0.252062,1.56957e-09,1.56957e-09,0.0282521,0.00736705,0.00736705,-6.00179e-09,0.00736705,-6.00179e-09,0.252062
0.658446,0.411335,-1.04007e-09,-1.04007e-09,0.0733784,0.0323,0.0323,2.3475e-08,0.0323,2.3475e-08,0.411335
0.542168,0.589853,-3.42415e-09,-3.42415e-09,0.146015,0.0891312,0.0891312,-4.41093e-08,0.0891312,-4.41093e-08,0.589853
0.42589,0.742646,-1.91757e-09,-1.91757e-09,0.222934,0.154534,0.154534,3.9253e-08,0.154534,3.9253e-08,0.742646
0.309613,0.970017,-6.24384e-09,-6.24384e-09,0.351921,0.254081,0.254081,2.10869e-08,0.254081,2.10869e-08,0.970017
0.193335,1.18883,1.71929e-09,1.71929e-09,0.482657,0.336152,0.336152,6.79116e-09,0.336152,6.79116e-09,1.18883
0.0770567,1.32812,3.29755e-10,3.29755e-10,0.566253,0.379608,0.379608,1.62311e-09,0.379608,1.62311e-09,1.32812
0.860779,0.140975,2.2616e-09,2.2616e-09,0.00900997,0.0012927,0.0012927,-1.45504e-08,0.0012927,-1.45504e-08,0.140975
0.744501,0.290513,2.4073e-09,2.4073e-09,0.0373113,0.0113381,0.0113381,1.55657e-08,0.0113381,1.55657e-08,0.290513
0.628223,0.453788,2.10608e-10,2.10608e-10,0.0886632,0.0430842,0.0430842,-5.81106e-08,0.0430842,-5.81106e-08,0.453788
0.511945,0.638751,-4.47507e-09,-4.47507e-09,0.169399,0.109063,0.109063,-2.14348e-07,0.109063,-2.14348e-07,0.638751
0.395667,0.797548,-1.64692e-09,-1.64692e-09,0.252906,0.1792,0.1792,-2.64054e-08,0.1792,-2.64054e-08,0.797548
0.279389,1.02789,-7.60849e-09,-7.60849e-09,0.386189,0.277407,0.277407,2.16499e-08,0.277407,2.16499e-08,1.02789
0.163111,1.23418,7.65437e-10,7.65437e-10,0.509949,0.351046,0.351046,8.84729e-09,0.351046,8.84729e-09,1.23418
0.0468333,1.34204,2.51499e-10,2.51499e-10,0.574485,0.383542,0.383542,3.73403e-10,0.383542,3.73403e-10,1.34204
0.830555,0.17737,-6.66139e-11,-6.6614e-11,0.0141584,0.0025511,0.0025511,-3.98652e-08,0.0025511,-3.98652e-08,0.17737
0.714277,0.329812,3.47073e-09,3.47073e-09,0.0477994,0.0166564,0.0166564,1.41728e-08,0.0166564,1.41728e-08,0.329812
0.598,0.497565,-1.43887e-09,-1.43887e-09,0.105772,0.0560941,0.0560941,2.25243e-08,0.0560941,2.25243e-08,0.497565
0.481722,0.689674,-5.42387e-09,-5.42387e-09,0.195049,0.13099,0.13099,1.16879e-08,0.13099,1.16879e-08,0.689674
0.365444,0.854093,-8.31499e-10,-8.315e-10,0.284689,0.204414,0.204414,-3.70942e-08,0.204414,-3.70942e-08,0.854093
0.249166,1.08443,-5.3858e-10,-5.3858e-10,0.41994,0.299092,0.299092,1.98998e-09,0.299092,1.98998e-09,1.08443
0.132888,1.27328,6.61267e-10,6.61267e-10,0.533447,0.363308,0.363308,4.70403e-09,0.363308,4.70403e-09,1.27328
0.0166099,1.34204,2.51499e-10,2.51499e-10,0.574485,0.383542,0.383542,3.73403e-10,0.383542,3.73403e-10,1.34204
0.800332,0.214374,2.40042e-09,2.40042e-09,0.0205545,0.00451029,0.00451029,-2.26257e-08,0.00451029,-2.26257e-08,0.214374
0.684054,0.370052,-2.10751e-09,-2.10751e-09,0.0597924,0.0235639,0.0235639,-4.39555e-08,0.0235639,-4.39555e-08,0.370052
0.567776,0.542853,-3.23284e-09,-3.23284e-09,0.124843,0.0714388,0.0714388,1.60106e-10,0.0714388,1.60106e-10,0.542853
0.451498,0.742646,-1.91757e-09,-1.91757e-09,0.222934,0.154534,0.154534,3.9253e-08,0.154534,3.9253e-08,0.742646
0.33522,0.911803,-8.62154e-09,-8.62154e-09,0.317872,0.229571,0.229571,-1.06906e-07,0.229571,-1.06906e-07,0.911803
0.218942,1.13848,4.52992e-09,4.52992e-09,0.452375,0.318767,0.318767,-6.90152e-09,0.318767,-6.90152e-09,1.13848
0.102664,1.30493,3.18508e-10,3.18507e-10,0.55242,0.372848,0.372848,7.50975e-10,0.372848,7.50975e-10,1.30493
0.886387,0.140975,2.2616e-09,2.2616e-09,0.00900997,0.0012927,0.0012927,-1.45504e-08,0.0012927,-1.45504e-08,0.140975
0.770109,0.252062,1.56957e-09,1.56957e-09,0.0282521,0.00736705,0.00736705,-6.00179e-09,0.00736705,-6.00179e-09,0.252062
0.653831,0.411335,-1.04007e-09,-1.04007e-09,0.0733784,0.0323,0.0323,2.3475e-08,0.0323,2.3475e-08,0.411335
0.537553,0.589853,-3.42415e-09,-3.42415e-09,0.146015,0.0891312,0.0891312,-4.41093e-08,0.0891312,-4.41093e-08,0.589853
0.421275,0.797548,-1.64692e-09,-1.64692e-09,0.252906,0.1792,0.1792,-2.64054e-08,0.1792,-2.64054e-08,0.797548
0.304997,0.970017,-6.24384e-09,-6.24384e-09,0.351921,0.254081,0.254081,2.10869e-08,0.254081,2.10869e-08,0.970017
0.188719,1.18883,1.71929e-09,1.71929e-09,0.482657,0.336152,0.336152,6.79116e-09,0.336152,6.79116e-09,1.18883
0.0724411,1.32812,3.29755e-10,3.29755e-10,0.566253,0.379608,0.379608,1.62311e-09,0.379608,1.62311e-09,1.32812
0.856163,0.17737,-6.66139e-11,-6.6614e-11,0.0141584,0.0025511,0.0025511,-3.98652e-08,0.0025511,-3.98652e-08,0.17737
0.739885,0.290513,2.4073e-09,2.4073e-09,0.0373113,0.0113381,0.0113381,1.55657e-08,0.0113381,1.55657e-08,0.290513
0.623607,0.453788,2.10608e-10,2.10608e-10,0.0886632,0.0430842,0.0430842,-5.81106e-08,0.0430842,-5.81106e-08,0.453788
0.507329,0.638751,-4.47507e-09,-4.47507e-09,0.169399,0.109063,0.109063,-2.14348e-07,0.109063,-2.14348e-07,0.638751
0.391051,0.797548,-1.64692e-09,-1.64692e-09,0.252906,0.1792,0.1792,-2.64054e-08,0.1792,-2.64054e-08,0.797548
0.274774,1.02789,-7.60849e-09,-7.60849e-09,0.386189,0.277407,0.277407,2.16499e-08,0.277407,2.16499e-08,1.02789
0.158496,1.23418,7.65437e-10,7.65437e-10,0.509949,0.351046,0.351046,8.84729e-09,0.351046,8.84729e-09,1.23418
0.0422177,1.34204,2.51499e-10,2.51499e-10,0.574485,0.383542,0.383542,3.73403e-10,0.383542,3.73403e-10,1.34204
0.82594,0.214374,2.40042e-09,2.40042e-09,0.0205545,0.00451029,0.00451029,-2.26257e-08,0.00451029,-2.26257e-08,0.214374
0.709662,0.329812,3.47073e-09,3.47073e-09,0.0477994,0.0166564,0.0166564,1.41728e-08,0.0166564,1.41728e-08,0.329812
0.593384,0.497565,-1.43887e-09,-1.43887e-09,0.105772,0.0560941,0.0560941,2.25243e-08,0.0560941,2.25243e-08,0.497565
0.477106,0.689674,-5.42387e-09,-5.42387e-09,0.195049,0.13099,0.13099,1.16879e-08,0.13099,1.16879e-08,0.689674
0.360828,0.854093,-8.31499e-10,-8.315e-10,0.284689,0.204414,0.204414,-3.70942e-08,0.204414,-3.70942e-08,0.854093
0.24455,1.08443,-5.3858e-10,-5.3858e-10,0.41994,0.299092,0.299092,1.98998e-09,0.299092,1.98998e-09,1.08443
0.128272,1.27328,6.61267e-10,6.61267e-10,0.533447,0.363308,0.363308,4.70403e-09,0.363308,4.70403e-09,1.27328
0.0119943,1.34615,2.76043e-16,-6.87901e-18,0.576923,0.384615,0.384615,-1.60001e-17,0.384615,-1.60001e-17,1.34615
0.795716,0.252062,1.56957e-09,1.56957e-09,0.0282521,0.00736705,0.00736705,-6.00179e-09,0.00736705,-6.00179e-09,0.252062
0.679438,0.370052,-2.10751e-09,-2.10751e-09,0.0597924,0.0235639,0.0235639,-4.39555e-08,0.0235639,-4.39555e-08,0.370052
0.563161,0.542853,-3.23284e-09,-3.23284e-09,0.124843,0.0714388,0.0714388,1.60106e-10,0.0714388,1.60106e-10,0.542853
0.446883,0.742646,-1.91757e-09,-1.91757e-09,0.222934,0.154534,0.154534,3.9253e-08,0.154534,3.9253e-08,0.742646
0.330605,0.911803,-8.62154e-09,-8.62154e-09,0.317872,0.229571,0.229571,-1.06906e-07,0.229571,-1.06906e-07,0.911803
0.214327,1.13848,4.52992e-09,4.52992e-09,0.452375,0.318767,0.318767,-6.90152e-09,0.318767,-6.90152e-09,1.13848
0.0980489,1.30493,3.18508e-10,3.18507e-10,0.55242,0.372848,0.372848,7.50975e-10,0.372848,7.50975e-10,1.30493
0.881771,0.140975,2.2616e-09,2.2616e-09,0.00900997,0.0012927,0.0012927,-1.45504e-08,0.0012927,-1.45504e-08,0.140975
0.765493,0.290513,2.4073e-09,2.4073e-09,0.0373113,0.0113381,0.0113381,1.55657e-08,0.0113381,1.55657e-08,0.290513
0.649215,0.411335,-1.04007e-09,-1.04007e-09,0.0733784,0.0323,0.0323,2.3475e-08,0.0323,2.3475e-08,0.411335
0.532937,0.589853,-3.42415e-09,-3.42415e-09,0.146015,0.0891312,0.0891312,-4.41093e-08,0.0891312,-4.41093e-08,0.589853
0.416659,0.797548,-1.64692e-09,-1.64692e-09,0.252906,0.1792,0.1792,-2.64054e-08,0.1792,-2.64054e-08,0.797548
0.300381,0.970017,-6.24384e-09,-6.24384e-09,0.351921,0.254081,0.254081,2.10869e-08,0.254081,2.10869e-08,0.970017
0.184103,1.18883,1.71929e-09,1.71929e-09,0.482657,0.336152,0.336152,6.79116e-09,0.336152,6.79116e-09,1.18883
0.0678255,1.32812,3.29755e-10,3.29755e-10,0.566253,0.379608,0.379608,1.62311e-09,0.379608,1.62311e-09,1.32812
0.851548,0.17737,-6.66139e-11,-6.6614e-11,0.0141584,0.0025511,0.0025511,-3.98652e-08,0.0025511,-3.98652e-08,0.17737
0.73527,0.290513,2.4073e-09,2.4073e-09,0.0373113,0.0113381,0.0113381,1.55657e-08,0.0113381,1.55657e-08,0.290513
0.618992,0.453788,2.10608e-10,2.10608e-10,0.0886632,0.0430842,0.0430842,-5.81106e-08,0.0430842,-5.81106e-08,0.453788
0.502714,0.638751,-4.47507e-09,-4.47507e-09,0.169399,0.109063,0.109063,-2.14348e-07,0.109063,-2.14348e-07,0.638751
0.386436,0.854093,-8.31499e-10,-8.315e-10,0.284689,0.204414,0.204414,-3.70942e-08,0.204414,-3.70942e-08,0.854093
0.270158,1.02789,-7.60849e-09,-7.60849e-09,0.386189,0.277407,0.277407,2.16499e-08,0.277407,2.16499e-08,1.02789
0.15388,1.23418,7.65437e-10,7.65437e-10,0.509949,0.351046,0.351046,8.84729e-09,0.351046,8.84729e-09,1.23418
0.0376021,1.34204,2.51499e-10,2.51499e-10,0.574485,0.383542,0.383542,3.73403e-10,0.383542,3.73403e-10,1.34204
0.821324,0.214374,2.40042e-09,2.40042e-09,0.0205545,0.00451029,0.00451029,-2.26257e-08,0.00451029,-2.26257e-08,0.214374
0.705046,0.329812,3.47073e-09,3.47073e-09,0.0477994,0.0166564,0.0166564,1.41728e-08,0.0166564,1.41728e-08,0.329812
0.588768,0.497565,-1.43887e-09,-1.43887e-09,0.105772,0.0560941,0.0560941,2.25243e-08,0.0560941,2.25243e-08,0.497565
0.47249,0.689674,-5.42387e-09,-5.42387e-09,0.195049,0.13099,0.13099,1.16879e-08,0.13099,1.16879e-08,0.689674
0.356213,0.911803,-8.62154e-09,-8.62154e-09,0.317872,0.229571,0.229571,-1.06906e-07,0.229571,-1.06906e-07,0.911803
0.239935,1.08443,-5.3858e-10,-5.3858e-10,0.41994,0.299092,0.299092,1.98998e-09,0.299092,1.98998e-09,1.08443
0.123657,1.27328,6.61267e-10,6.61267e-10,0.533447,0.363308,0.363308,4.70403e-09,0.363308,4.70403e-09,1.27328
0.00737873,1.34615,2.64011e-16,1.39125e-18,0.576923,0.384615,0.384615,-1.70873e-17,0.384615,-1.70873e-17,1.34615
0.791101,0.252062,1.56957e-09,1.56957e-09,0.0282521,0.00736705,0.00736705,-6.00179e-09,0.00736705,-6.00179e-09,0.252062
0.674823,0.370052,-2.10751e-09,-2.10751e-09,0.0597924,0.0235639,0.0235639,-4.39555e-08,0.0235639,-4.39555e-08,0.370052
0.558545,0.542853,-3.23284e-09,-3.23284e-09,0.124843,0.0714388,0.0714388,1.60106e-10,0.0714388,1.60106e-10,0.542853
0.442267,0.742646,-1.91757e-09,-1.91757e-09,0.222934,0.154534,0.154534,3.9253e-08,0.154534,3.9253e-08,0.742646
0.325989,0.970017,-6.24384e-09,-6.24384e-09,0.351921,0.254081,0.254081,2.10869e-08,0.254081,2.10869e-08,0.970017
0.209711,1.13848,4.52992e-09,4.52992e-09,0.452375,0.318767,0.318767,-6.90152e-09,0.318767,-6.90152e-09,1.13848
0.0934333,1.30493,3.18508e-10,3.18507e-10,0.55242,0.372848,0.372848,7.50975e-10,0.372848,7.50975e-10,1.30493
0.877155,0.140975,2.2616e-09,2.2616e-09,0.00900997,0.0012927,0.0012927,-1.45504e-08,0.0012927,-1.45504e-08,0.140975
0.760877,0.290513,2.4073e-09,2.4073e-09,0.0373113,0.0113381,0.0113381,1.55657e-08,0.0113381,1.55657e-08,0.290513
0.6446,0.411335,-1.04007e-09,-1.04007e-09,0.0733784,0.0323,0.0323,2.3475e-08,0.0323,2.3475e-08,0.411335
0.528322,0.589853,-3.42415e-09,-3.42415e-09,0.146015,0.0891312,0.0891312,-4.41093e-08,0.0891312,-4.41093e-08,0.589853
0.412044,0.797548,-1.64692e-09,-1.64692e-09,0.252906,0.1792,0.1792,-2.64054e-08,0.1792,-2.64054e-08,0.797548
0.295766,1.02789,-7.60849e-09,-7.60849e-09,0.386189,0.277407,0.277407,2.16499e-08,0.277407,2.16499e-08,1.02789
0.179488,1.18883,1.71929e-09,1.71929e-09,0.482657,0.336152,0.336152,6.79116e-09,0.336152,6.79116e-09,1.18883
0.0632099,1.32812,3.29755e-10,3.29755e-10,0.566253,0.379608,0.379608,1.62311e-09,0.379608,1.62311e-09,1.32812
0.846932,0.17737,-6.66139e-11,-6.6614e-11,0.0141584,0.0025511,0.0025511,-3.98652e-08,0.0025511,-3.98652e-08,0.17737
0.730654,0.329812,3.47073e-09,3.47073e-09,0.0477994,0.0166564,0.0166564,1.41728e-08,0.0166564,1.41728e-08,0.329812
0.614376,0.453788,2.10608e-10,2.10608e-10,0.0886632,0.0430842,0.0430842,-5.81106e-08,0.0430842,-5.81106e-08,0.453788
0.498098,0.638751,-4.47507e-09,-4.47507e-09,0.169399,0.109063,0.109063,-2.14348e-07,0.109063,-2.14348e-07,0.638751
0.38182,0.854093,-8.31499e-10,-8.315e-10,0.284689,0.204414,0.204414,-3.70942e-08,0.204414,-3.70942e-08,0.854093
0.265542,1.08443,-5.3858e-10,-5.3858e-10,0.41994,0.299092,0.299092,1.98998e-09,0.299092,1.98998e-09,1.08443
0.149264,1.23418,7.65437e-10,7.65437e-10,0.509949,0.351046,0.351046,8.84729e-09,0.351046,8.84729e-09,1.23418
0.0329865,1.34204,2.51499e-10,2.51499e-10,0.574485,0.383542,0.383542,3.73403e-10,0.383542,3.73403e-10,1.34204
0.816709,0.214374,2.40042e-09,2.40042e-09,0.0205545,0.00451029,0.00451029,-2.26257e-08,0.00451029,-2.26257e-08,0.214374
0.700431,0.370052,-2.10751e-09,-2.10751e-09,0.0597924,0.0235639,0.0235639,-4.39555e-08,0.0235639,-4.39555e-08,0.370052
0.584153,0.497565,-1.43887e-09,-1.43887e-09,0.105772,0.0560941,0.0560941,2.25243e-08,0.0560941,2.25243e-08,0.497565
0.467875,0.689674,-5.42387e-09,-5.42387e-09,0.195049,0.13099,0.13099,1.16879e-08,0.13099,1.16879e-08,0.689674
0.351597,0.911803,-8.62154e-09,-8.62154e-09,0.317872,0.229571,0.229571,-1.06906e-07,0.229571,-1.06906e-07,0.911803
0.235319,1.08443,-5.3858e-10,-5.3858e-10,0.41994,0.299092,0.299092,1.98998e-09,0.299092,1.98998e-09,1.08443
0.119041,1.27328,6.61267e-10,6.61267e-10,0.533447,0.363308,0.363308,4.70403e-09,0.363308,4.70403e-09,1.27328
0.00276315,1.34615,2.46579e-16,-7.62324e-18,0.576923,0.384615,0.384615,-2.07153e-17,0.384615,-2.07153e-17,1.34615
0.786485,0.252062,1.56957e-09,1.56957e-09,0.0282521,0.00736705,0.00736705,-6.00179e-09,0.00736705,-6.00179e-09,0.252062
0.670207,0.411335,-1.04007e-09,-1.04007e-09,0.0733784,0.0323,0.0323,2.3475e-08,0.0323,2.3475e-08,0.411335
0.553929,0.542853,-3.23284e-09,-3.23284e-09,0.124843,0.0714388,0.0714388,1.60106e-10,0.0714388,1.60106e-10,0.542853
0.437651,0.742646,-1.91757e-09,-1.91757e-09,0.222934,0.154534,0.154534,3.9253e-08,0.154534,3.9253e-08,0.742646
0.321374,0.970017,-6.24384e-09,-6.24384e-09,0.351921,0.254081,0.254081,2.10869e-08,0.254081,2.10869e-08,0.970017
0.205096,1.13848,4.52992e-09,4.52992e-09,0.452375,0.318767,0.318767,-6.90152e-09,0.318767,-6.90152e-09,1.13848
0.0888177,1.30493,3.18508e-10,3.18507e-10,0.55242,0.372848,0.372848,7.50975e-10,0.372848,7.50975e-10,1.30493
0.87254,0.140975,2.2616e-09,2.2616e-09,0.00900997,0.0012927,0.0012927,-1.45504e-08,0.0012927,-1.45504e-08,0.140975
0.756262,0.290513,2.4073e-09,2.4073e-09,0.0373113,0.0113381,0.0113381,1.55657e-08,0.0113381,1.55657e-08,0.290513
0.639984,0.453788,2.10608e-10,2.10608e-10,0.0886632,0.0430842,0.0430842,-5.81106e-08,0.0430842,-5.81106e-08,0.453788
0.523706,0.589853,-3.42415e-09,-3.42415e-09,0.146015,0.0891312,0.0891312,-4.41093e-08,0.0891312,-4.41093e-08,0.589853
0.407428,0.797548,-1.64692e-09,-1.64692e-09,0.252906,0.1792,0.1792,-2.64054e-08,0.1792,-2.64054e-08,0.797548
0.29115,1.02789,-7.60849e-09,-7.60849e-09,0.386189,0.277407,0.277407,2.16499e-08,0.277407,2.16499e-08,1.02789
0.174872,1.18883,1.71929e-09,1.71929e-09,0.482657,0.336152,0.336152,6.79116e-09,0.336152,6.79116e-09,1.18883
0.0585943,1.32812,3.29755e-10,3.29755e-10,0.566253,0.379608,0.379608,1.62311e-09,0.379608,1.62311e-09,1.32812
0.842316,0.17737,-6.66139e-11,-6.6614e-11,0.0141584,0.0025511,0.0025511,-3.98652e-08,0.0025511,-3.98652e-08,0.17737
0.726038,0.329812,3.47073e-09,3.47073e-09,0.0477994,0.0166564,0.0166564,1.41728e-08,0.0166564,1.41728e-08,0.329812
0.609761,0.453788,2.10608e-10,2.10608e-10,0.0886632,0.0430842,0.0430842,-5.81106e-08,0.0430842,-5.81106e-08,0.453788
0.493483,0.638751,-4.47507e-09,-4.47507e-09,0.169399,0.109063,0.109063,-2.14348e-07,0.109063,-2.14348e-07,0.638751
0.377205,0.854093,-8.31499e-10,-8.315e-10,0.284689,0.204414,0.204414,-3.70942e-08,0.204414,-3.70942e-08,0.854093
0.260927,1.08443,-5.3858e-10,-5.3858e-10,0.41994,0.299092,0.299092,1.98998e-09,0.299092,1.98998e-09,1.08443
0.144649,1.23418,7.65437e-10,7.65437e-10,0.509949,0.351046,0.351046,8.84729e-09,0.351046,8.84729e-09,1.23418
0.0283709,1.34204,2.51499e-10,2.51499e-10,0.574485,0.383542,0.383542,3.73403e-10,0.383542,3.73403e-10,1.34204
0.812093,0.214374,2.40042e-09,2.40042e-09,0.0205545,0.00451029,0.00451029,-2.26257e-08,0.00451029,-2.26257e-08,0.214374
0.695815,0.370052,-2.10751e-09,-2.10751e-09,0.0597924,0.0235639,0.0235639,-4.39555e-08,0.0235639,-4.39555e-08,0.370052
0.579537,0.497565,-1.43887e-09,-1.43887e-09,0.105772,0.0560941,0.0560941,2.25243e-08,0.0560941,2.25243e-08,0.497565
0.463259,0.689674,-5.42387e-09,-5.42387e-09,0.195049,0.13099,0.13099,1.16879e-08,0.13099,1.16879e-08,0.689674
0.346981,0.911803,-8.62154e-09,-8.62154e-09,0.317872,0.229571,0.229571,-1.06906e-07,0.229571,-1.06906e-07,0.911803
0.230703,1.13848,4.52992e-09,4.52992e-09,0.452375,0.318767,0.318767,-6.90152e-09,0.318767,-6.90152e-09,1.13848
0.114425,1.27328,6.61267e-10,6.61267e-10,0.533447,0.363308,0.363308,4.70403e-09,0.363308,4.70403e-09,1.27328
0.898148,0.105121,2.09942e-09,2.09942e-09,0.0050619,0.000559218,0.000559218,-1.10203e-08,0.000559218,-1.10203e-08,0.105121
0.78187,0.252062,1.56957e-09,1.56957e-09,0.0282521,0.00736705,0.00736705,-6.00179e-09,0.00736705,-6.00179e-09,0.252062
0.665592,0.411335,-1.04007e-09,-1.04007e-09,0.0733784,0.0323,0.0323,2.3475e-08,0.0323,2.3475e-08,0.411335
0.549314,0.542853,-3.23284e-09,-3.23284e-09,0.124843,0.0714388,0.0714388,1.60106e-10,0.0714388,1.60106e-10,0.542853
0.433036,0.742646,-1.91757e-09,-1.91757e-09,0.222934,0.154534,0.154534,3.9253e-08,0.154534,3.9253e-08,0.742646
0.316758,0.970017,-6.24384e-09,-6.24384e-09,0.351921,0.254081,0.254081,2.10869e-08,0.254081,2.10869e-08,0.970017
0.20048,1.18883,1.71929e-09,1.71929e-09,0.482657,0.336152,0.336152,6.79116e-09,0.336152,6.79116e-09,1.18883
0.0842021,1.30493,3.18508e-10,3.18507e-10,0.55242,0.372848,0.372848,7.50975e-10,0.372848,7.50975e-10,1.30493
0.867924,0.140975,2.2616e-09,2.2616e-09,0.00900997,0.0012927,0.0012927,-1.45504e-08,0.0012927,-1.45504e-08,0.140975
0.751646,0.290513,2.4073e-09,2.4073e-09,0.0373113,0.0113381,0.0113381,1.55657e-08,0.0113381,1.55657e-08,0.290513
0.635368,0.453788,2.10608e-10,2.10608e-10,0.0886632,0.0430842,0.0430842,-5.81106e-08,0.0430842,-5.81106e-08,0.453788
0.51909,0.589853,-3.42415e-09,-3.42415e-09,0.146015,0.0891312,0.0891312,-4.41093e-08,0.0891312,-4.41093e-08,0.589853
0.402812,0.797548,-1.64692e-09,-1.64692e-09,0.252906,0.1792,0.1792,-2.64054e-08,0.1792,-2.64054e-08,0.797548
0.286535,1.02789,-7.60849e-09,-7.60849e-09,0.386189,0.277407,0.277407,2.16499e-08,0.277407,2.16499e-08,1.02789
0.170257,1.23418,7.65437e-10,7.65437e-10,0.509949,0.351046,0.351046,8.84729e-09,0.351046,8.84729e-09,1.23418
0.0539787,1.32812,3.29755e-10,3.29755e-10,0.566253,0.379608,0.379608,1.62311e-09,0.379608,1.62311e-09,1.32812
0.837701,0.17737,-6.66139e-11,-6.6614e-11,0.0141584,0.0025511,0.0025511,-3.98652e-08,0.0025511,-3.98652e-08,0.17737
0.721423,0.329812,3.47073e-09,3.47073e-09,0.0477994,0.0166564,0.0166564,1.41728e-08,0.0166564,1.41728e-08,0.329812
0.605145,0.497565,-1.43887e-09,-1.43887e-09,0.105772,0.0560941,0.0560941,2.25243e-08,0.0560941,2.25243e-08,0.497565
0.488867,0.638751,-4.47507e-09,-4.47507e-09,0.169399,0.109063,0.109063,-2.14348e-07,0.109063,-2.14348e-07,0.638751
0.372589,0.854093,-8.31499e-10,-8.315e-10,0.284689,0.204414,0.204414,-3.70942e-08,0.204414,-3.70942e-08,0.854093
0.256311,1.08443,-5.3858e-10,-5.3858e-10,0.41994,0.299092,0.299092,1.98998e-09,0.299092,1.98998e-09,1.08443
0.140033,1.27328,6.61267e-10,6.61267e-10,0.533447,0.363308,0.363308,4.70403e-09,0.363308,4.70403e-09,1.27328
0.0237553,1.34204,2.51499e-10,2.51499e-10,0.574485,0.383542,0.383542,3.73403e-10,0.383542,3.73403e-10,1.34204
0.807477,0.214374,2.40042e-09,2.40042e-09,0.0205545,0.00451029,0.00451029,-2.26257e-08,0.00451029,-2.26257e-08,0.214374
0.6912,0.370052,-2.10751e-09,-2.10751e-09,0.0597924,0.0235639,0.0235639,-4.39555e-08,0.0235639,-4.39555e-08,0.370052
0.574922,0.542853,-3.23284e-09,-3.23284e-09,0.124843,0.0714388,0.0714388,1.60106e-10,0.0714388,1.60106e-10,0.542853
0.458644,0.689674,-5.42387e-09,-5.42387e-09,0.195049,0.13099,0.13099,1.16879e-08,0.13099,1.16879e-08,0.689674
0.342366,0.911803,-8.62154e-09,-8.62154e-09,0.317872,0.229571,0.229571,-1.06906e-07,0.229571,-1.06906e-07,0.911803
0.226088,1.13848,4.52992e-09,4.52992e-09,0.452375,0.318767,0.318767,-6.90152e-09,0.318767,-6.90152e-09,1.13848
0.10981,1.27328,6.61267e-10,6.61267e-10,0.533447,0.363308,0.363308,4.70403e-09,0.363308,4.70403e-09,1.27328
0.893532,0.105121,2.09942e-09,2.09942e-09,0.0050619,0.000559218,0.000559218,-1.10203e-08,0.000559218,-1.10203e-08,0.105121
0.777254,0.252062,1.56957e-09,1.56957e-09,0.0282521,0.00736705,0.00736705,-6.00179e-09,0.00736705,-6.00179e-09,0.252062
0.660976,0.411335,-1.04007e-09,-1.04007e-09,0.0733784,0.0323,0.0323,2.3475e-08,0.0323,2.3475e-08,0.411335
0.544698,0.589853,-3.42415e-09,-3.42415e-09,0.146015,0.0891312,0.0891312,-4.41093e-08,0.0891312,-4.41093e-08,0.589853
0.42842,0.742646,-1.91757e-09,-1.91757e-09,0.222934,0.154534,0.154534,3.9253e-08,0.154534,3.9253e-08,0.742646
0.312142,0.970017,-6.24384e-09,-6.24384e-09,0.351921,0.254081,0.254081,2.10869e-08,0.254081,2.10869e-08,0.970017
0.195864,1.18883,1.71929e-09,1.71929e-09,0.482657,0.336152,0.336152,6.79116e-09,0.336152,6.79116e-09,1.18883
0.0795865,1.30493,3.18508e-10,3.18507e-10,0.55242,0.372848,0.372848,7.50975e-10,0.372848,7.50975e-10,1.30493
0.863309,0.140975,2.2616e-09,2.2616e-09,0.00900997,0.0012927,0.0012927,-1.45504e-08,0.0012927,-1.45504e-08,0.140975
0.747031,0.290513,2.4073e-09,2.4073e-09,0.0373113,0.0113381,0.0113381,1.55657e-08,0.0113381,1.55657e-08,0.290513
0.630753,0.453788,2.10608e-10,2.10608e-10,0.0886632,0.0430842,0.0430842,-5.81106e-08,0.0430842,-5.81106e-08,0.453788
0.514475,0.638751,-4.47507e-09,-4.47507e-09,0.169399,0.109063,0.109063,-2.14348e-07,0.109063,-2.14348e-07,0.638751
0.398197,0.797548,-1.64692e-09,-1.64692e-09,0.252906,0.1792,0.1792,-2.64054e-08,0.1792,-2.64054e-08,0.797548
0.281919,1.02789,-7.60849e-09,-7.60849e-09,0.386189,0.277407,0.277407,2.16499e-08,0.277407,2.16499e-08,1.02789
0.165641,1.23418,7.65437e-10,7.65437e-10,0.509949,0.351046,0.351046,8.84729e-09,0.351046,8.84729e-09,1.23418
0.0493631,1.32812,3.29755e-10,3.29755e-10,0.566253,0.379608,0.379608,1.62311e-09,0.379608,1.62311e-09,1.32812
0.833085,0.17737,-6.66139e-11,-6.6614e-11,0.0141584,0.0025511,0.0025511,-3.98652e-08,0.0025511,-3.98652e-08,0.17737
0.716807,0.329812,3.47073e-09,3.47073e-09,0.0477994,0.0166564,0.0166564,1.41728e-08,0.0166564,1.41728e-08,0.329812
0.600529,0.497565,-1.43887e-09,-1.43887e-09,0.105772,0.0560941,0.0560941,2.25243e-08,0.0560941,2.25243e-08,0.497565
0.484251,0.689674,-5.42387e-09,-5.42387e-09,0.195049,0.13099,0.13099,1.16879e-08,0.13099,1.16879e-08,0.689674
0.367974,0.854093,-8.31499e-10,-8.315e-10,0.284689,0.204414,0.204414,-3.70942e-08,0.204414,-3.70942e-08,0.854093
0.251696,1.08443,-5.3858e-10,-5.3858e-10,0.41994,0.299092,0.299092,1.98998e-09,0.299092,1.98998e-09,1.08443
0.135418,1.27328,6.61267e-10,6.61267e-10,0.533447,0.363308,0.363308,4.70403e-09,0.363308,4.70403e-09,1.27328
0.0191398,1.34204,2.51499e-10,2.51499e-10,0.574485,0.383542,0.383542,3.73403e-10,0.383542,3.73403e-10,1.34204
0.802862,0.214374,2.40042e-09,2.40042e-09,0.0205545,0.00451029,0.00451029,-2.26257e-08,0.00451029,-2.26257e-08,0.214374
0.686584,0.370052,-2.10751e-09,-2.10751e-09,0.0597924,0.0235639,0.0235639,-4.39555e-08,0.0235639,-4.39555e-08,0.370052
0.570306,0.542853,-3.23284e-09,-3.23284e-09,0.124843,0.0714388,0.0714388,1.60106e-10,0.0714388,1.60106e-10,0.542853
0.454028,0.689674,-5.42387e-09,-5.42387e-09,0.195049,0.13099,0.13099,1.16879e-08,0.13099,1.16879e-08,0.689674
0.33775,0.911803,-8.62154e-09,-8.62154e-09,0.317872,0.229571,0.229571,-1.06906e-07,0.229571,-1.06906e-07,0.911803
0.221472,1.13848,4.52992e-09,4.52992e-09,0.452375,0.318767,0.318767,-6.90152e-09,0.318767,-6.90152e-09,1.13848
0.105194,1.30493,3.18508e-10,3.18507e-10,0.55242,0.372848,0.372848,7.50975e-10,0.372848,7.50975e-10,1.30493
0.888916,0.140975,2.2616e-09,2.2616e-09,0.00900997,0.0012927,0.0012927,-1.45504e-08,0.0012927,-1.45504e-08,0.140975
0.772638,0.252062,1.56957e-09,1.56957e-09,0.0282521,0.00736705,0.00736705,-6.00179e-09,0.00736705,-6.00179e-09,0.252062
0.656361,0.411335,-1.04007e-09,-1.04007e-09,0.0733784,0.0323,0.0323,2.3475e-08,0.0323,2.3475e-08,0.411335
0.540083,0.589853,-3.42415e-09,-3.42415e-09,0.146015,0.0891312,0.0891312,-4.41093e-08,0.0891312,-4.41093e-08,0.589853
0.423805,0.742646,-1.91757e-09,-1.91757e-09,0.222934,0.154534,0.154534,3.9253e-08,0.154534,3.9253e-08,0.742646
0.307527,0.970017,-6.24384e-09,-6.24384e-09,0.351921,0.254081,0.254081,2.10869e-08,0.254081,2.10869e-08,0.970017
0.191249,1.18883,1.71929e-09,1.71929e-09,0.482657,0.336152,0.336152,6.79116e-09,0.336152,6.79116e-09,1.18883
0.0749709,1.32812,3.29755e-10,3.29755e-10,0.566253,0.379608,0.379608,1.62311e-09,0.379608,1.62311e-09,1.32812
0.858693,0.17737,-6.66139e-11,-6.6614e-11,0.0141584,0.0025511,0.0025511,-3.98652e-08,0.0025511,-3.98652e-08,0.17737
0.742415,0.290513,2.4073e-09,2.4073e-09,0.0373113,0.0113381,0.0113381,1.55657e-08,0.0113381,1.55657e-08,0.290513
0.626137,0.453788,2.10608e-10,2.10608e-10,0.0886632,0.0430842,0.0430842,-5.81106e-08,0.0430842,-5.81106e-08,0.453788
0.509859,0.638751,-4.47507e-09,-4.47507e-09,0.169399,0.109063,0.109063,-2.14348e-07,0.109063,-2.14348e-07,0.638751
0.393581,0.797548,-1.64692e-09,-1.64692e-09,0.252906,0.1792,0.1792,-2.64054e-08,0.1792,-2.64054e-08,0.797548
0.277303,1.02789,-7.60849e-09,-7.60849e-09,0.386189,0.277407,0.277407,2.16499e-08,0.277407,2.16499e-08,1.02789
0.161025,1.23418,7.65437e-10,7.65437e-10,0.509949,0.351046,0.351046,8.84729e-09,0.351046,8.84729e-09,1.23418
0.0447475,1.34204,2.51499e-10,2.51499e-10,0.574485,0.383542,0.383542,3.73403e-10,0.383542,3.73403e-10,1.34204
0.82847,0.17737,-6.66139e-11,-6.6614e-11,0.0141584,0.0025511,0.0025511,-3.98652e-08,0.0025511,-3.98652e-08,0.17737
0.712192,0.329812,3.47073e-09,3.47073e-09,0.0477994,0.0166564,0.0166564,1.41728e-08,0.0166564,1.41728e-08,0.329812
0.595914,0.497565,-1.43887e-09,-1.43887e-09,0.105772,0.0560941,0.0560941,2.25243e-08,0.0560941,2.25243e-08,0.497565
0.479636,0.689674,-5.42387e-09,-5.42387e-09,0.195049,0.13099,0.13099,1.16879e-08,0.13099,1.16879e-08,0.689674
0.363358,0.854093,-8.31499e-10,-8.315e-10,0.284689,0.204414,0.204414,-3.70942e-08,0.204414,-3.70942e-08,0.854093
0.24708,1.08443,-5.3858e-10,-5.3858e-10,0.41994,0.299092,0.299092,1.98998e-09,0.299092,1.98998e-09,1.08443
0.130802,1.27328,6.61267e-10,6.61267e-10,0.533447,0.363308,0.363308,4.70403e-09,0.363308,4.70403e-09,1.27328
0.0145242,1.34615,2.46886e-16,2.17554e-19,0.576923,0.384615,0.384615,-1.76854e-17,0.384615,-1.76854e-17,1.34615
0.798246,0.214374,2.40042e-09,2.40042e-09,0.0205545,0.00451029,0.00451029,-2.26257e-08,0.00451029,-2.26257e-08,0.214374
0.681968,0.370052,-2.10751e-09,-2.10751e-09,0.0597924,0.0235639,0.0235639,-4.39555e-08,0.0235639,-4.39555e-08,0.370052
0.56569,0.542853,-3.23284e-09,-3.23284e-09,0.124843,0.0714388,0.0714388,1.60106e-10,0.0714388,1.60106e-10,0.542853
0.449412,0.742646,-1.91757e-09,-1.91757e-09,0.222934,0.154534,0.154534,3.9253e-08,0.154534,3.9253e-08,0.742646
0.333135,0.911803,-8.62154e-09,-8.62154e-09,0.317872,0.229571,0.229571,-1.06906e-07,0.229571,-1.06906e-07,0.911803
0.216857,1.13848,4.52992e-09,4.52992e-09,0.452375,0.318767,0.318767,-6.90152e-09,0.318767,-6.90152e-09,1.13848
0.100579,1.30493,3.18508e-10,3.18507e-10,0.55242,0.372848,0.372848,7.50975e-10,0.372848,7.50975e-10,1.30493
0.884301,0.140975,2.2616e-09,2.2616e-09,0.00900997,0.0012927,0.0012927,-1.45504e-08,0.0012927,-1.45504e-08,0.140975
0.768023,0.252062,1.56957e-09,1.56957e-09,0.0282521,0.00736705,0.00736705,-6.00179e-09,0.00736705,-6.00179e-09,0.252062
0.651745,0.411335,-1.04007e-09,-1.04007e-09,0.0733784,0.0323,0.0323,2.3475e-08,0.0323,2.3475e-08,0.411335
0.535467,0.589853,-3.42415e-09,-3.42415e-09,0.146015,0.0891312,0.0891312,-4.41093e-08,0.0891312,-4.41093e-08,0.589853
0.419189,0.797548,-1.64692e-09,-1.64692e-09,0.252906,0.1792,0.1792,-2.64054e-08,0.1792,-2.64054e-08,0.797548
0.302911,0.970017,-6.24384e-09,-6.24384e-09,0.351921,0.254081,0.254081,2.10869e-08,0.254081,2.10869e-08,0.970017
0.186633,1.18883,1.71929e-09,1.71929e-09,0.482657,0.336152,0.336152,6.79116e-09,0.336152,6.79116e-09,1.18883
0.0703553,1.32812,3.29755e-10,3.29755e-10,0.566253,0.379608,0.379608,1.62311e-09,0.379608,1.62311e-09,1.32812
0.854077,0.17737,-6.66139e-11,-6.6614e-11,0.0141584,0.0025511,0.0025511,-3.98652e-08,0.0025511,-3.98652e-08,0.17737
0.737799,0.290513,2.4073e-09,2.4073e-09,0.0373113,0.0113381,0.0113381,1.55657e-08,0.0113381,1.55657e-08,0.290513
0.621522,0.453788,2.10608e-10,2.10608e-10,0.0886632,0.0430842,0.0430842,-5.81106e-08,0.0430842,-5.81106e-08,0.453788
0.505244,0.638751,-4.47507e-09,-4.47507e-09,0.169399,0.109063,0.109063,-2.14348e-07,0.109063,-2.14348e-07,0.638751
0.388966,0.854093,-8.31499e-10,-8.315e-10,0.284689,0.204414,0.204414,-3.70942e-08,0.204414,-3.70942e-08,0.854093
0.272688,1.02789,-7.60849e-09,-7.60849e-09,0.386189,0.277407,0.277407,2.16499e-08,0.277407,2.16499e-08,1.02789
0.15641,1.23418,7.65437e-10,7.65437e-10,0.509949,0.351046,0.351046,8.84729e-09,0.351046,8.84729e-09,1.23418
0.040132,1.34204,2.51499e-10,2.51499e-10,0.574485,0.383542,0.383542,3.73403e-10,0.383542,3.73403e-10,1.34204
0.823854,0.214374,2.40042e-09,2.40042e-09,0.0205545,0.00451029,0.00451029,-2.26257e-08,0.00451029,-2.26257e-08,0.214374
0.707576,0.329812,3.47073e-09,3.47073e-09,0.0477994,0.0166564,0.0166564,1.41728e-08,0.0166564,1.41728e-08,0.329812
0.591298,0.497565,-1.43887e-09,-1.43887e-09,0.105772,0.0560941,0.0560941,2.25243e-08,0.0560941,2.25243e-08,0.497565
0.47502,0.689674,-5.42387e-09,-5.42387e-09,0.195049,0.13099,0.13099,1.16879e-08,0.13099,1.16879e-08,0.689674
0.358742,0.911803,-8.62154e-09,-8.62154e-09,0.317872,0.229571,0.229571,-1.06906e-07,0.229571,-1.06906e-07,0.911803
0.242464,1.08443,-5.3858e-10,-5.3858e-10,0.41994,0.299092,0.299092,1.98998e-09,0.299092,1.98998e-09,1.08443
0.126187,1.27328,6.61267e-10,6.61267e-10,0.533447,0.363308,0.363308,4.70403e-09,0.363308,4.70403e-09,1.27328
0.00990858,1.34615,2.76043e-16,-6.87901e-18,0.576923,0.384615,0.384615,-1.60001e-17,0.384615,-1.60001e-17,1.34615
0.793631,0.252062,1.56957e-09,1.56957e-09,0.0282521,0.00736705,0.00736705,-6.00179e-09,0.00736705,-6.00179e-09,0.252062
0.677353,0.370052,-2.10751e-09,-2.10751e-09,0.0597924,0.0235639,0.0235639,-4.39555e-08,0.0235639,-4.39555e-08,0.370052
0.561075,0.542853,-3.23284e-09,-3.23284e-09,0.124843,0.0714388,0.0714388,1.60106e-10,0.0714388,1.60106e-10,0.542853
0.444797,0.742646,-1.91757e-09,-1.91757e-09,0.222934,0.154534,0.154534,3.9253e-08,0.154534,3.9253e-08,0.742646
0.328519,0.911803,-8.62154e-09,-8.62154e-09,0.317872,0.229571,0.229571,-1.06906e-07,0.229571,-1.06906e-07,0.911803
0.212241,1.13848,4.52992e-09,4.52992e-09,0.452375,0.318767,0.318767,-6.90152e-09,0.318767,-6.90152e-09,1.13848
0.0959631,1.30493,3.18508e-10,3.18507e-10,0.55242,0.372848,0.372848,7.50975e-10,0.372848,7.50975e-10,1.30493
0.879685,0.140975,2.2616e-09,2.2616e-09,0.00900997,0.0012927,0.0012927,-1.45504e-08,0.0012927,-1.45504e-08,0.140975
0.763407,0.290513,2.4073e-09,2.4073e-09,0.0373113,0.0113381,0.0113381,1.55657e-08,0.0113381,1.55657e-08,0.290513
0.647129,0.411335,-1.04007e-09,-1.04007e-09,0.0733784,0.0323,0.0323,2.3475e-08,0.0323,2.3475e-08,0.411335
0.530851,0.589853,-3.42415e-09,-3.42415e-09,0.146015,0.0891312,0.0891312,-4.41093e-08,0.0891312,-4.41093e-08,0.589853
0.414574,0.797548,-1.64692e-09,-1.64692e-09,0.252906,0.1792,0.1792,-2.64054e-08,0.1792,-2.64054e-08,0.797548
0.298296,0.970017,-6.24384e-09,-6.24384e-09,0.351921,0.254081,0.254081,2.10869e-08,0.254081,2.10869e-08,0.970017
0.182018,1.18883,1.71929e-09,1.71929e-09,0.482657,0.336152,0.336152,6.79116e-09,0.336152,6.79116e-09,1.18883
0.0657397,1.32812,3.29755e-10,3.29755e-10,0.566253,0.379608,0.379608,1.62311e-09,0.379608,1.62311e-09,1.32812
0.849462,0.17737,-6.66139e-11,-6.6614e-11,0.0141584,0.0025511,0.0025511,-3.98652e-08,0.0025511,-3.98652e-08,0.17737
0.733184,0.329812,3.47073e-09,3.47073e-09,0.0477994,0.0166564,0.0166564,1.41728e-08,0.0166564,1.41728e-08,0.329812
0.616906,0.453788,2.10608e-10,2.10608e-10,0.0886632,0.0430842,0.0430842,-5.81106e-08,0.0430842,-5.81106e-08,0.453788
0.500628,0.638751,-4.47507e-09,-4.47507e-09,0.169399,0.109063,0.109063,-2.14348e-07,0.109063,-2.14348e-07,0.638751
0.38435,0.854093,-8.31499e-10,-8.315e-10,0.284689,0.204414,0.204414,-3.70942e-08,0.204414,-3.70942e-08,0.854093
0.268072,1.02789,-7.60849e-09,-7.60849e-09,0.386189,0.277407,0.277407,2.16499e-08,0.277407,2.16499e-08,1.02789
0.151794,1.23418,7.65437e-10,7.65437e-10,0.509949,0.351046,0.351046,8.84729e-09,0.351046,8.84729e-09,1.23418
0.0355164,1.34204,2.51499e-10,2.51499e-10,0.574485,0.383542,0.383542,3.73403e-10,0.383542,3.73403e-10,1.34204
0.819238,0.214374,2.40042e-09,2.40042e-09,0.0205545,0.00451029,0.00451029,-2.26257e-08,0.00451029,-2.26257e-08,0.214374
0.702961,0.370052,-2.10751e-09,-2.10751e-09,0.0597924,0.0235639,0.0235639,-4.39555e-08,0.0235639,-4.39555e-08,0.370052
0.586683,0.497565,-1.43887e-09,-1.43887e-09,0.105772,0.0560941,0.0560941,2.25243e-08,0.0560941,2.25243e-08,0.497565
0.470405,0.689674,-5.42387e-09,-5.42387e-09,0.195049,0.13099,0.13099,1.16879e-08,0.13099,1.16879e-08,0.689674
0.354127,0.911803,-8.62154e-09,-8.62154e-09,0.317872,0.229571,0.229571,-1.06906e-07,0.229571,-1.06906e-07,0.911803
0.237849,1.08443,-5.3858e-10,-5.3858e-10,0.41994,0.299092,0.299092,1.98998e-09,0.299092,1.98998e-09,1.08443
0.121571,1.27328,6.61267e-10,6.61267e-10,0.533447,0.363308,0.363308,4.70403e-09,0.363308,4.70403e-09,1.27328
0.00529299,1.34615,2.46579e-16,-7.62324e-18,0.576923,0.384615,0.384615,-2.07153e-17,0.384615,-2.07153e-17,1.34615
0.789015,0.252062,1.56957e-09,1.56957e-09,0.0282521,0.00736705,0.00736705,-6.00179e-09,0.00736705,-6.00179e-09,0.252062
0.672737,0.370052,-2.10751e-09,-2.10751e-09,0.0597924,0.0235639,0.0235639,-4.39555e-08,0.0235639,-4.39555e-08,0.370052
0.556459,0.542853,-3.23284e-09,-3.23284e-09,0.124843,0.0714388,0.0714388,1.60106e-10,0.0714388,1.60106e-10,0.542853
0.440181,0.742646,-1.91757e-09,-1.91757e-09,0.222934,0.154534,0.154534,3.9253e-08,0.154534,3.9253e-08,0.742646
0.323903,0.970017,-6.24384e-09,-6.24384e-09,0.351921,0.254081,0.254081,2.10869e-08,0.254081,2.10869e-08,0.970017
0.207625,1.13848,4.52992e-09,4.52992e-09,0.452375,0.318767,0.318767,-6.90152e-09,0.318767,-6.90152e-09,1.13848
0.0913475,1.30493,3.18508e-10,3.18507e-10,0.55242,0.372848,0.372848,7.50975e-10,0.372848,7.50975e-10,1.30493
0.87507,0.140975,2.2616e-09,2.2616e-09,0.00900997,0.0012927,0.0012927,-1.45504e-08,0.0012927,-1.45504e-08,0.140975
0.758792,0.290513,2.4073e-09,2.4073e-09,0.0373113,0.0113381,0.0113381,1.55657e-08,0.0113381,1.55657e-08,0.290513
0.642514,0.411335,-1.04007e-09,-1.04007e-09,0.0733784,0.0323,0.0323,2.3475e-08,0.0323,2.3475e-08,0.411335
0.526236,0.589853,-3.42415e-09,-3.42415e-09,0.146015,0.0891312,0.0891312,-4.41093e-08,0.0891312,-4.41093e-08,0.589853
0.409958,0.797548,-1.64692e-09,-1.64692e-09,0.252906,0.1792,0.1792,-2.64054e-08,0.1792,-2.64054e-08,0.797548
0.29368,1.02789,-7.60849e-09,-7.60849e-09,0.386189,0.277407,0.277407,2.16499e-08,0.277407,2.16499e-08,1.02789
0.177402,1.18883,1.71929e-09,1.71929e-09,0.482657,0.336152,0.336152,6.79116e-09,0.336152,6.79116e-09,1.18883
0.0611242,1.32812,3.29755e-10,3.29755e-10,0.566253,0.379608,0.379608,1.62311e-09,0.379608,1.62311e-09,1.32812
0.844846,0.17737,-6.66139e-11,-6.6614e-11,0.0141584,0.0025511,0.0025511,-3.98652e-08,0.0025511,-3.98652e-08,0.17737
0.728568,0.329812,3.47073e-09,3.47073e-09,0.0477994,0.0166564,0.0166564,1.41728e-08,0.0166564,1.41728e-08,0.329812
0.61229,0.453788,2.10608e-10,2.10608e-10,0.0886632,0.0430842,0.0430842,-5.81106e-08,0.0430842,-5.81106e-08,0.453788
0.496012,0.638751,-4.47507e-09,-4.47507e-09,0.169399,0.109063,0.109063,-2.14348e-07,0.109063,-2.14348e-07,0.638751
0.379735,0.854093,-8.31499e-10,-8.315e-10,0.284689,0.204414,0.204414,-3.70942e-08,0.204414,-3.70942e-08,0.854093
0.263457,1.08443,-5.3858e-10,-5.3858e-10,0.41994,0.299092,0.299092,1.98998e-09,0.299092,1.98998e-09,1.08443
0.147179,1.23418,7.65437e-10,7.65437e-10,0.509949,0.351046,0.351046,8.84729e-09,0.351046,8.84729e-09,1.23418
0.0309008,1.34204,2.51499e-10,2.51499e-10,0.574485,0.383542,0.383542,3.73403e-10,0.383542,3.73403e-10,1.34204
0.814623,0.214374,2.40042e-09,2.40042e-09,0.0205545,0.00451029,0.00451029,-2.26257e-08,0.00451029,-2.26257e-08,0.214374
0.698345,0.370052,-2.10751e-09,-2.10751e-09,0.0597924,0.0235639,0.0235639,-4.39555e-08,0.0235639,-4.39555e-08,0.370052
0.582067,0.497565,-1.43887e-09,-1.43887e-09,0.105772,0.0560941,0.0560941,2.25243e-08,0.0560941,2.25243e-08,0.497565
0.465789,0.689674,-5.42387e-09,-5.42387e-09,0.195049,0.13099,0.13099,1.16879e-08,0.13099,1.16879e-08,0.689674
0.349511,0.911803,-8.62154e-09,-8.62154e-09,0.317872,0.229571,0.229571,-1.06906e-07,0.229571,-1.06906e-07,0.911803
0.233233,1.13848,4.52992e-09,4.52992e-09,0.452375,0.318767,0.318767,-6.90152e-09,0.318767,-6.90152e-09,1.13848
0.116955,1.27328,6.61267e-10,6.61267e-10,0.533447,0.363308,0.363308,4.70403e-09,0.363308,4.70403e-09,1.27328
0.000677406,1.34615,2.76043e-16,-6.87901e-18,0.576923,0.384615,0.384615,-1.60001e-17,0.384615,-1.60001e-17,1.34615
0.784399,0.252062,1.56957e-09,1.56957e-09,0.0282521,0.00736705,0.00736705,-6.00179e-09,0.00736705,-6.00179e-09,0.252062
0.668122,0.411335,-1.04007e-09,-1.04007e-09,0.0733784,0.0323,0.0323,2.3475e-08,0.0323,2.3475e-08,0.411335
0.551844,0.542853,-3.23284e-09,-3.23284e-09,0.124843,0.0714388,0.0714388,1.60106e-10,0.0714388,1.60106e-10,0.542853
0.435566,0.742646,-1.91757e-09,-1.91757e-09,0.222934,0.154534,0.154534,3.9253e-08,0.154534,3.9253e-08,0.742646
0.319288,0.970017,-6.24384e-09,-6.24384e-09,0.351921,0.254081,0.254081,2.10869e-08,0.254081,2.10869e-08,0.970017
0.20301,1.18883,1.71929e-09,1.71929e-09,0.482657,0.336152,0.336152,6.79116e-09,0.336152,6.79116e-09,1.18883
0.086732,1.30493,3.18508e-10,3.18507e-10,0.55242,0.372848,0.372848,7.50975e-10,0.372848,7.50975e-10,1.30493
0.870454,0.140975,2.2616e-09,2.2616e-09,0.00900997,0.0012927,0.0012927,-1.45504e-08,0.0012927,-1.45504e-08,0.140975
0.754176,0.290513,2.4073e-09,2.4073e-09,0.0373113,0.0113381,0.0113381,1.55657e-08,0.0113381,1.55657e-08,0.290513
0.637898,0.453788,2.10608e-10,2.10608e-10,0.0886632,0.0430842,0.0430842,-5.81106e-08,0.0430842,-5.81106e-08,0.453788
0.52162,0.589853,-3.42415e-09,-3.42415e-09,0.146015,0.0891312,0.0891312,-4.41093e-08,0.0891312,-4.41093e-08,0.589853
0.405342,0.797548,-1.64692e-09,-1.64692e-09,0.252906,0.1792,0.1792,-2.64054e-08,0.1792,-2.64054e-08,0.797548
0.289064,1.02789,-7.60849e-09,-7.60849e-09,0.386189,0.277407,0.277407,2.16499e-08,0.277407,2.16499e-08,1.02789
0.172786,1.18883,1.71929e-09,1.71929e-09,0.482657,0.336152,0.336152,6.79116e-09,0.336152,6.79116e-09,1.18883
0.0565086,1.32812,3.29755e-10,3.29755e-10,0.566253,0.379608,0.379608,1.62311e-09,0.379608,1.62311e-09,1.32812
0.840231,0.17737,-6.66139e-11,-6.6614e-11,0.0141584,0.0025511,0.0025511,-3.98652e-08,0.0025511,-3.98652e-08,0.17737
0.723953,0.329812,3.47073e-09,3.47073e-09,0.0477994,0.0166564,0.0166564,1.41728e-08,0.0166564,1.41728e-08,0.329812
0.607675,0.497565,-1.43887e-09,-1.43887e-09,0.105772,0.0560941,0.0560941,2.25243e-08,0.0560941,2.25243e-08,0.497565
0.491397,0.638751,-4.47507e-09,-4.47507e-09,0.169399,0.109063,0.109063,-2.14348e-07,0.109063,-2.14348e-07,0.638751
0.375119,0.854093,-8.31499e-10,-8.315e-10,0.284689,0.204414,0.204414,-3.70942e-08,0.204414,-3.70942e-08,0.854093
0.258841,1.08443,-5.3858e-10,-5.3858e-10,0.41994,0.299092,0.299092,1.98998e-09,0.299092,1.98998e-09,1.08443
0.142563,1.23418,7.65437e-10,7.65437e-10,0.509949,0.351046,0.351046,8.84729e-09,0.351046,8.84729e-09,1.23418
0.0262852,1.34204,2.51499e-10,2.51499e-10,0.574485,0.383542,0.383542,3.73403e-10,0.383542,3.73403e-10,1.34204
0.810007,0.214374,2.40042e-09,2.40042e-09,0.0205545,0.00451029,0.00451029,-2.26257e-08,0.00451029,-2.26257e-08,0.214374
0.693729,0.370052,-2.10751e-09,-2.10751e-09,0.0597924,0.0235639,0.0235639,-4.39555e-08,0.0235639,-4.39555e-08,0.370052
0.577451,0.542853,-3.23284e-09,-3.23284e-09,0.124843,0.0714388,0.0714388,1.60106e-10,0.0714388,1.60106e-10,0.542853
0.461174,0.689674,-5.42387e-09,-5.42387e-09,0.195049,0.13099,0.13099,1.16879e-08,0.13099,1.16879e-08,0.689674
0.344896,0.911803,-8.62154e-09,-8.62154e-09,0.317872,0.229571,0.229571,-1.06906e-07,0.229571,-1.06906e-07,0.911803
0.228618,1.13848,4.52992e-09,4.52992e-09,0.452375,0.318767,0.318767,-6.90152e-09,0.318767,-6.90152e-09,1.13848
0.11234,1.27328,6.61267e-10,6.61267e-10,0.533447,0.363308,0.363308,4.70403e-09,0.363308,4.70403e-09,1.27328
0.896062,0.105121,2.09942e-09,2.09942e-09,0.0050619,0.000559218,0.000559218,-1.10203e-08,0.000559218,-1.10203e-08,0.105121
0.779784,0.252062,1.56957e-09,1.56957e-09,0.0282521,0.00736705,0.00736705,-6.00179e-09,0.00736705,-6.00179e-09,0.252062
0.663506,0.411335,-1.04007e-09,-1.04007e-09,0.0733784,0.0323,0.0323,2.3475e-08,0.0323,2.3475e-08,0.411335
0.547228,0.542853,-3.23284e-09,-3.23284e-09,0.124843,0.0714388,0.0714388,1.60106e-10,0.0714388,1.60106e-10,0.542853
0.43095,0.742646,-1.91757e-09,-1.91757e-09,0.222934,0.154534,0.154534,3.9253e-08,0.154534,3.9253e-08,0.742646
0.314672,0.970017,-6.24384e-09,-6.24384e-09,0.351921,0.254081,0.254081,2.10869e-08,0.254081,2.10869e-08,0.970017
0.198394,1.18883,1.71929e-09,1.71929e-09,0.482657,0.336152,0.336152,6.79116e-09,0.336152,6.79116e-09,1.18883
0.0821164,1.30493,3.18508e-10,3.18507e-10,0.55242,0.372848,0.372848,7.50975e-10,0.372848,7.50975e-10,1.30493
0.865838,0.140975,2.2616e-09,2.2616e-09,0.00900997,0.0012927,0.0012927,-1.45504e-08,0.0012927,-1.45504e-08,0.140975
0.749561,0.290513,2.4073e-09,2.4073e-09,0.0373113,0.0113381,0.0113381,1.55657e-08,0.0113381,1.55657e-08,0.290513
0.633283,0.453788,2.10608e-10,2.10608e-10,0.0886632,0.0430842,0.0430842,-5.81106e-08,0.0430842,-5.81106e-08,0.453788
0.517005,0.589853,-3.42415e-09,-3.42415e-09,0.146015,0.0891312,0.0891312,-4.41093e-08,0.0891312,-4.41093e-08,0.589853
0.400727,0.797548,-1.64692e-09,-1.64692e-09,0.252906,0.1792,0.1792,-2.64054e-08,0.1792,-2.64054e-08,0.797548
0.284449,1.02789,-7.60849e-09,-7.60849e-09,0.386189,0.277407,0.277407,2.16499e-08,0.277407,2.16499e-08,1.02789
0.168171,1.23418,7.65437e-10,7.65437e-10,0.509949,0.351046,0.351046,8.84729e-09,0.351046,8.84729e-09,1.23418
0.051893,1.32812,3.29755e-10,3.29755e-10,0.566253,0.379608,0.379608,1.62311e-09,0.379608,1.62311e-09,1.32812
0.835615,0.17737,-6.66139e-11,-6.6614e-11,0.0141584,0.0025511,0.0025511,-3.98652e-08,0.0025511,-3.98652e-08,0.17737
0.719337,0.329812,3.47073e-09,3.47073e-09,0.0477994,0.0166564,0.0166564,1.41728e-08,0.0166564,1.41728e-08,0.329812
0.603059,0.497565,-1.43887e-09,-1.43887e-09,0.105772,0.0560941,0.0560941,2.25243e-08,0.0560941,2.25243e-08,0.497565
0.486781,0.638751,-4.47507e-09,-4.47507e-09,0.169399,0.109063,0.109063,-2.14348e-07,0.109063,-2.14348e-07,0.638751
0.370503,0.854093,-8.31499e-10,-8.315e-10,0.284689,0.204414,0.204414,-3.70942e-08,0.204414,-3.70942e-08,0.854093
0.254225,1.08443,-5.3858e-10,-5.3858e-10,0.41994,0.299092,0.299092,1.98998e-09,0.299092,1.98998e-09,1.08443
0.137948,1.27328,6.61267e-10,6.61267e-10,0.533447,0.363308,0.363308,4.70403e-09,0.363308,4.70403e-09,1.27328
0.0216696,1.34204,2.51499e-10,2.51499e-10,0.574485,0.383542,0.383542,3.73403e-10,0.383542,3.73403e-10,1.34204
0.805392,0.214374,2.40042e-09,2.40042e-09,0.0205545,0.00451029,0.00451029,-2.26257e-08,0.00451029,-2.26257e-08,0.214374
0.689114,0.370052,-2.10751e-09,-2.10751e-09,0.0597924,0.0235639,0.0235639,-4.39555e-08,0.0235639,-4.39555e-08,0.370052
0.572836,0.542853,-3.23284e-09,-3.23284e-09,0.124843,0.0714388,0.0714388,1.60106e-10,0.0714388,1.60106e-10,0.542853
0.456558,0.689674,-5.42387e-09,-5.42387e-09,0.195049,0.13099,0.13099,1.16879e-08,0.13099,1.16879e-08,0.689674
0.34028,0.911803,-8.62154e-09,-8.62154e-09,0.317872,0.229571,0.229571,-1.06906e-07,0.229571,-1.06906e-07,0.911803
0.224002,1.13848,4.52992e-09,4.52992e-09,0.452375,0.318767,0.318767,-6.90152e-09,0.318767,-6.90152e-09,1.13848
0.107724,1.30493,3.18508e-10,3.18507e-10,0.55242,0.372848,0.372848,7.50975e-10,0.372848,7.50975e-10,1.30493
0.891446,0.105121,2.09942e-09,2.09942e-09,0.0050619,0.000559218,0.000559218,-1.10203e-08,0.000559218,-1.10203e-08,0.105121
0.775168,0.252062,1.56957e-09,1.56957e-09,0.0282521,0.00736705,0.00736705,-6.00179e-09,0.00736705,-6.00179e-09,0.252062
0.65889,0.411335,-1.04007e-09,-1.04007e-09,0.0733784,0.0323,0.0323,2.3475e-08,0.0323,2.3475e-08,0.411335
0.542612,0.589853,-3.42415e-09,-3.42415e-09,0.146015,0.0891312,0.0891312,-4.41093e-08,0.0891312,-4.41093e-08,0.589853
0.426335,0.742646,-1.91757e-09,-1.91757e-09,0.222934,0.154534,0.154534,3.9253e-08,0.154534,3.9253e-08,0.742646
0.310057,0.970017,-6.24384e-09,-6.24384e-09,0.351921,0.254081,0.254081,2.10869e-08,0.254081,2.10869e-08,0.970017
0.193779,1.18883,1.71929e-09,1.71929e-09,0.482657,0.336152,0.336152,6.79116e-09,0.336152,6.79116e-09,1.18883
0.0775008,1.32812,3.29755e-10,3.29755e-10,0.566253,0.379608,0.379608,1.62311e-09,0.379608,1.62311e-09,1.32812
0.861223,0.140975,2.2616e-09,2.2616e-09,0.00900997,0.0012927,0.0012927,-1.45504e-08,0.0012927,-1.45504e-08,0.140975
0.744945,0.290513,2.4073e-09,2.4073e-09,0.0373113,0.0113381,0.0113381,1.55657e-08,0.0113381,1.55657e-08,0.290513
0.628667,0.453788,2.10608e-10,2.10608e-10,0.0886632,0.0430842,0.0430842,-5.81106e-08,0.0430842,-5.81106e-08,0.453788
0.512389,0.638751,-4.47507e-09,-4.47507e-09,0.169399,0.109063,0.109063,-2.14348e-07,0.109063,-2.14348e-07,0.638751
0.396111,0.797548,-1.64692e-09,-1.64692e-09,0.252906,0.1792,0.1792,-2.64054e-08,0.1792,-2.64054e-08,0.797548
0.279833,1.02789,-7.60849e-09,-7.60849e-09,0.386189,0.277407,0.277407,2.16499e-08,0.277407,2.16499e-08,1.02789
0.163555,1.23418,7.65437e-10,7.65437e-10,0.509949,0.351046,0.351046,8.84729e-09,0.351046,8.84729e-09,1.23418
0.0472774,1.32812,3.29755e-10,3.29755e-10,0.566253,0.379608,0.379608,1.62311e-09,0.379608,1.62311e-09,1.32812
0.830999,0.17737,-6.66139e-11,-6.6614e-11,0.0141584,0.0025511,0.0025511,-3.98652e-08,0.0025511,-3.98652e-08,0.17737
0.714722,0.329812,3.47073e-09,3.47073e-09,0.0477994,0.0166564,0.0166564,1.41728e-08,0.0166564,1.41728e-08,0.329812
0.598444,0.497565,-1.43887e-09,-1.43887e-09,0.105772,0.0560941,0.0560941,2.25243e-08,0.0560941,2.25243e-08,0.497565
0.482166,0.689674,-5.42387e-09,-5.42387e-09,0.195049,0.13099,0.13099,1.16879e-08,0.13099,1.16879e-08,0.689674
0.365888,0.854093,-8.31499e-10,-8.315e-10,0.284689,0.204414,0.204414,-3.70942e-08,0.204414,-3.70942e-08,0.854093
0.24961,1.08443,-5.3858e-10,-5.3858e-10,0.41994,0.299092,0.299092,1.98998e-09,0.299092,1.98998e-09,1.08443
0.133332,1.27328,6.61267e-10,6.61267e-10,0.533447,0.363308,0.363308,4.70403e-09,0.363308,4.70403e-09,1.27328
0.017054,1.34204,2.51499e-10,2.51499e-10,0.574485,0.383542,0.383542,3.73403e-10,0.383542,3.73403e-10,1.34204
0.800776,0.214374,2.40042e-09,2.40042e-09,0.0205545,0.00451029,0.00451029,-2.26257e-08,0.00451029,-2.26257e-08,0.214374
0.684498,0.370052,-2.10751e-09,-2.10751e-09,0.0597924,0.0235639,0.0235639,-4.39555e-08,0.0235639,-4.39555e-08,0.370052
0.56822,0.542853,-3.23284e-09,-3.23284e-09,0.124843,0.0714388,0.0714388,1.60106e-10,0.0714388,1.60106e-10,0.542853
0.451942,0.742646,-1.91757e-09,-1.91757e-09,0.222934,0.154534,0.154534,3.9253e-08,0.154534,3.9253e-08,0.742646
0.335664,0.911803,-8.62154e-09,-8.62154e-09,0.317872,0.229571,0.229571,-1.06906e-07,0.229571,-1.06906e-07,0.911803
0.219386,1.13848,4.52992e-09,4.52992e-09,0.452375,0.318767,0.318767,-6.90152e-09,0.318767,-6.90152e-09,1.13848
0.103109,1.30493,3.18508e-10,3.18507e-10,0.55242,0.372848,0.372848,7.50975e-10,0.372848,7.50975e-10,1.30493
0.886831,0.140975,2.2616e-09,2.2616e-09,0.00900997,0.0012927,0.0012927,-1.45504e-08,0.0012927,-1.45504e-08,0.140975
0.770553,0.252062,1.56957e-09,1.56957e-09,0.0282521,0.00736705,0.00736705,-6.00179e-09,0.00736705,-6.00179e-09,0.252062
0.654275,0.411335,-1.04007e-09,-1.04007e-09,0.0733784,0.0323,0.0323,2.3475e-08,0.0323,2.3475e-08,0.411335
0.537997,0.589853,-3.42415e-09,-3.42415e-09,0.146015,0.0891312,0.0891312,-4.41093e-08,0.0891312,-4.41093e-08,0.589853
0.421719,0.797548,-1.64692e-09,-1.64692e-09,0.252906,0.1792,0.1792,-2.64054e-08,0.1792,-2.64054e-08,0.797548
0.305441,0.970017,-6.24384e-09,-6.24384e-09,0.351921,0.254081,0.254081,2.10869e-08,0.254081,2.10869e-08,0.970017
0.189163,1.18883,1.71929e-09,1.71929e-09,0.482657,0.336152,0.336152,6.79116e-09,0.336152,6.79116e-09,1.18883
0.0728852,1.32812,3.29755e-10,3.29755e-10,0.566253,0.379608,0.379608,1.62311e-09,0.379608,1.62311e-09,1.32812
0.856607,0.17737,-6.66139e-11,-6.6614e-11,0.0141584,0.0025511,0.0025511,-3.98652e-08,0.0025511,-3.98652e-08,0.17737
0.740329,0.290513,2.4073e-09,2.4073e-09,0.0373113,0.0113381,0.0113381,1.55657e-08,0.0113381,1.55657e-08,0.290513
0.624051,0.453788,2.10608e-10,2.10608e-10,0.0886632,0.0430842,0.0430842,-5.81106e-08,0.0430842,-5.81106e-08,0.453788
0.507773,0.638751,-4.47507e-09,-4.47507e-09,0.169399,0.109063,0.109063,-2.14348e-07,0.109063,-2.14348e-07,0.638751
0.391496,0.797548,-1.64692e-09,-1.64692e-09,0.252906,0.1792,0.1792,-2.64054e-08,0.1792,-2.64054e-08,0.797548
0.275218,1.02789,-7.60849e-09,-7.60849e-09,0.386189,0.277407,0.277407,2.16499e-08,0.277407,2.16499e-08,1.02789
0.15894,1.23418,7.65437e-10,7.65437e-10,0.509949,0.351046,0.351046,8.84729e-09,0.351046,8.84729e-09,1.23418
0.0426618,1.34204,2.51499e-10,2.51499e-10,0.574485,0.383542,0.383542,3.73403e-10,0.383542,3.73403e-10,1.34204
0.826384,0.214374,2.40042e-09,2.40042e-09,0.0205545,0.00451029,0.00451029,-2.26257e-08,0.00451029,-2.26257e-08,0.214374
0.710106,0.329812,3.47073e-09,3.47073e-09,0.0477994,0.0166564,0.0166564,1.41728e-08,0.0166564,1.41728e-08,0.329812
0.593828,0.497565,-1.43887e-09,-1.43887e-09,0.105772,0.0560941,0.0560941,2.25243e-08,0.0560941,2.25243e-08,0.497565
0.47755,0.689674,-5.42387e-09,-5.42387e-09,0.195049,0.13099,0.13099,1.16879e-08,0.13099,1.16879e-08,0.689674
0.361272,0.854093,-8.315e-10,-8.315e-10,0.284689,0.204414,0.204414,-3.70942e-08,0.204414,-3.70942e-08,0.854093
0.244994,1.08443,-5.3858e-10,-5.3858e-10,0.41994,0.299092,0.299092,1.98998e-09,0.299092,1.98998e-09,1.08443
0.128716,1.27328,6.61267e-10,6.61267e-10,0.533447,0.363308,0.363308,4.70403e-09,0.363308,4.70403e-09,1.27328
0.0124384,1.34615,2.514e-16,-1.45484e-18,0.576923,0.384615,0.384615,-1.28893e-17,0.384615,-1.28893e-17,1.34615
0.796161,0.252062,1.56957e-09,1.56957e-09,0.0282521,0.00736705,0.00736705,-6.00179e-09,0.00736705,-6.00179e-09,0.252062
0.679883,0.370052,-2.10751e-09,-2.10751e-09,0.0597924,0.0235639,0.0235639,-4.39555e-08,0.0235639,-4.39555e-08,0.370052
0.563605,0.542853,-3.23284e-09,-3.23284e-09,0.124843,0.0714388,0.0714388,1.60106e-10,0.0714388,1.60106e-10,0.542853
0.447327,0.742646,-1.91757e-09,-1.91757e-09,0.222934,0.154534,0.154534,3.9253e-08,0.154534,3.9253e-08,0.742646
0.331049,0.911803,-8.62154e-09,-8.62154e-09,0.317872,0.229571,0.229571,-1.06906e-07,0.229571,-1.06906e-07,0.911803
0.214771,1.13848,4.52992e-09,4.52992e-09,0.452375,0.318767,0.318767,-6.90152e-09,0.318767,-6.90152e-09,1.13848
0.098493,1.30493,3.18508e-10,3.18507e-10,0.55242,0.372848,0.372848,7.50975e-10,0.372848,7.50975e-10,1.30493
0.882215,0.140975,2.2616e-09,2.2616e-09,0.00900997,0.0012927,0.0012927,-1.45504e-08,0.0012927,-1.45504e-08,0.140975
0.765937,0.252062,1.56957e-09,1.56957e-09,0.0282521,0.00736705,0.00736705,-6.00179e-09,0.00736705,-6.00179e-09,0.252062
0.649659,0.411335,-1.04007e-09,-1.04007e-09,0.0733784,0.0323,0.0323,2.3475e-08,0.0323,2.3475e-08,0.411335
0.533381,0.589853,-3.42415e-09,-3.42415e-09,0.146015,0.0891312,0.0891312,-4.41093e-08,0.0891312,-4.41093e-08,0.589853
0.417103,0.797548,-1.64692e-09,-1.64692e-09,0.252906,0.1792,0.1792,-2.64054e-08,0.1792,-2.64054e-08,0.797548
0.300825,0.970017,-6.24384e-09,-6.24384e-09,0.351921,0.254081,0.254081,2.10869e-08,0.254081,2.10869e-08,0.970017
0.184548,1.18883,1.71929e-09,1.71929e-09,0.482657,0.336152,0.336152,6.79116e-09,0.336152,6.79116e-09,1.18883
0.0682696,1.32812,3.29755e-10,3.29755e-10,0.566253,0.379608,0.379608,1.62311e-09,0.379608,1.62311e-09,1.32812
0.851992,0.17737,-6.66139e-11,-6.6614e-11,0.0141584,0.0025511,0.0025511,-3.98652e-08,0.0025511,-3.98652e-08,0.17737
0.735714,0.290513,2.4073e-09,2.4073e-09,0.0373113,0.0113381,0.0113381,1.55657e-08,0.0113381,1.55657e-08,0.290513
0.619436,0.453788,2.10608e-10,2.10608e-10,0.0886632,0.0430842,0.0430842,-5.81106e-08,0.0430842,-5.81106e-08,0.453788
0.503158,0.638751,-4.47507e-09,-4.47507e-09,0.169399,0.109063,0.109063,-2.14348e-07,0.109063,-2.14348e-07,0.638751
0.38688,0.854093,-8.31499e-10,-8.315e-10,0.284689,0.204414,0.204414,-3.70942e-08,0.204414,-3.70942e-08,0.854093
0.270602,1.02789,-7.60849e-09,-7.60849e-09,0.386189,0.277407,0.277407,2.16499e-08,0.277407,2.16499e-08,1.02789
0.154324,1.23418,7.65437e-10,7.65437e-10,0.509949,0.351046,0.351046,8.84729e-09,0.351046,8.84729e-09,1.23418
0.0380462,1.34204,2.51499e-10,2.51499e-10,0.574485,0.383542,0.383542,3.73403e-10,0.383542,3.73403e-10,1.34204
0.821768,0.214374,2.40042e-09,2.40042e-09,0.0205545,0.00451029,0.00451029,-2.26257e-08,0.00451029,-2.26257e-08,0.214374
0.70549,0.329812,3.47073e-09,3.47073e-09,0.0477994,0.0166564,0.0166564,1.41728e-08,0.0166564,1.41728e-08,0.329812
0.589212,0.497565,-1.43887e-09,-1.43887e-09,0.105772,0.0560941,0.0560941,2.25243e-08,0.0560941,2.25243e-08,0.497565
0.472935,0.689674,-5.42387e-09,-5.42387e-09,0.195049,0.13099,0.13099,1.16879e-08,0.13099,1.16879e-08,0.689674
0.356657,0.911803,-8.62154e-09,-8.62154e-09,0.317872,0.229571,0.229571,-1.06906e-07,0.229571,-1.06906e-07,0.911803
0.240379,1.08443,-5.3858e-10,-5.3858e-10,0.41994,0.299092,0.299092,1.98998e-09,0.299092,1.98998e-09,1.08443
0.124101,1.27328,6.61267e-10,6.61267e-10,0.533447,0.363308,0.363308,4.70403e-09,0.363308,4.70403e-09,1.27328
0.00782284,1.34615,2.76043e-16,-6.87901e-18,0.576923,0.384615,0.384615,-1.60001e-17,0.384615,-1.60001e-17,1.34615
0.791545,0.252062,1.56957e-09,1.56957e-09,0.0282521,0.00736705,0.00736705,-6.00179e-09,0.00736705,-6.00179e-09,0.252062
0.675267,0.370052,-2.10751e-09,-2.10751e-09,0.0597924,0.0235639,0.0235639,-4.39555e-08,0.0235639,-4.39555e-08,0.370052
0.558989,0.542853,-3.23284e-09,-3.23284e-09,0.124843,0.0714388,0.0714388,1.60106e-10,0.0714388,1.60106e-10,0.542853
0.442711,0.742646,-1.91757e-09,-1.91757e-09,0.222934,0.154534,0.154534,3.9253e-08,0.154534,3.9253e-08,0.742646
0.326433,0.970017,-6.24384e-09,-6.24384e-09,0.351921,0.254081,0.254081,2.10869e-08,0.254081,2.10869e-08,0.970017
0.210155,1.13848,4.52992e-09,4.52992e-09,0.452375,0.318767,0.318767,-6.90152e-09,0.318767,-6.90152e-09,1.13848
0.0938774,1.30493,3.18508e-10,3.18507e-10,0.55242,0.372848,0.372848,7.50975e-10,0.372848,7.50975e-10,1.30493
0.877599,0.140975,2.2616e-09,2.2616e-09,0.00900997,0.0012927,0.0012927,-1.45504e-08,0.0012927,-1.45504e-08,0.140975
0.761322,0.290513,2.4073e-09,2.4073e-09,0.0373113,0.0113381,0.0113381,1.55657e-08,0.0113381,1.55657e-08,0.290513
0.645044,0.411335,-1.04007e-09,-1.04007e-09,0.0733784,0.0323,0.0323,2.3475e-08,0.0323,2.3475e-08,0.411335
0.528766,0.589853,-3.42415e-09,-3.42415e-09,0.146015,0.0891312,0.0891312,-4.41093e-08,0.0891312,-4.41093e-08,0.589853
0.412488,0.797548,-1.64692e-09,-1.64692e-09,0.252906,0.1792,0.1792,-2.64054e-08,0.1792,-2.64054e-08,0.797548
0.29621,1.02789,-7.60849e-09,-7.60849e-09,0.386189,0.277407,0.277407,2.16499e-08,0.277407,2.16499e-08,1.02789
0.179932,1.18883,1.71929e-09,1.71929e-09,0.482657,0.336152,0.336152,6.79116e-09,0.336152,6.79116e-09,1.18883
0.063654,1.32812,3.29755e-10,3.29755e-10,0.566253,0.379608,0.379608,1.62311e-09,0.379608,1.62311e-09,1.32812
0.847376,0.17737,-6.66139e-11,-6.6614e-11,0.0141584,0.0025511,0.0025511,-3.98652e-08,0.0025511,-3.98652e-08,0.17737
0.731098,0.329812,3.47073e-09,3.47073e-09,0.0477994,0.0166564,0.0166564,1.41728e-08,0.0166564,1.41728e-08,0.329812
0.61482,0.453788,2.10608e-10,2.10608e-10,0.0886632,0.0430842,0.0430842,-5.81106e-08,0.0430842,-5.81106e-08,0.453788
0.498542,0.638751,-4.47507e-09,-4.47507e-09,0.169399,0.109063,0.109063,-2.14348e-07,0.109063,-2.14348e-07,0.638751
0.382264,0.854093,-8.31499e-10,-8.315e-10,0.284689,0.204414,0.204414,-3.70942e-08,0.204414,-3.70942e-08,0.854093
0.265986,1.02789,-7.60849e-09,-7.60849e-09,0.386189,0.277407,0.277407,2.16499e-08,0.277407,2.16499e-08,1.02789
0.149709,1.23418,7.65437e-10,7.65437e-10,0.509949,0.351046,0.351046,8.84729e-09,0.351046,8.84729e-09,1.23418
0.0334306,1.34204,2.51499e-10,2.51499e-10,0.574485,0.383542,0.383542,3.73403e-10,0.383542,3.73403e-10,1.34204
0.817153,0.214374,2.40042e-09,2.40042e-09,0.0205545,0.00451029,0.00451029,-2.26257e-08,0.00451029,-2.26257e-08,0.214374
0.700875,0.370052,-2.10751e-09,-2.10751e-09,0.0597924,0.0235639,0.0235639,-4.39555e-08,0.0235639,-4.39555e-08,0.370052
0.584597,0.497565,-1.43887e-09,-1.43887e-09,0.105772,0.0560941,0.0560941,2.25243e-08,0.0560941,2.25243e-08,0.497565
0.468319,0.689674,-5.42387e-09,-5.42387e-09,0.195049,0.13099,0.13099,1.16879e-08,0.13099,1.16879e-08,0.689674
0.352041,0.911803,-8.62154e-09,-8.62154e-09,0.317872,0.229571,0.229571,-1.06906e-07,0.229571,-1.06906e-07,0.911803
0.235763,1.08443,-5.3858e-10,-5.3858e-10,0.41994,0.299092,0.299092,1.98998e-09,0.299092,1.98998e-09,1.08443
0.119485,1.27328,6.61267e-10,6.61267e-10,0.533447,0.363308,0.363308,4.70403e-09,0.363308,4.70403e-09,1.27328
0.00320725,1.34615,2.76043e-16,-6.87901e-18,0.576923,0.384615,0.384615,-1.60001e-17,0.384615,-1.60001e-17,1.34615
0.786929,0.252062,1.56957e-09,1.56957e-09,0.0282521,0.00736705,0.00736705,-6.00179e-09,0.00736705,-6.00179e-09,0.252062
0.670651,0.411335,-1.04007e-09,-1.04007e-09,0.0733784,0.0323,0.0323,2.3475e-08,0.0323,2.3475e-08,0.411335
0.554373,0.542853,-3.23284e-09,-3.23284e-09,0.124843,0.0714388,0.0714388,1.60106e-10,0.0714388,1.60106e-10,0.542853
0.438096,0.742646,-1.91757e-09,-1.91757e-09,0.222934,0.154534,0.154534,3.9253e-08,0.154534,3.9253e-08,0.742646
0.321818,0.970017,-6.24384e-09,-6.24384e-09,0.351921,0.254081,0.254081,2.10869e-08,0.254081,2.10869e-08,0.970017
0.20554,1.13848,4.52992e-09,4.52992e-09,0.452375,0.318767,0.318767,-6.90152e-09,0.318767,-6.90152e-09,1.13848
0.0892618,1.30493,3.18508e-10,3.18507e-10,0.55242,0.372848,0.372848,7.50975e-10,0.372848,7.50975e-10,1.30493
0.872984,0.140975,2.2616e-09,2.2616e-09,0.00900997,0.0012927,0.0012927,-1.45504e-08,0.0012927,-1.45504e-08,0.140975
0.756706,0.290513,2.4073e-09,2.4073e-09,0.0373113,0.0113381,0.0113381,1.55657e-08,0.0113381,1.55657e-08,0.290513
0.640428,0.453788,2.10608e-10,2.10608e-10,0.0886632,0.0430842,0.0430842,-5.81106e-08,0.0430842,-5.81106e-08,0.453788
0.52415,0.589853,-3.42415e-09,-3.42415e-09,0.146015,0.0891312,0.0891312,-4.41093e-08,0.0891312,-4.41093e-08,0.589853
0.407872,0.797548,-1.64692e-09,-1.64692e-09,0.252906,0.1792,0.1792,-2.64054e-08,0.1792,-2.64054e-08,0.797548
0.291594,1.02789,-7.60849e-09,-7.60849e-09,0.386189,0.277407,0.277407,2.16499e-08,0.277407,2.16499e-08,1.02789
0.175316,1.18883,1.71929e-09,1.71929e-09,0.482657,0.336152,0.336152,6.79116e-09,0.336152,6.79116e-09,1.18883
0.0590384,1.32812,3.29755e-10,3.29755e-10,0.566253,0.379608,0.379608,1.62311e-09,0.379608,1.62311e-09,1.32812
0.84276,0.17737,-6.66139e-11,-6.6614e-11,0.0141584,0.0025511,0.0025511,-3.98652e-08,0.0025511,-3.98652e-08,0.17737
0.726483,0.329812,3.47073e-09,3.47073e-09,0.0477994,0.0166564,0.0166564,1.41728e-08,0.0166564,1.41728e-08,0.329812
0.610205,0.453788,2.10608e-10,2.10608e-10,0.0886632,0.0430842,0.0430842,-5.81106e-08,0.0430842,-5.81106e-08,0.453788
0.493927,0.638751,-4.47507e-09,-4.47507e-09,0.169399,0.109063,0.109063,-2.14348e-07,0.109063,-2.14348e-07,0.638751
0.377649,0.854093,-8.31499e-10,-8.315e-10,0.284689,0.204414,0.204414,-3.70942e-08,0.204414,-3.70942e-08,0.854093
0.261371,1.08443,-5.3858e-10,-5.3858e-10,0.41994,0.299092,0.299092,1.98998e-09,0.299092,1.98998e-09,1.08443
0.145093,1.23418,7.65437e-10,7.65437e-10,0.509949,0.351046,0.351046,8.84729e-09,0.351046,8.84729e-09,1.23418
0.028815,1.34204,2.51499e-10,2.51499e-10,0.574485,0.383542,0.383542,3.73403e-10,0.383542,3.73403e-10,1.34204
0.812537,0.214374,2.40042e-09,2.40042e-09,0.0205545,0.00451029,0.00451029,-2.26257e-08,0.00451029,-2.26257e-08,0.214374
0.696259,0.370052,-2.10751e-09,-2.10751e-09,0.0597924,0.0235639,0.0235639,-4.39555e-08,0.0235639,-4.39555e-08,0.370052
0.579981,0.497565,-1.43887e-09,-1.43887e-09,0.105772,0.0560941,0.0560941,2.25243e-08,0.0560941,2.25243e-08,0.497565
0.463703,0.689674,-5.42387e-09,-5.42387e-09,0.195049,0.13099,0.13099,1.16879e-08,0.13099,1.16879e-08,0.689674
0.347425,0.911803,-8.62154e-09,-8.62154e-09,0.317872,0.229571,0.229571,-1.06906e-07,0.229571,-1.06906e-07,0.911803
0.231148,1.13848,4.52992e-09,4.52992e-09,0.452375,0.318767,0.318767,-6.90152e-09,0.318767,-6.90152e-09,1.13848
0.11487,1.27328,6.61267e-10,6.61267e-10,0.533447,0.363308,0.363308,4.70403e-09,0.363308,4.70403e-09,1.27328
0.898592,0.105121,2.09942e-09,2.09942e-09,0.0050619,0.000559218,0.000559218,-1.10203e-08,0.000559218,-1.10203e-08,0.105121
0.782314,0.252062,1.56957e-09,1.56957e-09,0.0282521,0.00736705,0.00736705,-6.00179e-09,0.00736705,-6.00179e-09,0.252062
0.666036,0.411335,-1.04007e-09,-1.04007e-09,0.0733784,0.0323,0.0323,2.3475e-08,0.0323,2.3475e-08,0.411335
0.549758,0.542853,-3.23284e-09,-3.23284e-09,0.124843,0.0714388,0.0714388,1.60106e-10,0.0714388,1.60106e-10,0.542853
0.43348,0.742646,-1.91757e-09,-1.91757e-09,0.222934,0.154534,0.154534,3.9253e-08,0.154534,3.9253e-08,0.742646
0.317202,0.970017,-6.24384e-09,-6.24384e-09,0.351921,0.254081,0.254081,2.10869e-08,0.254081,2.10869e-08,0.970017
0.200924,1.18883,1.71929e-09,1.71929e-09,0.482657,0.336152,0.336152,6.79116e-09,0.336152,6.79116e-09,1.18883
0.0846462,1.30493,3.18508e-10,3.18507e-10,0.55242,0.372848,0.372848,7.50975e-10,0.372848,7.50975e-10,1.30493
0.868368,0.140975,2.2616e-09,2.2616e-09,0.00900997,0.0012927,0.0012927,-1.45504e-08,0.0012927,-1.45504e-08,0.140975
0.75209,0.290513,2.4073e-09,2.4073e-09,0.0373113,0.0113381,0.0113381,1.55657e-08,0.0113381,1.55657e-08,0.290513
0.635812,0.453788,2.10608e-10,2.10608e-10,0.0886632,0.0430842,0.0430842,-5.81106e-08,0.0430842,-5.81106e-08,0.453788
0.519535,0.589853,-3.42415e-09,-3.42415e-09,0.146015,0.0891312,0.0891312,-4.41093e-08,0.0891312,-4.41093e-08,0.589853
0.403257,0.797548,-1.64692e-09,-1.64692e-09,0.252906,0.1792,0.1792,-2.64054e-08,0.1792,-2.64054e-08,0.797548
0.286979,1.02789,-7.60849e-09,-7.60849e-09,0.386189,0.277407,0.277407,2.16499e-08,0.277407,2.16499e-08,1.02789
0.170701,1.23418,7.65437e-10,7.65437e-10,0.509949,0.351046,0.351046,8.84729e-09,0.351046,8.84729e-09,1.23418
0.0544228,1.32812,3.29755e-10,3.29755e-10,0.566253,0.379608,0.379608,1.62311e-09,0.379608,1.62311e-09,1.32812
0.838145,0.17737,-6.66139e-11,-6.6614e-11,0.0141584,0.0025511,0.0025511,-3.98652e-08,0.0025511,-3.98652e-08,0.17737
0.721867,0.329812,3.47073e-09,3.47073e-09,0.0477994,0.0166564,0.0166564,1.41728e-08,0.0166564,1.41728e-08,0.329812
0.605589,0.497565,-1.43887e-09,-1.43887e-09,0.105772,0.0560941,0.0560941,2.25243e-08,0.0560941,2.25243e-08,0.497565
0.489311,0.638751,-4.47507e-09,-4.47507e-09,0.169399,0.109063,0.109063,-2.14348e-07,0.109063,-2.14348e-07,0.638751
0.373033,0.854093,-8.31499e-10,-8.315e-10,0.284689,0.204414,0.204414,-3.70942e-08,0.204414,-3.70942e-08,0.854093
0.256755,1.08443,-5.3858e-10,-5.3858e-10,0.41994,0.299092,0.299092,1.98998e-09,0.299092,1.98998e-09,1.08443
0.140477,1.27328,6.61267e-10,6.61267e-10,0.533447,0.363308,0.363308,4.70403e-09,0.363308,4.70403e-09,1.27328
0.0241995,1.34204,2.51499e-10,2.51499e-10,0.574485,0.383542,0.383542,3.73403e-10,0.383542,3.73403e-10,1.34204
0.807922,0.214374,2.40042e-09,2.40042e-09,0.0205545,0.00451029,0.00451029,-2.26257e-08,0.00451029,-2.26257e-08,0.214374
0.691644,0.370052,-2.10751e-09,-2.10751e-09,0.0597924,0.0235639,0.0235639,-4.39555e-08,0.0235639,-4.39555e-08,0.370052
0.575366,0.542853,-3.23284e-09,-3.23284e-09,0.124843,0.0714388,0.0714388,1.60106e-10,0.0714388,1.60106e-10,0.542853
0.459088,0.689674,-5.42387e-09,-5.42387e-09,0.195049,0.13099,0.13099,1.16879e-08,0.13099,1.16879e-08,0.689674
0.34281,0.911803,-8.62154e-09,-8.62154e-09,0.317872,0.229571,0.229571,-1.06906e-07,0.229571,-1.06906e-07,0.911803
0.226532,1.13848,4.52992e-09,4.52992e-09,0.452375,0.318767,0.318767,-6.90152e-09,0.318767,-6.90152e-09,1.13848
0.110254,1.27328,6.61267e-10,6.61267e-10,0.533447,0.363308,0.363308,4.70403e-09,0.363308,4.70403e-09,1.27328
0.893976,0.105121,2.09942e-09,2.09942e-09,0.0050619,0.000559218,0.000559218,-1.10203e-08,0.000559218,-1.10203e-08,0.105121
0.777698,0.252062,1.56957e-09,1.56957e-09,0.0282521,0.00736705,0.00736705,-6.00179e-09,0.00736705,-6.00179e-09,0.252062
0.66142,0.411335,-1.04007e-09,-1.04007e-09,0.0733784,0.0323,0.0323,2.3475e-08,0.0323,2.3475e-08,0.411335
0.545142,0.589853,-3.42415e-09,-3.42415e-09,0.146015,0.0891312,0.0891312,-4.41093e-08,0.0891312,-4.41093e-08,0.589853
0.428864,0.742646,-1.91757e-09,-1.91757e-09,0.222934,0.154534,0.154534,3.9253e-08,0.154534,3.9253e-08,0.742646
0.312586,0.970017,-6.24384e-09,-6.24384e-09,0.351921,0.254081,0.254081,2.10869e-08,0.254081,2.10869e-08,0.970017
0.196309,1.18883,1.71929e-09,1.71929e-09,0.482657,0.336152,0.336152,6.79116e-09,0.336152,6.79116e-09,1.18883
0.0800306,1.30493,3.18508e-10,3.18507e-10,0.55242,0.372848,0.372848,7.50975e-10,0.372848,7.50975e-10,1.30493
0.863753,0.140975,2.2616e-09,2.2616e-09,0.00900997,0.0012927,0.0012927,-1.45504e-08,0.0012927,-1.45504e-08,0.140975
0.747475,0.290513,2.4073e-09,2.4073e-09,0.0373113,0.0113381,0.0113381,1.55657e-08,0.0113381,1.55657e-08,0.290513
0.631197,0.453788,2.10608e-10,2.10608e-10,0.0886632,0.0430842,0.0430842,-5.81106e-08,0.0430842,-5.81106e-08,0.453788
0.514919,0.638751,-4.47507e-09,-4.47507e-09,0.169399,0.109063,0.109063,-2.14348e-07,0.109063,-2.14348e-07,0.638751
0.398641,0.797548,-1.64692e-09,-1.64692e-09,0.252906,0.1792,0.1792,-2.64054e-08,0.1792,-2.64054e-08,0.797548
0.282363,1.02789,-7.60849e-09,-7.60849e-09,0.386189,0.277407,0.277407,2.16499e-08,0.277407,2.16499e-08,1.02789
0.166085,1.23418,7.65437e-10,7.65437e-10,0.509949,0.351046,0.351046,8.84729e-09,0.351046,8.84729e-09,1.23418
0.0498072,1.32812,3.29755e-10,3.29755e-10,0.566253,0.379608,0.379608,1.62311e-09,0.379608,1.62311e-09,1.32812
0.833529,0.17737,-6.66139e-11,-6.6614e-11,0.0141584,0.0025511,0.0025511,-3.98652e-08,0.0025511,-3.98652e-08,0.17737
0.717251,0.329812,3.47073e-09,3.47073e-09,0.0477994,0.0166564,0.0166564,1.41728e-08,0.0166564,1.41728e-08,0.329812
0.600973,0.497565,-1.43887e-09,-1.43887e-09,0.105772,0.0560941,0.0560941,2.25243e-08,0.0560941,2.25243e-08,0.497565
0.484696,0.638751,-4.47507e-09,-4.47507e-09,0.169399,0.109063,0.109063,-2.14348e-07,0.109063,-2.14348e-07,0.638751
0.368418,0.854093,-8.31499e-10,-8.315e-10,0.284689,0.204414,0.204414,-3.70942e-08,0.204414,-3.70942e-08,0.854093
0.25214,1.08443,-5.3858e-10,-5.3858e-10,0.41994,0.299092,0.299092,1.98998e-09,0.299092,1.98998e-09,1.08443
0.135862,1.27328,6.61267e-10,6.61267e-10,0.533447,0.363308,0.363308,4.70403e-09,0.363308,4.70403e-09,1.27328
0.0195839,1.34204,2.51499e-10,2.51499e-10,0.574485,0.383542,0.383542,3.73403e-10,0.383542,3.73403e-10,1.34204
0.803306,0.214374,2.40042e-09,2.40042e-09,0.0205545,0.00451029,0.00451029,-2.26257e-08,0.00451029,-2.26257e-08,0.214374
0.687028,0.370052,-2.10751e-09,-2.10751e-09,0.0597924,0.0235639,0.0235639,-4.39555e-08,0.0235639,-4.39555e-08,0.370052
0.57075,0.542853,-3.23284e-09,-3.23284e-09,0.124843,0.0714388,0.0714388,1.60106e-10,0.0714388,1.60106e-10,0.542853
0.454472,0.689674,-5.42387e-09,-5.42387e-09,0.195049,0.13099,0.13099,1.16879e-08,0.13099,1.16879e-08,0.689674
0.338194,0.911803,-8.62154e-09,-8.62154e-09,0.317872,0.229571,0.229571,-1.06906e-07,0.229571,-1.06906e-07,0.911803
0.221916,1.13848,4.52992e-09,4.52992e-09,0.452375,0.318767,0.318767,-6.90152e-09,0.318767,-6.90152e-09,1.13848
0.105638,1.30493,3.18508e-10,3.18507e-10,0.55242,0.372848,0.372848,7.50975e-10,0.372848,7.50975e-10,1.30493
0.88936,0.140975,2.2616e-09,2.2616e-09,0.00900997,0.0012927,0.0012927,-1.45504e-08,0.0012927,-1.45504e-08,0.140975
0.773083,0.252062,1.56957e-09,1.56957e-09,0.0282521,0.00736705,0.00736705,-6.00179e-09,0.00736705,-6.00179e-09,0.252062
0.656805,0.411335,-1.04007e-09,-1.04007e-09,0.0733784,0.0323,0.0323,2.3475e-08,0.0323,2.3475e-08,0.411335
0.540527,0.589853,-3.42415e-09,-3.42415e-09,0.146015,0.0891312,0.0891312,-4.41093e-08,0.0891312,-4.41093e-08,0.589853
0.424249,0.742646,-1.91757e-09,-1.91757e-09,0.222934,0.154534,0.154534,3.9253e-08,0.154534,3.9253e-08,0.742646
0.307971,0.970017,-6.24384e-09,-6.24384e-09,0.351921,0.254081,0.254081,2.10869e-08,0.254081,2.10869e-08,0.970017
0.191693,1.18883,1.71929e-09,1.71929e-09,0.482657,0.336152,0.336152,6.79116e-09,0.336152,6.79116e-09,1.18883
0.075415,1.32812,3.29755e-10,3.29755e-10,0.566253,0.379608,0.379608,1.62311e-09,0.379608,1.62311e-09,1.32812
0.859137,0.17737,-6.66139e-11,-6.6614e-11,0.0141584,0.0025511,0.0025511,-3.98652e-08,0.0025511,-3.98652e-08,0.17737
0.742859,0.290513,2.4073e-09,2.4073e-09,0.0373113,0.0113381,0.0113381,1.55657e-08,0.0113381,1.55657e-08,0.290513
0.626581,0.453788,2.10608e-10,2.10608e-10,0.0886632,0.0430842,0.0430842,-5.81106e-08,0.0430842,-5.81106e-08,0.453788
0.510303,0.638751,-4.47507e-09,-4.47507e-09,0.169399,0.109063,0.109063,-2.14348e-07,0.109063,-2.14348e-07,0.638751
0.394025,0.797548,-1.64692e-09,-1.64692e-09,0.252906,0.1792,0.1792,-2.64054e-08,0.1792,-2.64054e-08,0.797548
0.277748,1.02789,-7.60849e-09,-7.60849e-09,0.386189,0.277407,0.277407,2.16499e-08,0.277407,2.16499e-08,1.02789
0.16147,1.23418,7.65437e-10,7.65437e-10,0.509949,0.351046,0.351046,8.84729e-09,0.351046,8.84729e-09,1.23418
0.0451917,1.34204,2.51499e-10,2.51499e-10,0.574485,0.383542,0.383542,3.73403e-10,0.383542,3.73403e-10,1.34204
0.828914,0.17737,-6.66139e-11,-6.6614e-11,0.0141584,0.0025511,0.0025511,-3.98652e-08,0.0025511,-3.98652e-08,0.17737
0.712636,0.329812,3.47073e-09,3.47073e-09,0.0477994,0.0166564,0.0166564,1.41728e-08,0.0166564,1.41728e-08,0.329812
0.596358,0.497565,-1.43887e-09,-1.43887e-09,0.105772,0.0560941,0.0560941,2.25243e-08,0.0560941,2.25243e-08,0.497565
0.48008,0.689674,-5.42387e-09,-5.42387e-09,0.195049,0.13099,0.13099,1.16879e-08,0.13099,1.16879e-08,0.689674
0.363802,0.854093,-8.31499e-10,-8.315e-10,0.284689,0.204414,0.204414,-3.70942e-08,0.204414,-3.70942e-08,0.854093
0.247524,1.08443,-5.3858e-10,-5.3858e-10,0.41994,0.299092,0.299092,1.98998e-09,0.299092,1.98998e-09,1.08443
0.131246,1.27328,6.61267e-10,6.61267e-10,0.533447,0.363308,0.363308,4.70403e-09,0.363308,4.70403e-09,1.27328
0.0149683,1.34615,2.64011e-16,1.39125e-18,0.576923,0.384615,0.384615,-1.70873e-17,0.384615,-1.70873e-17,1.34615
0.79869,0.214374,2.40042e-09,2.40042e-09,0.0205545,0.00451029,0.00451029,-2.26257e-08,0.00451029,-2.26257e-08,0.214374
0.682412,0.370052,-2.10751e-09,-2.10751e-09,0.0597924,0.0235639,0.0235639,-4.39555e-08,0.0235639,-4.39555e-08,0.370052
0.566135,0.542853,-3.23284e-09,-3.23284e-09,0.124843,0.0714388,0.0714388,1.60106e-10,0.0714388,1.60106e-10,0.542853
0.449857,0.742646,-1.91757e-09,-1.91757e-09,0.222934,0.154534,0.154534,3.9253e-08,0.154534,3.9253e-08,0.742646
0.333579,0.911803,-8.62154e-09,-8.62154e-09,0.317872,0.229571,0.229571,-1.06906e-07,0.229571,-1.06906e-07,0.911803
0.217301,1.13848,4.52992e-09,4.52992e-09,0.452375,0.318767,0.318767,-6.90152e-09,0.318767,-6.90152e-09,1.13848
0.101023,1.30493,3.18508e-10,3.18507e-10,0.55242,0.372848,0.372848,7.50975e-10,0.372848,7.50975e-10,1.30493
0.884745,0.140975,2.2616e-09,2.2616e-09,0.00900997,0.0012927,0.0012927,-1.45504e-08,0.0012927,-1.45504e-08,0.140975
0.768467,0.252062,1.56957e-09,1.56957e-09,0.0282521,0.00736705,0.00736705,-6.00179e-09,0.00736705,-6.00179e-09,0.252062
0.652189,0.411335,-1.04007e-09,-1.04007e-09,0.0733784,0.0323,0.0323,2.3475e-08,0.0323,2.3475e-08,0.411335
0.535911,0.589853,-3.42415e-09,-3.42415e-09,0.146015,0.0891312,0.0891312,-4.41093e-08,0.0891312,-4.41093e-08,0.589853
0.419633,0.797548,-1.64692e-09,-1.64692e-09,0.252906,0.1792,0.1792,-2.64054e-08,0.1792,-2.64054e-08,0.797548
0.303355,0.970017,-6.24384e-09,-6.24384e-09,0.351921,0.254081,0.254081,2.10869e-08,0.254081,2.10869e-08,0.970017
0.187077,1.18883,1.71929e-09,1.71929e-09,0.482657,0.336152,0.336152,6.79116e-09,0.336152,6.79116e-09,1.18883
0.0707994,1.32812,3.29755e-10,3.29755e-10,0.566253,0.379608,0.379608,1.62311e-09,0.379608,1.62311e-09,1.32812
0.854522,0.17737,-6.66139e-11,-6.6614e-11,0.0141584,0.0025511,0.0025511,-3.98652e-08,0.0025511,-3.98652e-08,0.17737
0.738244,0.290513,2.4073e-09,2.4073e-09,0.0373113,0.0113381,0.0113381,1.55657e-08,0.0113381,1.55657e-08,0.290513
0.621966,0.453788,2.10608e-10,2.10608e-10,0.0886632,0.0430842,0.0430842,-5.81106e-08,0.0430842,-5.81106e-08,0.453788
0.505688,0.638751,-4.47507e-09,-4.47507e-09,0.169399,0.109063,0.109063,-2.14348e-07,0.109063,-2.14348e-07,0.638751
0.38941,0.854093,-8.315e-10,-8.315e-10,0.284689,0.204414,0.204414,-3.70942e-08,0.204414,-3.70942e-08,0.854093
0.273132,1.02789,-7.60849e-09,-7.60849e-09,0.386189,0.277407,0.277407,2.16499e-08,0.277407,2.16499e-08,1.02789
0.156854,1.23418,7.65437e-10,7.65437e-10,0.509949,0.351046,0.351046,8.84729e-09,0.351046,8.84729e-09,1.23418
0.0405761,1.34204,2.51499e-10,2.51499e-10,0.574485,0.383542,0.383542,3.73403e-10,0.383542,3.73403e-10,1.34204
0.824298,0.214374,2.40042e-09,2.40042e-09,0.0205545,0.00451029,0.00451029,-2.26257e-08,0.00451029,-2.26257e-08,0.214374
0.70802,0.329812,3.47073e-09,3.47073e-09,0.0477994,0.0166564,0.0166564,1.41728e-08,0.0166564,1.41728e-08,0.329812
0.591742,0.497565,-1.43887e-09,-1.43887e-09,0.105772,0.0560941,0.0560941,2.25243e-08,0.0560941,2.25243e-08,0.497565
0.475464,0.689674,-5.42387e-09,-5.42387e-09,0.195049,0.13099,0.13099,1.16879e-08,0.13099,1.16879e-08,0.689674
0.359186,0.911803,-8.62154e-09,-8.62154e-09,0.317872,0.229571,0.229571,-1.06906e-07,0.229571,-1.06906e-07,0.911803
0.242909,1.08443,-5.3858e-10,-5.3858e-10,0.41994,0.299092,0.299092,1.98998e-09,0.299092,1.98998e-09,1.08443
0.126631,1.27328,6.61267e-10,6.61267e-10,0.533447,0.363308,0.363308,4.70403e-09,0.363308,4.70403e-09,1.27328
0.0103527,1.34615,2.76043e-16,-6.87901e-18,0.576923,0.384615,0.384615,-1.60001e-17,0.384615,-1.60001e-17,1.34615
0.794075,0.252062,1.56957e-09,1.56957e-09,0.0282521,0.00736705,0.00736705,-6.00179e-09,0.00736705,-6.00179e-09,0.252062
0.677797,0.370052,-2.10751e-09,-2.10751e-09,0.0597924,0.0235639,0.0235639,-4.39555e-08,0.0235639,-4.39555e-08,0.370052
0.561519,0.542853,-3.23284e-09,-3.23284e-09,0.124843,0.0714388,0.0714388,1.60106e-10,0.0714388,1.60106e-10,0.542853
0.445241,0.742646,-1.91757e-09,-1.91757e-09,0.222934,0.154534,0.154534,3.9253e-08,0.154534,3.9253e-08,0.742646
0.328963,0.911803,-8.62154e-09,-8.62154e-09,0.317872,0.229571,0.229571,-1.06906e-07,0.229571,-1.06906e-07,0.911803
0.212685,1.13848,4.52992e-09,4.52992e-09,0.452375,0.318767,0.318767,-6.90152e-09,0.318767,-6.90152e-09,1.13848
0.0964072,1.30493,3.18508e-10,3.18507e-10,0.55242,0.372848,0.372848,7.50975e-10,0.372848,7.50975e-10,1.30493
0.880129,0.140975,2.2616e-09,2.2616e-09,0.00900997,0.0012927,0.0012927,-1.45504e-08,0.0012927,-1.45504e-08,0.140975
0.763851,0.290513,2.4073e-09,2.4073e-09,0.0373113,0.0113381,0.0113381,1.55657e-08,0.0113381,1.55657e-08,0.290513
0.647573,0.411335,-1.04007e-09,-1.04007e-09,0.0733784,0.0323,0.0323,2.3475e-08,0.0323,2.3475e-08,0.411335
0.531296,0.589853,-3.42415e-09,-3.42415e-09,0.146015,0.0891312,0.0891312,-4.41093e-08,0.0891312,-4.41093e-08,0.589853
0.415018,0.797548,-1.64692e-09,-1.64692e-09,0.252906,0.1792,0.1792,-2.64054e-08,0.1792,-2.64054e-08,0.797548
0.29874,0.970017,-6.24384e-09,-6.24384e-09,0.351921,0.254081,0.254081,2.10869e-08,0.254081,2.10869e-08,0.970017
0.182462,1.18883,1.71929e-09,1.71929e-09,0.482657,0.336152,0.336152,6.79116e-09,0.336152,6.79116e-09,1.18883
0.0661839,1.32812,3.29755e-10,3.29755e-10,0.566253,0.379608,0.379608,1.62311e-09,0.379608,1.62311e-09,1.32812
0.849906,0.17737,-6.66139e-11,-6.6614e-11,0.0141584,0.0025511,0.0025511,-3.98652e-08,0.0025511,-3.98652e-08,0.17737
0.733628,0.329812,3.47073e-09,3.47073e-09,0.0477994,0.0166564,0.0166564,1.41728e-08,0.0166564,1.41728e-08,0.329812
0.61735,0.453788,2.10608e-10,2.10608e-10,0.0886632,0.0430842,0.0430842,-5.81106e-08,0.0430842,-5.81106e-08,0.453788
0.501072,0.638751,-4.47507e-09,-4.47507e-09,0.169399,0.109063,0.109063,-2.14348e-07,0.109063,-2.14348e-07,0.638751
0.384794,0.854093,-8.31499e-10,-8.315e-10,0.284689,0.204414,0.204414,-3.70942e-08,0.204414,-3.70942e-08,0.854093
0.268516,1.02789,-7.60849e-09,-7.60849e-09,0.386189,0.277407,0.277407,2.16499e-08,0.277407,2.16499e-08,1.02789
0.152238,1.23418,7.65437e-10,7.65437e-10,0.509949,0.351046,0.351046,8.84729e-09,0.351046,8.84729e-09,1.23418
0.0359605,1.34204,2.51499e-10,2.51499e-10,0.574485,0.383542,0.383542,3.73403e-10,0.383542,3.73403e-10,1.34204
0.819683,0.214374,2.40042e-09,2.40042e-09,0.0205545,0.00451029,0.00451029,-2.26257e-08,0.00451029,-2.26257e-08,0.214374
0.703405,0.329812,3.47073e-09,3.47073e-09,0.0477994,0.0166564,0.0166564,1.41728e-08,0.0166564,1.41728e-08,0.329812
0.587127,0.497565,-1.43887e-09,-1.43887e-09,0.105772,0.0560941,0.0560941,2.25243e-08,0.0560941,2.25243e-08,0.497565
0.470849,0.689674,-5.42387e-09,-5.42387e-09,0.195049,0.13099,0.13099,1.16879e-08,0.13099,1.16879e-08,0.689674
0.354571,0.911803,-8.62154e-09,-8.62154e-09,0.317872,0.229571,0.229571,-1.06906e-07,0.229571,-1.06906e-07,0.911803
0.238293,1.08443,-5.3858e-10,-5.3858e-10,0.41994,0.299092,0.299092,1.98998e-09,0.299092,1.98998e-09,1.08443
0.122015,1.27328,6.61267e-10,6.61267e-10,0.533447,0.363308,0.363308,4.70403e-09,0.363308,4.70403e-09,1.27328
0.0057371,1.34615,2.76043e-16,-6.87901e-18,0.576923,0.384615,0.384615,-1.60001e-17,0.384615,-1.60001e-17,1.34615
0.789459,0.252062,1.56957e-09,1.56957e-09,0.0282521,0.00736705,0.00736705,-6.00179e-09,0.00736705,-6.00179e-09,0.252062
0.673181,0.370052,-2.10751e-09,-2.10751e-09,0.0597924,0.0235639,0.0235639,-4.39555e-08,0.0235639,-4.39555e-08,0.370052
0.556903,0.542853,-3.23284e-09,-3.23284e-09,0.124843,0.0714388,0.0714388,1.60106e-10,0.0714388,1.60106e-10,0.542853
0.440625,0.742646,-1.91757e-09,-1.91757e-09,0.222934,0.154534,0.154534,3.9253e-08,0.154534,3.9253e-08,0.742646
0.324347,0.970017,-6.24384e-09,-6.24384e-09,0.351921,0.254081,0.254081,2.10869e-08,0.254081,2.10869e-08,0.970017
0.20807,1.13848,4.52992e-09,4.52992e-09,0.452375,0.318767,0.318767,-6.90152e-09,0.318767,-6.90152e-09,1.13848
0.0917916,1.30493,3.18508e-10,3.18507e-10,0.55242,0.372848,0.372848,7.50975e-10,0.372848,7.50975e-10,1.30493
0.875514,0.140975,2.2616e-09,2.2616e-09,0.00900997,0.0012927,0.0012927,-1.45504e-08,0.0012927,-1.45504e-08,0.140975
0.759236,0.290513,2.4073e-09,2.4073e-09,0.0373113,0.0113381,0.0113381,1.55657e-08,0.0113381,1.55657e-08,0.290513
0.642958,0.411335,-1.04007e-09,-1.04007e-09,0.0733784,0.0323,0.0323,2.3475e-08,0.0323,2.3475e-08,0.411335
0.52668,0.589853,-3.42415e-09,-3.42415e-09,0.146015,0.0891312,0.0891312,-4.41093e-08,0.0891312,-4.41093e-08,0.589853
0.410402,0.797548,-1.64692e-09,-1.64692e-09,0.252906,0.1792,0.1792,-2.64054e-08,0.1792,-2.64054e-08,0.797548
0.294124,1.02789,-7.60849e-09,-7.60849e-09,0.386189,0.277407,0.277407,2.16499e-08,0.277407,2.16499e-08,1.02789
0.177846,1.18883,1.71929e-09,1.71929e-09,0.482657,0.336152,0.336152,6.79116e-09,0.336152,6.79116e-09,1.18883
0.0615683,1.32812,3.29755e-10,3.29755e-10,0.566253,0.379608,0.379608,1.62311e-09,0.379608,1.62311e-09,1.32812
0.84529,0.17737,-6.66139e-11,-6.6614e-11,0.0141584,0.0025511,0.0025511,-3.98652e-08,0.0025511,-3.98652e-08,0.17737
0.729012,0.329812,3.47073e-09,3.47073e-09,0.0477994,0.0166564,0.0166564,1.41728e-08,0.0166564,1.41728e-08,0.329812
0.612735,0.453788,2.10608e-10,2.10608e-10,0.0886632,0.0430842,0.0430842,-5.81106e-08,0.0430842,-5.81106e-08,0.453788
0.496457,0.638751,-4.47507e-09,-4.47507e-09,0.169399,0.109063,0.109063,-2.14348e-07,0.109063,-2.14348e-07,0.638751
0.380179,0.854093,-8.31499e-10,-8.315e-10,0.284689,0.204414,0.204414,-3.70942e-08,0.204414,-3.70942e-08,0.854093
0.263901,1.08443,-5.3858e-10,-5.3858e-10,0.41994,0.299092,0.299092,1.98998e-09,0.299092,1.98998e-09,1.08443
0.147623,1.23418,7.65437e-10,7.65437e-10,0.509949,0.351046,0.351046,8.84729e-09,0.351046,8.84729e-09,1.23418
0.0313449,1.34204,2.51499e-10,2.51499e-10,0.574485,0.383542,0.383542,3.73403e-10,0.383542,3.73403e-10,1.34204
0.815067,0.214374,2.40042e-09,2.40042e-09,0.0205545,0.00451029,0.00451029,-2.26257e-08,0.00451029,-2.26257e-08,0.214374
0.698789,0.370052,-2.10751e-09,-2.10751e-09,0.0597924,0.0235639,0.0235639,-4.39555e-08,0.0235639,-4.39555e-08,0.370052
0.582511,0.497565,-1.43887e-09,-1.43887e-09,0.105772,0.0560941,0.0560941,2.25243e-08,0.0560941,2.25243e-08,0.497565
0.466233,0.689674,-5.42387e-09,-5.42387e-09,0.195049,0.13099,0.13099,1.16879e-08,0.13099,1.16879e-08,0.689674
0.349955,0.911803,-8.62154e-09,-8.62154e-09,0.317872,0.229571,0.229571,-1.06906e-07,0.229571,-1.06906e-07,0.911803
0.233677,1.13848,4.52992e-09,4.52992e-09,0.452375,0.318767,0.318767,-6.90152e-09,0.318767,-6.90152e-09,1.13848
0.117399,1.27328,6.61267e-10,6.61267e-10,0.533447,0.363308,0.363308,4.70403e-09,0.363308,4.70403e-09,1.27328
0.00112151,1.34615,2.514e-16,-1.45484e-18,0.576923,0.384615,0.384615,-1.28893e-17,0.384615,-1.28893e-17,1.34615
0.784844,0.252062,1.56957e-09,1.56957e-09,0.0282521,0.00736705,0.00736705,-6.00179e-09,0.00736705,-6.00179e-09,0.252062
0.668566,0.411335,-1.04007e-09,-1.04007e-09,0.0733784,0.0323,0.0323,2.3475e-08,0.0323,2.3475e-08,0.411335
0.552288,0.542853,-3.23284e-09,-3.23284e-09,0.124843,0.0714388,0.0714388,1.60106e-10,0.0714388,1.60106e-10,0.542853
0.43601,0.742646,-1.91757e-09,-1.91757e-09,0.222934,0.154534,0.154534,3.9253e-08,0.154534,3.9253e-08,0.742646
0.319732,0.970017,-6.24384e-09,-6.24384e-09,0.351921,0.254081,0.254081,2.10869e-08,0.254081,2.10869e-08,0.970017
0.203454,1.13848,4.52992e-09,4.52992e-09,0.452375,0.318767,0.318767,-6.90152e-09,0.318767,-6.90152e-09,1.13848
0.0871761,1.30493,3.18508e-10,3.18507e-10,0.55242,0.372848,0.372848,7.50975e-10,0.372848,7.50975e-10,1.30493
0.870898,0.140975,2.2616e-09,2.2616e-09,0.00900997,0.0012927,0.0012927,-1.45504e-08,0.0012927,-1.45504e-08,0.140975
0.75462,0.290513,2.4073e-09,2.4073e-09,0.0373113,0.0113381,0.0113381,1.55657e-08,0.0113381,1.55657e-08,0.290513
0.638342,0.453788,2.10608e-10,2.10608e-10,0.0886632,0.0430842,0.0430842,-5.81106e-08,0.0430842,-5.81106e-08,0.453788
0.522064,0.589853,-3.42415e-09,-3.42415e-09,0.146015,0.0891312,0.0891312,-4.41093e-08,0.0891312,-4.41093e-08,0.589853
0.405786,0.797548,-1.64692e-09,-1.64692e-09,0.252906,0.1792,0.1792,-2.64054e-08,0.1792,-2.64054e-08,0.797548
0.289509,1.02789,-7.60849e-09,-7.60849e-09,0.386189,0.277407,0.277407,2.16499e-08,0.277407,2.16499e-08,1.02789
0.173231,1.18883,1.71929e-09,1.71929e-09,0.482657,0.336152,0.336152,6.79116e-09,0.336152,6.79116e-09,1.18883
0.0569527,1.32812,3.29755e-10,3.29755e-10,0.566253,0.379608,0.379608,1.62311e-09,0.379608,1.62311e-09,1.32812
0.840675,0.17737,-6.66139e-11,-6.6614e-11,0.0141584,0.0025511,0.0025511,-3.98652e-08,0.0025511,-3.98652e-08,0.17737
0.724397,0.329812,3.47073e-09,3.47073e-09,0.0477994,0.0166564,0.0166564,1.41728e-08,0.0166564,1.41728e-08,0.329812
0.608119,0.497565,-1.43887e-09,-1.43887e-09,0.105772,0.0560941,0.0560941,2.25243e-08,0.0560941,2.25243e-08,0.497565
0.491841,0.638751,-4.47507e-09,-4.47507e-09,0.169399,0.109063,0.109063,-2.14348e-07,0.109063,-2.14348e-07,0.638751
0.375563,0.854093,-8.31499e-10,-8.315e-10,0.284689,0.204414,0.204414,-3.70942e-08,0.204414,-3.70942e-08,0.854093
0.259285,1.08443,-5.3858e-10,-5.3858e-10,0.41994,0.299092,0.299092,1.98998e-09,0.299092,1.98998e-09,1.08443
0.143007,1.23418,7.65437e-10,7.65437e-10,0.509949,0.351046,0.351046,8.84729e-09,0.351046,8.84729e-09,1.23418
0.0267293,1.34204,2.51499e-10,2.51499e-10,0.574485,0.383542,0.383542,3.73403e-10,0.383542,3.73403e-10,1.34204
0.810451,0.214374,2.40042e-09,2.40042e-09,0.0205545,0.00451029,0.00451029,-2.26257e-08,0.00451029,-2.26257e-08,0.214374
0.694173,0.370052,-2.10751e-09,-2.10751e-09,0.0597924,0.0235639,0.0235639,-4.39555e-08,0.0235639,-4.39555e-08,0.370052
0.577896,0.542853,-3.23284e-09,-3.23284e-09,0.124843,0.0714388,0.0714388,1.60106e-10,0.0714388,1.60106e-10,0.542853
0.461618,0.689674,-5.42387e-09,-5.42387e-09,0.195049,0.13099,0.13099,1.16879e-08,0.13099,1.16879e-08,0.689674
0.34534,0.911803,-8.62154e-09,-8.62154e-09,0.317872,0.229571,0.229571,-1.06906e-07,0.229571,-1.06906e-07,0.911803
0.229062,1.13848,4.52992e-09,4.52992e-09,0.452375,0.318767,0.318767,-6.90152e-09,0.318767,-6.90152e-09,1.13848
0.112784,1.27328,6.61267e-10,6.61267e-10,0.533447,0.363308,0.363308,4.70403e-09,0.363308,4.70403e-09,1.27328
0.896506,0.105121,2.09942e-09,2.09942e-09,0.0050619,0.000559218,0.000559218,-1.10203e-08,0.000559218,-1.10203e-08,0.105121
0.780228,0.252062,1.56957e-09,1.56957e-09,0.0282521,0.00736705,0.00736705,-6.00179e-09,0.00736705,-6.00179e-09,0.252062
0.66395,0.411335,-1.04007e-09,-1.04007e-09,0.0733784,0.0323,0.0323,2.3475e-08,0.0323,2.3475e-08,0.411335
0.547672,0.542853,-3.23284e-09,-3.23284e-09,0.124843,0.0714388,0.0714388,1.60106e-10,0.0714388,1.60106e-10,0.542853
0.431394,0.742646,-1.91757e-09,-1.91757e-09,0.222934,0.154534,0.154534,3.9253e-08,0.154534,3.9253e-08,0.742646
0.315116,0.970017,-6.24384e-09,-6.24384e-09,0.351921,0.254081,0.254081,2.10869e-08,0.254081,2.10869e-08,0.970017
0.198838,1.18883,1.71929e-09,1.71929e-09,0.482657,0.336152,0.336152,6.79116e-09,0.336152,6.79116e-09,1.18883
0.0825605,1.30493,3.18508e-10,3.18507e-10,0.55242,0.372848,0.372848,7.50975e-10,0.372848,7.50975e-10,1.30493
0.866283,0.140975,2.2616e-09,2.2616e-09,0.00900997,0.0012927,0.0012927,-1.45504e-08,0.0012927,-1.45504e-08,0.140975
0.750005,0.290513,2.4073e-09,2.4073e-09,0.0373113,0.0113381,0.0113381,1.55657e-08,0.0113381,1.55657e-08,0.290513
0.633727,0.453788,2.10608e-10,2.10608e-10,0.0886632,0.0430842,0.0430842,-5.81106e-08,0.0430842,-5.81106e-08,0.453788
0.517449,0.589853,-3.42415e-09,-3.42415e-09,0.146015,0.0891312,0.0891312,-4.41093e-08,0.0891312,-4.41093e-08,0.589853
0.401171,0.797548,-1.64692e-09,-1.64692e-09,0.252906,0.1792,0.1792,-2.64054e-08,0.1792,-2.64054e-08,0.797548
0.284893,1.02789,-7.60849e-09,-7.60849e-09,0.386189,0.277407,0.277407,2.16499e-08,0.277407,2.16499e-08,1.02789
0.168615,1.23418,7.65437e-10,7.65437e-10,0.509949,0.351046,0.351046,8.84729e-09,0.351046,8.84729e-09,1.23418
0.0523371,1.32812,3.29755e-10,3.29755e-10,0.566253,0.379608,0.379608,1.62311e-09,0.379608,1.62311e-09,1.32812
0.836059,0.17737,-6.66139e-11,-6.6614e-11,0.0141584,0.0025511,0.0025511,-3.98652e-08,0.0025511,-3.98652e-08,0.17737
0.719781,0.329812,3.47073e-09,3.47073e-09,0.0477994,0.0166564,0.0166564,1.41728e-08,0.0166564,1.41728e-08,0.329812
0.603503,0.497565,-1.43887e-09,-1.43887e-09,0.105772,0.0560941,0.0560941,2.25243e-08,0.0560941,2.25243e-08,0.497565
0.487225,0.638751,-4.47507e-09,-4.47507e-09,0.169399,0.109063,0.109063,-2.14348e-07,0.109063,-2.14348e-07,0.638751
0.370947,0.854093,-8.315e-10,-8.315e-10,0.284689,0.204414,0.204414,-3.70942e-08,0.204414,-3.70942e-08,0.854093
0.25467,1.08443,-5.3858e-10,-5.3858e-10,0.41994,0.299092,0.299092,1.98998e-09,0.299092,1.98998e-09,1.08443
0.138392,1.27328,6.61267e-10,6.61267e-10,0.533447,0.363308,0.363308,4.70403e-09,0.363308,4.70403e-09,1.27328
0.0221137,1.34204,2.51499e-10,2.51499e-10,0.574485,0.383542,0.383542,3.73403e-10,0.383542,3.73403e-10,1.34204
0.805836,0.214374,2.40042e-09,2.40042e-09,0.0205545,0.00451029,0.00451029,-2.26257e-08,0.00451029,-2.26257e-08,0.214374
0.689558,0.370052,-2.10751e-09,-2.10751e-09,0.0597924,0.0235639,0.0235639,-4.39555e-08,0.0235639,-4.39555e-08,0.370052
0.57328,0.542853,-3.23284e-09,-3.23284e-09,0.124843,0.0714388,0.0714388,1.60106e-10,0.0714388,1.60106e-10,0.542853
0.457002,0.689674,-5.42387e-09,-5.42387e-09,0.195049,0.13099,0.13099,1.16879e-08,0.13099,1.16879e-08,0.689674
0.340724,0.911803,-8.62154e-09,-8.62154e-09,0.317872,0.229571,0.229571,-1.06906e-07,0.229571,-1.06906e-07,0.911803
0.224446,1.13848,4.52992e-09,4.52992e-09,0.452375,0.318767,0.318767,-6.90152e-09,0.318767,-6.90152e-09,1.13848
0.108168,1.30493,3.18508e-10,3.18507e-10,0.55242,0.372848,0.372848,7.50975e-10,0.372848,7.50975e-10,1.30493
0.89189,0.105121,2.09942e-09,2.09942e-09,0.0050619,0.000559218,0.000559218,-1.10203e-08,0.000559218,-1.10203e-08,0.105121
0.775612,0.252062,1.56957e-09,1.56957e-09,0.0282521,0.00736705,0.00736705,-6.00179e-09,0.00736705,-6.00179e-09,0.252062
0.659334,0.411335,-1.04007e-09,-1.04007e-09,0.0733784,0.0323,0.0323,2.3475e-08,0.0323,2.3475e-08,0.411335
0.543057,0.589853,-3.42415e-09,-3.42415e-09,0.146015,0.0891312,0.0891312,-4.41093e-08,0.0891312,-4.41093e-08,0.589853
0.426779,0.742646,-1.91757e-09,-1.91757e-09,0.222934,0.154534,0.154534,3.9253e-08,0.154534,3.9253e-08,0.742646
0.310501,0.970017,-6.24384e-09,-6.24384e-09,0.351921,0.254081,0.254081,2.10869e-08,0.254081,2.10869e-08,0.970017
0.194223,1.18883,1.71929e-09,1.71929e-09,0.482657,0.336152,0.336152,6.79116e-09,0.336152,6.79116e-09,1.18883
0.0779449,1.32812,3.29755e-10,3.29755e-10,0.566253,0.379608,0.379608,1.62311e-09,0.379608,1.62311e-09,1.32812
0.861667,0.140975,2.2616e-09,2.2616e-09,0.00900997,0.0012927,0.0012927,-1.45504e-08,0.0012927,-1.45504e-08,0.140975
0.745389,0.290513,2.4073e-09,2.4073e-09,0.0373113,0.0113381,0.0113381,1.55657e-08,0.0113381,1.55657e-08,0.290513
0.629111,0.453788,2.10608e-10,2.10608e-10,0.0886632,0.0430842,0.0430842,-5.81106e-08,0.0430842,-5.81106e-08,0.453788
0.512833,0.638751,-4.47507e-09,-4.47507e-09,0.169399,0.109063,0.109063,-2.14348e-07,0.109063,-2.14348e-07,0.638751
0.396555,0.797548,-1.64692e-09,-1.64692e-09,0.252906,0.1792,0.1792,-2.64054e-08,0.1792,-2.64054e-08,0.797548
0.280277,1.02789,-7.60849e-09,-7.60849e-09,0.386189,0.277407,0.277407,2.16499e-08,0.277407,2.16499e-08,1.02789
0.163999,1.23418,7.65437e-10,7.65437e-10,0.509949,0.351046,0.351046,8.84729e-09,0.351046,8.84729e-09,1.23418
0.0477215,1.32812,3.29755e-10,3.29755e-10,0.566253,0.379608,0.379608,1.62311e-09,0.379608,1.62311e-09,1.32812
0.831444,0.17737,-6.66139e-11,-6.6614e-11,0.0141584,0.0025511,0.0025511,-3.98652e-08,0.0025511,-3.98652e-08,0.17737
0.715166,0.329812,3.47073e-09,3.47073e-09,0.0477994,0.0166564,0.0166564,1.41728e-08,0.0166564,1.41728e-08,0.329812
0.598888,0.497565,-1.43887e-09,-1.43887e-09,0.105772,0.0560941,0.0560941,2.25243e-08,0.0560941,2.25243e-08,0.497565
0.48261,0.689674,-5.42387e-09,-5.42387e-09,0.195049,0.13099,0.13099,1.16879e-08,0.13099,1.16879e-08,0.689674
0.366332,0.854093,-8.315e-10,-8.315e-10,0.284689,0.204414,0.204414,-3.70942e-08,0.204414,-3.70942e-08,0.854093
0.250054,1.08443,-5.3858e-10,-5.3858e-10,0.41994,0.299092,0.299092,1.98998e-09,0.299092,1.98998e-09,1.08443
0.133776,1.27328,6.61267e-10,6.61267e-10,0.533447,0.363308,0.363308,4.70403e-09,0.363308,4.70403e-09,1.27328
0.0174981,1.34204,2.51499e-10,2.51499e-10,0.574485,0.383542,0.383542,3.73403e-10,0.383542,3.73403e-10,1.34204
0.80122,0.214374,2.40042e-09,2.40042e-09,0.0205545,0.00451029,0.00451029,-2.26257e-08,0.00451029,-2.26257e-08,0.214374
0.684942,0.370052,-2.10751e-09,-2.10751e-09,0.0597924,0.0235639,0.0235639,-4.39555e-08,0.0235639,-4.39555e-08,0.370052
0.568664,0.542853,-3.23284e-09,-3.23284e-09,0.124843,0.0714388,0.0714388,1.60106e-10,0.0714388,1.60106e-10,0.542853
0.452386,0.742646,-1.91757e-09,-1.91757e-09,0.222934,0.154534,0.154534,3.9253e-08,0.154534,3.9253e-08,0.742646
0.336109,0.911803,-8.62154e-09,-8.62154e-09,0.317872,0.229571,0.229571,-1.06906e-07,0.229571,-1.06906e-07,0.911803
0.219831,1.13848,4.52992e-09,4.52992e-09,0.452375,0.318767,0.318767,-6.90152e-09,0.318767,-6.90152e-09,1.13848
0.103553,1.30493,3.18508e-10,3.18507e-10,0.55242,0.372848,0.372848,7.50975e-10,0.372848,7.50975e-10,1.30493
0.887275,0.140975,2.2616e-09,2.2616e-09,0.00900997,0.0012927,0.0012927,-1.45504e-08,0.0012927,-1.45504e-08,0.140975
0.770997,0.252062,1.56957e-09,1.56957e-09,0.0282521,0.00736705,0.00736705,-6.00179e-09,0.00736705,-6.00179e-09,0.252062
0.654719,0.411335,-1.04007e-09,-1.04007e-09,0.0733784,0.0323,0.0323,2.3475e-08,0.0323,2.3475e-08,0.411335
0.538441,0.589853,-3.42415e-09,-3.42415e-09,0.146015,0.0891312,0.0891312,-4.41093e-08,0.0891312,-4.41093e-08,0.589853
0.422163,0.742646,-1.91757e-09,-1.91757e-09,0.222934,0.154534,0.154534,3.9253e-08,0.154534,3.9253e-08,0.742646
0.305885,0.970017,-6.24384e-09,-6.24384e-09,0.351921,0.254081,0.254081,2.10869e-08,0.254081,2.10869e-08,0.970017
0.189607,1.18883,1.71929e-09,1.71929e-09,0.482657,0.336152,0.336152,6.79116e-09,0.336152,6.79116e-09,1.18883
0.0733293,1.32812,3.29755e-10,3.29755e-10,0.566253,0.379608,0.379608,1.62311e-09,0.379608,1.62311e-09,1.32812
0.857051,0.17737,-6.66139e-11,-6.6614e-11,0.0141584,0.0025511,0.0025511,-3.98652e-08,0.0025511,-3.98652e-08,0.17737
0.740773,0.290513,2.4073e-09,2.4073e-09,0.0373113,0.0113381,0.0113381,1.55657e-08,0.0113381,1.55657e-08,0.290513
0.624496,0.453788,2.10608e-10,2.10608e-10,0.0886632,0.0430842,0.0430842,-5.81106e-08,0.0430842,-5.81106e-08,0.453788
0.508218,0.638751,-4.47507e-09,-4.47507e-09,0.169399,0.109063,0.109063,-2.14348e-07,0.109063,-2.14348e-07,0.638751
0.39194,0.797548,-1.64692e-09,-1.64692e-09,0.252906,0.1792,0.1792,-2.64054e-08,0.1792,-2.64054e-08,0.797548
0.275662,1.02789,-7.60849e-09,-7.60849e-09,0.386189,0.277407,0.277407,2.16499e-08,0.277407,2.16499e-08,1.02789
0.159384,1.23418,7.65437e-10,7.65437e-10,0.509949,0.351046,0.351046,8.84729e-09,0.351046,8.84729e-09,1.23418
0.0431059,1.34204,2.51499e-10,2.51499e-10,0.574485,0.383542,0.383542,3.73403e-10,0.383542,3.73403e-10,1.34204
0.826828,0.214374,2.40042e-09,2.40042e-09,0.0205545,0.00451029,0.00451029,-2.26257e-08,0.00451029,-2.26257e-08,0.214374
0.71055,0.329812,3.47073e-09,3.47073e-09,0.0477994,0.0166564,0.0166564,1.41728e-08,0.0166564,1.41728e-08,0.329812
0.594272,0.497565,-1.43887e-09,-1.43887e-09,0.105772,0.0560941,0.0560941,2.25243e-08,0.0560941,2.25243e-08,0.497565
0.477994,0.689674,-5.42387e-09,-5.42387e-09,0.195049,0.13099,0.13099,1.16879e-08,0.13099,1.16879e-08,0.689674
0.361716,0.854093,-8.31499e-10,-8.315e-10,0.284689,0.204414,0.204414,-3.70942e-08,0.204414,-3.70942e-08,0.854093
0.245438,1.08443,-5.3858e-10,-5.3858e-10,0.41994,0.299092,0.299092,1.98998e-09,0.299092,1.98998e-09,1.08443
0.12916,1.27328,6.61267e-10,6.61267e-10,0.533447,0.363308,0.363308,4.70403e-09,0.363308,4.70403e-09,1.27328
0.0128825,1.34615,2.46579e-16,-7.62324e-18,0.576923,0.384615,0.384615,-2.07153e-17,0.384615,-2.07153e-17,1.34615
0.796605,0.252062,1.56957e-09,1.56957e-09,0.0282521,0.00736705,0.00736705,-6.00179e-09,0.00736705,-6.00179e-09,0.252062
0.680327,0.370052,-2.10751e-09,-2.10751e-09,0.0597924,0.0235639,0.0235639,-4.39555e-08,0.0235639,-4.39555e-08,0.370052
0.564049,0.542853,-3.23284e-09,-3.23284e-09,0.124843,0.0714388,0.0714388,1.60106e-10,0.0714388,1.60106e-10,0.542853
0.447771,0.742646,-1.91757e-09,-1.91757e-09,0.222934,0.154534,0.154534,3.9253e-08,0.154534,3.9253e-08,0.742646
0.331493,0.911803,-8.62154e-09,-8.62154e-09,0.317872,0.229571,0.229571,-1.06906e-07,0.229571,-1.06906e-07,0.911803
0.215215,1.13848,4.52992e-09,4.52992e-09,0.452375,0.318767,0.318767,-6.90152e-09,0.318767,-6.90152e-09,1.13848
0.0989371,1.30493,3.18508e-10,3.18507e-10,0.55242,0.372848,0.372848,7.50975e-10,0.372848,7.50975e-10,1.30493
0.882659,0.140975,2.2616e-09,2.2616e-09,0.00900997,0.0012927,0.0012927,-1.45504e-08,0.0012927,-1.45504e-08,0.140975
0.766381,0.252062,1.56957e-09,1.56957e-09,0.0282521,0.00736705,0.00736705,-6.00179e-09,0.00736705,-6.00179e-09,0.252062
0.650103,0.411335,-1.04007e-09,-1.04007e-09,0.0733784,0.0323,0.0323,2.3475e-08,0.0323,2.3475e-08,0.411335
0.533825,0.589853,-3.42415e-09,-3.42415e-09,0.146015,0.0891312,0.0891312,-4.41093e-08,0.0891312,-4.41093e-08,0.589853
0.417547,0.797548,-1.64692e-09,-1.64692e-09,0.252906,0.1792,0.1792,-2.64054e-08,0.1792,-2.64054e-08,0.797548
0.30127,0.970017,-6.24384e-09,-6.24384e-09,0.351921,0.254081,0.254081,2.10869e-08,0.254081,2.10869e-08,0.970017
0.184992,1.18883,1.71929e-09,1.71929e-09,0.482657,0.336152,0.336152,6.79116e-09,0.336152,6.79116e-09,1.18883
0.0687137,1.32812,3.29755e-10,3.29755e-10,0.566253,0.379608,0.379608,1.62311e-09,0.379608,1.62311e-09,1.32812
0.852436,0.17737,-6.66139e-11,-6.6614e-11,0.0141584,0.0025511,0.0025511,-3.98652e-08,0.0025511,-3.98652e-08,0.17737
0.736158,0.290513,2.4073e-09,2.4073e-09,0.0373113,0.0113381,0.0113381,1.55657e-08,0.0113381,1.55657e-08,0.290513
0.61988,0.453788,2.10608e-10,2.10608e-10,0.0886632,0.0430842,0.0430842,-5.81106e-08,0.0430842,-5.81106e-08,0.453788
0.503602,0.638751,-4.47507e-09,-4.47507e-09,0.169399,0.109063,0.109063,-2.14348e-07,0.109063,-2.14348e-07,0.638751
0.387324,0.854093,-8.31499e-10,-8.315e-10,0.284689,0.204414,0.204414,-3.70942e-08,0.204414,-3.70942e-08,0.854093
0.271046,1.02789,-7.60849e-09,-7.60849e-09,0.386189,0.277407,0.277407,2.16499e-08,0.277407,2.16499e-08,1.02789
0.154768,1.23418,7.65437e-10,7.65437e-10,0.509949,0.351046,0.351046,8.84729e-09,0.351046,8.84729e-09,1.23418
0.0384903,1.34204,2.51499e-10,2.51499e-10,0.574485,0.383542,0.383542,3.73403e-10,0.383542,3.73403e-10,1.34204
0.822212,0.214374,2.40042e-09,2.40042e-09,0.0205545,0.00451029,0.00451029,-2.26257e-08,0.00451029,-2.26257e-08,0.214374
0.705934,0.329812,3.47073e-09,3.47073e-09,0.0477994,0.0166564,0.0166564,1.41728e-08,0.0166564,1.41728e-08,0.329812
0.589657,0.497565,-1.43887e-09,-1.43887e-09,0.105772,0.0560941,0.0560941,2.25243e-08,0.0560941,2.25243e-08,0.497565
0.473379,0.689674,-5.42387e-09,-5.42387e-09,0.195049,0.13099,0.13099,1.16879e-08,0.13099,1.16879e-08,0.689674
0.357101,0.911803,-8.62154e-09,-8.62154e-09,0.317872,0.229571,0.229571,-1.06906e-07,0.229571,-1.06906e-07,0.911803
0.240823,1.08443,-5.3858e-10,-5.3858e-10,0.41994,0.299092,0.299092,1.98998e-09,0.299092,1.98998e-09,1.08443
0.124545,1.27328,6.61267e-10,6.61267e-10,0.533447,0.363308,0.363308,4.70403e-09,0.363308,4.70403e-09,1.27328
0.00826695,1.34615,2.72502e-16,-7.76917e-18,0.576923,0.384615,0.384615,-1.27442e-17,0.384615,-1.27442e-17,1.34615
0.791989,0.252062,1.56957e-09,1.56957e-09,0.0282521,0.00736705,0.00736705,-6.00179e-09,0.00736705,-6.00179e-09,0.252062
0.675711,0.370052,-2.10751e-09,-2.10751e-09,0.0597924,0.0235639,0.0235639,-4.39555e-08,0.0235639,-4.39555e-08,0.370052
0.559433,0.542853,-3.23284e-09,-3.23284e-09,0.124843,0.0714388,0.0714388,1.60106e-10,0.0714388,1.60106e-10,0.542853
0.443155,0.742646,-1.91757e-09,-1.91757e-09,0.222934,0.154534,0.154534,3.9253e-08,0.154534,3.9253e-08,0.742646
0.326877,0.970017,-6.24384e-09,-6.24384e-09,0.351921,0.254081,0.254081,2.10869e-08,0.254081,2.10869e-08,0.970017
0.210599,1.13848,4.52992e-09,4.52992e-09,0.452375,0.318767,0.318767,-6.90152e-09,0.318767,-6.90152e-09,1.13848
0.0943215,1.30493,3.18508e-10,3.18507e-10,0.55242,0.372848,0.372848,7.50975e-10,0.372848,7.50975e-10,1.30493
0.878044,0.140975,2.2616e-09,2.2616e-09,0.00900997,0.0012927,0.0012927,-1.45504e-08,0.0012927,-1.45504e-08,0.140975
0.761766,0.290513,2.4073e-09,2.4073e-09,0.0373113,0.0113381,0.0113381,1.55657e-08,0.0113381,1.55657e-08,0.290513
0.645488,0.411335,-1.04007e-09,-1.04007e-09,0.0733784,0.0323,0.0323,2.3475e-08,0.0323,2.3475e-08,0.411335
0.52921,0.589853,-3.42415e-09,-3.42415e-09,0.146015,0.0891312,0.0891312,-4.41093e-08,0.0891312,-4.41093e-08,0.589853
0.412932,0.797548,-1.64692e-09,-1.64692e-09,0.252906,0.1792,0.1792,-2.64054e-08,0.1792,-2.64054e-08,0.797548
0.296654,1.02789,-7.60849e-09,-7.60849e-09,0.386189,0.277407,0.277407,2.16499e-08,0.277407,2.16499e-08,1.02789
0.180376,1.18883,1.71929e-09,1.71929e-09,0.482657,0.336152,0.336152,6.79116e-09,0.336152,6.79116e-09,1.18883
0.0640981,1.32812,3.29755e-10,3.29755e-10,0.566253,0.379608,0.379608,1.62311e-09,0.379608,1.62311e-09,1.32812
0.84782,0.17737,-6.66139e-11,-6.6614e-11,0.0141584,0.0025511,0.0025511,-3.98652e-08,0.0025511,-3.98652e-08,0.17737
0.731542,0.329812,3.47073e-09,3.47073e-09,0.0477994,0.0166564,0.0166564,1.41728e-08,0.0166564,1.41728e-08,0.329812
0.615264,0.453788,2.10608e-10,2.10608e-10,0.0886632,0.0430842,0.0430842,-5.81106e-08,0.0430842,-5.81106e-08,0.453788
0.498986,0.638751,-4.47507e-09,-4.47507e-09,0.169399,0.109063,0.109063,-2.14348e-07,0.109063,-2.14348e-07,0.638751
0.382709,0.854093,-8.31499e-10,-8.315e-10,0.284689,0.204414,0.204414,-3.70942e-08,0.204414,-3.70942e-08,0.854093
0.266431,1.02789,-7.60849e-09,-7.60849e-09,0.386189,0.277407,0.277407,2.16499e-08,0.277407,2.16499e-08,1.02789
0.150153,1.23418,7.65437e-10,7.65437e-10,0.509949,0.351046,0.351046,8.84729e-09,0.351046,8.84729e-09,1.23418
0.0338747,1.34204,2.51499e-10,2.51499e-10,0.574485,0.383542,0.383542,3.73403e-10,0.383542,3.73403e-10,1.34204
0.817597,0.214374,2.40042e-09,2.40042e-09,0.0205545,0.00451029,0.00451029,-2.26257e-08,0.00451029,-2.26257e-08,0.214374
0.701319,0.370052,-2.10751e-09,-2.10751e-09,0.0597924,0.0235639,0.0235639,-4.39555e-08,0.0235639,-4.39555e-08,0.370052
0.585041,0.497565,-1.43887e-09,-1.43887e-09,0.105772,0.0560941,0.0560941,2.25243e-08,0.0560941,2.25243e-08,0.497565
0.468763,0.689674,-5.42387e-09,-5.42387e-09,0.195049,0.13099,0.13099,1.16879e-08,0.13099,1.16879e-08,0.689674
0.352485,0.911803,-8.62154e-09,-8.62154e-09,0.317872,0.229571,0.229571,-1.06906e-07,0.229571,-1.06906e-07,0.911803
0.236207,1.08443,-5.3858e-10,-5.3858e-10,0.41994,0.299092,0.299092,1.98998e-09,0.299092,1.98998e-09,1.08443
0.119929,1.27328,6.61267e-10,6.61267e-10,0.533447,0.363308,0.363308,4.70403e-09,0.363308,4.70403e-09,1.27328
0.00365136,1.34615,2.46579e-16,-7.62324e-18,0.576923,0.384615,0.384615,-2.07153e-17,0.384615,-2.07153e-17,1.34615
0.787373,0.252062,1.56957e-09,1.56957e-09,0.0282521,0.00736705,0.00736705,-6.00179e-09,0.00736705,-6.00179e-09,0.252062
0.671096,0.411335,-1.04007e-09,-1.04007e-09,0.0733784,0.0323,0.0323,2.3475e-08,0.0323,2.3475e-08,0.411335
0.554818,0.542853,-3.23284e-09,-3.23284e-09,0.124843,0.0714388,0.0714388,1.60106e-10,0.0714388,1.60106e-10,0.542853
0.43854,0.742646,-1.91757e-09,-1.91757e-09,0.222934,0.154534,0.154534,3.9253e-08,0.154534,3.9253e-08,0.742646
0.322262,0.970017,-6.24384e-09,-6.24384e-09,0.351921,0.254081,0.254081,2.10869e-08,0.254081,2.10869e-08,0.970017
0.205984,1.13848,4.52992e-09,4.52992e-09,0.452375,0.318767,0.318767,-6.90152e-09,0.318767,-6.90152e-09,1.13848
0.0897059,1.30493,3.18508e-10,3.18507e-10,0.55242,0.372848,0.372848,7.50975e-10,0.372848,7.50975e-10,1.30493
0.873428,0.140975,2.2616e-09,2.2616e-09,0.00900997,0.0012927,0.0012927,-1.45504e-08,0.0012927,-1.45504e-08,0.140975
0.75715,0.290513,2.4073e-09,2.4073e-09,0.0373113,0.0113381,0.0113381,1.55657e-08,0.0113381,1.55657e-08,0.290513
0.640872,0.411335,-1.04007e-09,-1.04007e-09,0.0733784,0.0323,0.0323,2.3475e-08,0.0323,2.3475e-08,0.411335
0.524594,0.589853,-3.42415e-09,-3.42415e-09,0.146015,0.0891312,0.0891312,-4.41093e-08,0.0891312,-4.41093e-08,0.589853
0.408316,0.797548,-1.64692e-09,-1.64692e-09,0.252906,0.1792,0.1792,-2.64054e-08,0.1792,-2.64054e-08,0.797548
0.292038,1.02789,-7.60849e-09,-7.60849e-09,0.386189,0.277407,0.277407,2.16499e-08,0.277407,2.16499e-08,1.02789
0.17576,1.18883,1.71929e-09,1.71929e-09,0.482657,0.336152,0.336152,6.79116e-09,0.336152,6.79116e-09,1.18883
0.0594825,1.32812,3.29755e-10,3.29755e-10,0.566253,0.379608,0.379608,1.62311e-09,0.379608,1.62311e-09,1.32812
0.843205,0.17737,-6.66139e-11,-6.6614e-11,0.0141584,0.0025511,0.0025511,-3.98652e-08,0.0025511,-3.98652e-08,0.17737
0.726927,0.329812,3.47073e-09,3.47073e-09,0.0477994,0.0166564,0.0166564,1.41728e-08,0.0166564,1.41728e-08,0.329812
0.610649,0.453788,2.10608e-10,2.10608e-10,0.0886632,0.0430842,0.0430842,-5.81106e-08,0.0430842,-5.81106e-08,0.453788
0.494371,0.638751,-4.47507e-09,-4.47507e-09,0.169399,0.109063,0.109063,-2.14348e-07,0.109063,-2.14348e-07,0.638751
0.378093,0.854093,-8.315e-10,-8.315e-10,0.284689,0.204414,0.204414,-3.70942e-08,0.204414,-3.70942e-08,0.854093
0.261815,1.08443,-5.3858e-10,-5.3858e-10,0.41994,0.299092,0.299092,1.98998e-09,0.299092,1.98998e-09,1.08443
0.145537,1.23418,7.65437e-10,7.65437e-10,0.509949,0.351046,0.351046,8.84729e-09,0.351046,8.84729e-09,1.23418
0.0292592,1.34204,2.51499e-10,2.51499e-10,0.574485,0.383542,0.383542,3.73403e-10,0.383542,3.73403e-10,1.34204
0.812981,0.214374,2.40042e-09,2.40042e-09,0.0205545,0.00451029,0.00451029,-2.26257e-08,0.00451029,-2.26257e-08,0.214374
0.696703,0.370052,-2.10751e-09,-2.10751e-09,0.0597924,0.0235639,0.0235639,-4.39555e-08,0.0235639,-4.39555e-08,0.370052
0.580425,0.497565,-1.43887e-09,-1.43887e-09,0.105772,0.0560941,0.0560941,2.25243e-08,0.0560941,2.25243e-08,0.497565
0.464147,0.689674,-5.42387e-09,-5.42387e-09,0.195049,0.13099,0.13099,1.16879e-08,0.13099,1.16879e-08,0.689674
0.34787,0.911803,-8.62154e-09,-8.62154e-09,0.317872,0.229571,0.229571,-1.06906e-07,0.229571,-1.06906e-07,0.911803
0.231592,1.13848,4.52992e-09,4.52992e-09,0.452375,0.318767,0.318767,-6.90152e-09,0.318767,-6.90152e-09,1.13848
0.115314,1.27328,6.61267e-10,6.61267e-10,0.533447,0.363308,0.363308,4.70403e-09,0.363308,4.70403e-09,1.27328
0.899036,0.105121,2.09942e-09,2.09942e-09,0.0050619,0.000559218,0.000559218,-1.10203e-08,0.000559218,-1.10203e-08,0.105121
0.782758,0.252062,1.56957e-09,1.56957e-09,0.0282521,0.00736705,0.00736705,-6.00179e-09,0.00736705,-6.00179e-09,0.252062
0.66648,0.411335,-1.04007e-09,-1.04007e-09,0.0733784,0.0323,0.0323,2.3475e-08,0.0323,2.3475e-08,0.411335
0.550202,0.542853,-3.23284e-09,-3.23284e-09,0.124843,0.0714388,0.0714388,1.60106e-10,0.0714388,1.60106e-10,0.542853
0.433924,0.742646,-1.91757e-09,-1.91757e-09,0.222934,0.154534,0.154534,3.9253e-08,0.154534,3.9253e-08,0.742646
0.317646,0.970017,-6.24384e-09,-6.24384e-09,0.351921,0.254081,0.254081,2.10869e-08,0.254081,2.10869e-08,0.970017
0.201368,1.18883,1.71929e-09,1.71929e-09,0.482657,0.336152,0.336152,6.79116e-09,0.336152,6.79116e-09,1.18883
