r,C00,C01,C02,C03,C04,C05,C06,C07,C08,C11,C12,C13,C14,C15,C16,C17,C18,C22,C23,C24,C25,C26,C27,C28,C33,C34,C35,C36,C37,C38,C44,C45,C46,C47,C48,C55,C56,C57,C58,C66,C67,C68,C77,C78,C88
0.202283,0.187535,-5.77438e-07,-2.44391e-07,-5.77438e-07,0.0733647,1.70475e-07,-2.44391e-07,1.70475e-07,0.0733632,0.0873752,-1.08431e-07,0.0873752,-1.23269e-07,4.74594e-07,-1.08431e-07,4.74594e-07,5.03632e-07,0.0873755,4.91494e-07,2.64182e-07,1.26099e-07,0.0873755,1.26099e-07,-4.9764e-09,0.0873752,-1.23269e-07,4.74594e-07,-1.08431e-07,4.74594e-07,5.03632e-07,0.187535,2.53064e-07,2.97986e-07,2.53064e-07,0.0733641,0.0873754,5.97345e-08,0.0873754,3.53554e-07,0.0873755,1.26099e-07,-4.9764e-09,0.0873754,3.53554e-07,0.187535
0.157063,0.0918008,-2.84429e-07,-9.07326e-08,-2.84429e-07,0.041319,1.82388e-08,-9.07326e-08,1.82388e-08,0.0413195,0.044073,2.96407e-07,0.044073,-1.35435e-07,2.25846e-07,2.96407e-07,2.25846e-07,-4.56919e-07,0.0440732,2.39609e-07,1.85313e-08,-2.04935e-07,0.0440732,-2.04935e-07,5.99149e-08,0.044073,-1.35435e-07,2.25846e-07,2.96407e-07,2.25846e-07,-4.56919e-07,0.091802,6.29211e-08,-3.12901e-08,6.29211e-08,0.0413192,0.0440732,-1.60724e-07,0.0440732,2.3817e-07,0.0440732,-2.04935e-07,5.99149e-08,0.0440732,2.3817e-07,0.0918022
0.111844,0.0519367,-1.059e-08,-2.12185e-07,-1.059e-08,0.0248186,1.04479e-07,-2.12185e-07,1.04479e-07,0.0248191,0.0253704,7.63374e-09,0.0253704,-1.53191e-07,6.79247e-08,7.63374e-09,6.79247e-08,-1.33168e-07,0.0253705,5.72067e-08,-2.69055e-07,-6.73889e-08,0.0253705,-6.73889e-08,1.96921e-08,0.0253704,-1.53191e-07,6.79247e-08,7.63374e-09,6.79247e-08,-1.33168e-07,0.0519366,8.93521e-08,7.00736e-08,8.93521e-08,0.0248187,0.0253705,-5.23859e-08,0.0253705,6.67189e-08,0.0253705,-6.73889e-08,1.96921e-08,0.0253705,6.67189e-08,0.0519366
0.416625,1.14103,5.72757e-08,-1.40236e-08,5.72757e-08,0.324977,-2.22672e-08,-1.40236e-08,-2.22672e-08,0.324977,0.489245,-5.03492e-08,0.489245,3.4962e-08,7.89773e-08,-5.03492e-08,7.89773e-08,2.67783e-08,0.489245,-4.64475e-08,-7.51886e-08,-2.33453e-08,0.489245,-2.33453e-08,1.51414e-08,0.489245,3.4962e-08,7.89773e-08,-5.03492e-08,7.89773e-08,2.67783e-08,1.14103,1.62779e-07,2.42896e-08,1.62779e-07,0.324978,0.489245,2.01611e-08,0.489245,3.98594e-08,0.489245,-2.33453e-08,1.51414e-08,0.489245,3.98594e-08,1.14103
0.371406,0.966929,1.99152e-07,-1.06297e-07,1.99152e-07,0.279417,-6.59364e-10,-1.06297e-07,-6.59364e-10,0.279417,0.421528,-7.47895e-08,0.421528,9.54423e-08,-1.63225e-08,-7.47895e-08,-1.63225e-08,7.92364e-08,0.421528,-1.21936e-07,9.56348e-09,-2.51243e-08,0.421528,-2.51243e-08,-6.94174e-09,0.421528,9.54423e-08,-1.63225e-08,-7.47895e-08,-1.63225e-08,7.92364e-08,0.966929,-2.27047e-08,4.12859e-08,-2.27047e-08,0.279417,0.421528,8.70712e-09,0.421528,1.64903e-07,0.421528,-2.51243e-08,-6.94174e-09,0.421528,1.64903e-07,0.966929
0.326187,0.704711,8.89649e-08,-3.34247e-08,8.89649e-08,0.21247,-4.98058e-08,-3.34247e-08,-4.98058e-08,0.212471,0.317261,-1.95722e-09,0.317261,3.81472e-08,-3.55154e-08,-1.95722e-09,-3.55154e-08,-5.0057e-07,0.317261,-1.43074e-08,2.16395e-07,-3.31006e-08,0.317261,-3.31006e-08,3.87306e-08,0.317261,3.81472e-08,-3.55154e-08,-1.95722e-09,-3.55154e-08,-5.0057e-07,0.704711,-3.59012e-07,-6.08585e-08,-3.59012e-07,0.21247,0.317261,-2.24959e-08,0.317261,-3.65157e-07,0.317261,-3.31006e-08,3.87306e-08,0.317261,-3.65157e-07,0.704711
0.280967,0.423054,4.58332e-07,2.65398e-07,4.58332e-07,0.138634,-1.76497e-07,2.65398e-07,-1.76497e-07,0.138633,0.194781,-3.88414e-07,0.194781,-4.01834e-09,2.02983e-07,-3.88414e-07,2.02983e-07,-3.75272e-07,0.194781,-3.58539e-07,-1.45381e-07,-3.4025e-07,0.194781,-3.4025e-07,1.89815e-07,0.194781,-4.01834e-09,2.02983e-07,-3.88414e-07,2.02983e-07,-3.75272e-07,0.423052,-3.6037e-07,-3.52081e-07,-3.6037e-07,0.138634,0.194781,-2.08791e-07,0.194781,-3.36052e-08,0.194781,-3.4025e-07,1.89815e-07,0.194781,-3.36052e-08,0.423053
0.235748,0.261061,9.71779e-09,-1.30279e-07,9.71779e-09,0.0984203,-1.07957e-07,-1.30279e-07,-1.07957e-07,0.0984193,0.124456,2.8984e-08,0.124456,-7.88217e-08,3.87587e-07,2.8984e-08,3.87587e-07,5.17884e-07,0.124456,2.64789e-08,-1.78925e-07,-3.36902e-07,0.124456,-3.36902e-07,1.1865e-07,0.124456,-7.88217e-08,3.87587e-07,2.8984e-08,3.87587e-07,5.17884e-07,0.26106,1.19146e-07,-2.54164e-08,1.19146e-07,0.0984209,0.124456,4.26298e-07,0.124456,2.1928e-07,0.124456,-3.36902e-07,1.1865e-07,0.124456,2.1928e-07,0.26106
0.190529,0.164856,-5.61245e-07,-9.86359e-08,-5.61245e-07,0.0677216,1.0778e-07,-9.86359e-08,1.0778e-07,0.0677206,0.0785988,-1.35854e-07,0.0785988,-3.23099e-07,3.86994e-07,-1.35854e-07,3.86994e-07,5.39894e-07,0.0785991,2.41368e-07,4.71822e-07,1.34152e-07,0.0785991,1.34152e-07,6.7459e-08,0.0785988,-3.23099e-07,3.86994e-07,-1.35854e-07,3.86994e-07,5.39894e-07,0.164856,2.19148e-07,3.07283e-07,2.19148e-07,0.0677211,0.0785989,2.16568e-08,0.0785989,5.25579e-07,0.0785991,1.34152e-07,6.7459e-08,0.0785989,5.25579e-07,0.164856
0.14531,0.0840736,-3.45034e-07,-1.24573e-08,-3.45034e-07,0.0371481,6.35826e-09,-1.24573e-08,6.35826e-09,0.0371483,0.0392434,3.00316e-07,0.0392434,-1.18125e-08,1.99368e-07,3.00316e-07,1.99368e-07,-5.05629e-07,0.0392435,2.79561e-07,-1.45224e-07,-1.68203e-07,0.0392435,-1.68203e-07,2.49536e-07,0.0392434,-1.18125e-08,1.99368e-07,3.00316e-07,1.99368e-07,-5.05629e-07,0.0840742,-4.86178e-08,-1.45439e-10,-4.86178e-08,0.037148,0.0392436,-8.6106e-08,0.0392436,-5.6144e-08,0.0392435,-1.68203e-07,2.49536e-07,0.0392436,-5.6144e-08,0.0840741
0.100091,0.0382465,-5.8275e-08,-7.41829e-08,-5.8275e-08,0.0181721,2.63409e-08,-7.41829e-08,2.63409e-08,0.0181719,0.0182847,1.94463e-08,0.0182847,7.7086e-08,-7.57211e-08,1.94463e-08,-7.57211e-08,-6.05818e-08,0.0182849,-1.09007e-07,6.55496e-09,-2.36174e-08,0.0182849,-2.36174e-08,-7.978e-08,0.0182847,7.7086e-08,-7.57211e-08,1.94463e-08,-7.57211e-08,-6.05818e-08,0.0382465,-8.8898e-08,7.23672e-08,-8.8898e-08,0.0181719,0.0182847,2.39884e-08,0.0182847,1.41723e-07,0.0182849,-2.36174e-08,-7.978e-08,0.0182847,1.41723e-07,0.0382466
0.404872,1.06589,9.29114e-08,-4.18743e-08,9.29114e-08,0.304467,3.82353e-08,-4.18743e-08,3.82353e-08,0.304466,0.459915,-5.51833e-08,0.459915,1.05064e-07,1.06007e-07,-5.51833e-08,1.06007e-07,3.27748e-08,0.459915,-6.30361e-08,-5.94527e-08,-6.15412e-08,0.459915,-6.15412e-08,4.54377e-08,0.459915,1.05064e-07,1.06007e-07,-5.51833e-08,1.06007e-07,3.27748e-08,1.06589,1.70752e-07,4.70624e-08,1.70752e-07,0.304468,0.459915,6.9275e-09,0.459915,-1.98108e-08,0.459915,-6.15412e-08,4.54377e-08,0.459915,-1.98108e-08,1.06589
0.359652,0.916487,2.47827e-07,-2.09412e-07,2.47827e-07,0.26671,5.43274e-08,-2.09412e-07,5.43274e-08,0.26671,0.401697,-6.23895e-08,0.401697,1.1692e-07,-4.56979e-09,-6.23895e-08,-4.56979e-09,5.95346e-08,0.401697,-8.72003e-08,4.56485e-08,-3.67171e-08,0.401697,-3.67171e-08,2.26067e-10,0.401697,1.1692e-07,-4.56979e-09,-6.23895e-08,-4.56979e-09,5.95346e-08,0.916487,5.73277e-09,5.99588e-08,5.73277e-09,0.266711,0.401697,9.81361e-08,0.401697,1.14716e-07,0.401697,-3.67171e-08,2.26067e-10,0.401697,1.14716e-07,0.916487
0.314433,0.673413,2.83321e-07,2.15768e-08,2.83321e-07,0.206032,3.35163e-09,2.15768e-08,3.35163e-09,0.206033,0.305308,-2.35774e-08,0.305308,2.47683e-08,-8.3626e-08,-2.35774e-08,-8.3626e-08,-4.81853e-07,0.305308,-3.77095e-08,2.40508e-07,2.56483e-08,0.305308,2.56483e-08,1.25425e-08,0.305308,2.47683e-08,-8.3626e-08,-2.35774e-08,-8.3626e-08,-4.81853e-07,0.673413,-3.55228e-07,-1.4024e-07,-3.55228e-07,0.206032,0.305308,-6.17565e-08,0.305308,-3.66563e-07,0.305308,2.56483e-08,1.25425e-08,0.305308,-3.66563e-07,0.673413
0.269214,0.391782,4.52714e-07,2.4034e-07,4.52714e-07,0.131707,-2.07485e-07,2.4034e-07,-2.07485e-07,0.131706,0.181803,-3.37731e-07,0.181803,-2.21199e-08,3.6116e-07,-3.37731e-07,3.6116e-07,3.66148e-07,0.181804,-2.60811e-07,-1.13643e-07,-4.82358e-07,0.181804,-4.82358e-07,6.7231e-08,0.181803,-2.21199e-08,3.6116e-07,-3.37731e-07,3.6116e-07,3.66148e-07,0.391782,-3.68441e-07,-2.64359e-07,-3.68441e-07,0.131707,0.181803,-2.53527e-07,0.181803,-1.68717e-07,0.181804,-4.82358e-07,6.7231e-08,0.181803,-1.68717e-07,0.391782
0.223995,0.261061,9.71779e-09,-1.30279e-07,9.71779e-09,0.0984203,-1.07957e-07,-1.30279e-07,-1.07957e-07,0.0984193,0.124456,2.8984e-08,0.124456,-7.88217e-08,3.87587e-07,2.8984e-08,3.87587e-07,5.17884e-07,0.124456,2.64789e-08,-1.78925e-07,-3.36902e-07,0.124456,-3.36902e-07,1.1865e-07,0.124456,-7.88217e-08,3.87587e-07,2.8984e-08,3.87587e-07,5.17884e-07,0.26106,1.19146e-07,-2.54164e-08,1.19146e-07,0.0984209,0.124456,4.26298e-07,0.124456,2.1928e-07,0.124456,-3.36902e-07,1.1865e-07,0.124456,2.1928e-07,0.26106
0.178776,0.126402,-3.07036e-07,1.10879e-07,-3.07036e-07,0.054975,-5.19483e-08,1.10879e-07,-5.19483e-08,0.0549745,0.0616083,6.53022e-09,0.0616083,-1.70379e-07,3.10684e-07,6.53022e-09,3.10684e-07,1.40747e-07,0.0616087,1.28751e-08,-2.04413e-07,-6.70757e-08,0.0616087,-6.70757e-08,1.44832e-07,0.0616083,-1.70379e-07,3.10684e-07,6.53022e-09,3.10684e-07,1.40747e-07,0.126403,2.74514e-07,6.5894e-08,2.74514e-07,0.0549749,0.0616086,-3.59104e-08,0.0616086,5.66523e-07,0.0616087,-6.70757e-08,1.44832e-07,0.0616086,5.66523e-07,0.126403
0.133556,0.0677711,-2.09579e-07,-8.68479e-08,-2.09579e-07,0.0314462,2.23153e-07,-8.68479e-08,2.23153e-07,0.0314469,0.0330134,1.79248e-07,0.0330134,1.67973e-07,2.67023e-07,1.79248e-07,2.67023e-07,-7.26568e-07,0.0330135,1.58314e-07,-2.8179e-07,-1.78189e-08,0.0330135,-1.78189e-08,2.13699e-08,0.0330134,1.67973e-07,2.67023e-07,1.79248e-07,2.67023e-07,-7.26568e-07,0.0677715,-6.035e-08,8.3159e-08,-6.035e-08,0.0314466,0.0330135,-1.13369e-08,0.0330135,3.52524e-07,0.0330135,-1.78189e-08,2.13699e-08,0.0330135,3.52524e-07,0.0677711
0.438337,1.16528,3.13303e-08,1.41409e-08,3.13303e-08,0.332106,-2.98626e-08,1.41409e-08,-2.98626e-08,0.332106,0.498916,-2.01434e-08,0.498916,2.26234e-08,5.45922e-08,-2.01434e-08,5.45922e-08,3.697e-08,0.498915,-4.63619e-08,-7.45354e-08,-1.40605e-08,0.498915,-1.40605e-08,2.93335e-09,0.498916,2.26234e-08,5.45922e-08,-2.01434e-08,5.45922e-08,3.697e-08,1.16528,1.37335e-07,-1.21953e-08,1.37335e-07,0.332107,0.498915,-2.47158e-08,0.498915,5.6783e-08,0.498915,-1.40605e-08,2.93335e-09,0.498915,5.6783e-08,1.16528
0.393118,1.03364,1.65199e-07,-5.3234e-08,1.65199e-07,0.29699,3.01941e-08,-5.3234e-08,3.01941e-08,0.296989,0.44678,-8.06141e-08,0.44678,1.16306e-07,9.87108e-08,-8.06141e-08,9.87108e-08,7.88711e-08,0.44678,-9.15749e-08,-6.59742e-08,-6.42318e-08,0.44678,-6.42318e-08,2.93591e-08,0.44678,1.16306e-07,9.87108e-08,-8.06141e-08,9.87108e-08,7.88711e-08,1.03364,1.43611e-07,8.53457e-08,1.43611e-07,0.296991,0.44678,3.59665e-08,0.44678,7.631e-08,0.44678,-6.42318e-08,2.93591e-08,0.44678,7.631e-08,1.03364
0.347899,0.838354,2.55701e-07,-2.34326e-07,2.55701e-07,0.24913,6.21509e-08,-2.34326e-07,6.21509e-08,0.24913,0.37241,-2.04678e-09,0.37241,1.60601e-07,-5.00914e-08,-2.04678e-09,-5.00914e-08,3.38878e-08,0.37241,-4.24624e-09,1.18674e-07,-1.16554e-08,0.37241,-1.16554e-08,1.13767e-08,0.37241,1.60601e-07,-5.00914e-08,-2.04678e-09,-5.00914e-08,3.38878e-08,0.838354,-1.0678e-07,8.1344e-08,-1.0678e-07,0.24913,0.37241,1.32446e-07,0.37241,3.81222e-08,0.37241,-1.16554e-08,1.13767e-08,0.37241,3.81222e-08,0.838354
0.30268,0.544223,3.06881e-07,3.27764e-07,3.06881e-07,0.176266,-7.89343e-10,3.27764e-07,-7.89343e-10,0.176269,0.254055,-3.20571e-07,0.254055,-5.99411e-07,-1.46863e-08,-3.20571e-07,-1.46863e-08,-5.36779e-07,0.254055,-3.95834e-07,-2.09391e-07,-1.17474e-07,0.254055,-1.17474e-07,2.27379e-07,0.254055,-5.99411e-07,-1.46863e-08,-3.20571e-07,-1.46863e-08,-5.36779e-07,0.544222,-4.02371e-07,-2.63831e-07,-4.02371e-07,0.176268,0.254055,-1.73493e-07,0.254055,-1.66264e-07,0.254055,-1.17474e-07,2.27379e-07,0.254055,-1.66264e-07,0.544222
0.25746,0.364506,2.28021e-07,2.81052e-07,2.28021e-07,0.127648,-2.59338e-08,2.81052e-07,-2.59338e-08,0.127648,0.173534,-2.36077e-07,0.173534,-2.27371e-07,3.416e-07,-2.36077e-07,3.416e-07,3.59199e-07,0.173534,-1.53397e-07,-2.26947e-07,-4.37409e-07,0.173534,-4.37409e-07,1.90085e-07,0.173534,-2.27371e-07,3.416e-07,-2.36077e-07,3.416e-07,3.59199e-07,0.364506,-3.27475e-07,-3.2258e-07,-3.27475e-07,0.127648,0.173534,-2.36864e-07,0.173534,-1.64397e-07,0.173534,-4.37409e-07,1.90085e-07,0.173534,-1.64397e-07,0.364506
0.212241,0.210114,-2.85242e-07,-5.35644e-08,-2.85242e-07,0.080739,7.45891e-08,-5.35644e-08,7.45891e-08,0.0807374,0.0986728,-1.95728e-07,0.0986728,-1.06034e-07,5.0723e-07,-1.95728e-07,5.0723e-07,5.8536e-07,0.098673,4.07431e-07,-3.07211e-08,1.82675e-08,0.098673,1.82675e-08,1.57511e-07,0.0986728,-1.06034e-07,5.0723e-07,-1.95728e-07,5.0723e-07,5.8536e-07,0.210114,1.33756e-07,-3.85813e-08,1.33756e-07,0.0807389,0.0986725,2.0281e-07,0.0986725,1.69224e-07,0.098673,1.82675e-08,1.57511e-07,0.0986725,1.69224e-07,0.210114
0.167022,0.126402,-3.07036e-07,1.10879e-07,-3.07036e-07,0.054975,-5.19483e-08,1.10879e-07,-5.19483e-08,0.0549745,0.0616083,6.53022e-09,0.0616083,-1.70379e-07,3.10684e-07,6.53022e-09,3.10684e-07,1.40747e-07,0.0616087,1.28751e-08,-2.04413e-07,-6.70757e-08,0.0616087,-6.70757e-08,1.44832e-07,0.0616083,-1.70379e-07,3.10684e-07,6.53022e-09,3.10684e-07,1.40747e-07,0.126403,2.74514e-07,6.5894e-08,2.74514e-07,0.0549749,0.0616086,-3.59104e-08,0.0616086,5.66523e-07,0.0616087,-6.70757e-08,1.44832e-07,0.0616086,5.66523e-07,0.126403
0.121803,0.0519367,-1.059e-08,-2.12185e-07,-1.059e-08,0.0248186,1.04479e-07,-2.12185e-07,1.04479e-07,0.0248191,0.0253704,7.63374e-09,0.0253704,-1.53191e-07,6.79247e-08,7.63374e-09,6.79247e-08,-1.33168e-07,0.0253705,5.72067e-08,-2.69055e-07,-6.73889e-08,0.0253705,-6.73889e-08,1.96921e-08,0.0253704,-1.53191e-07,6.79247e-08,7.63374e-09,6.79247e-08,-1.33168e-07,0.0519366,8.93521e-08,7.00736e-08,8.93521e-08,0.0248187,0.0253705,-5.23859e-08,0.0253705,6.67189e-08,0.0253705,-6.73889e-08,1.96921e-08,0.0253705,6.67189e-08,0.0519366
0.426584,1.14302,5.78461e-08,-1.29745e-08,5.78461e-08,0.325453,-1.93903e-08,-1.29745e-08,-1.93903e-08,0.325453,0.489927,-4.99613e-08,0.489927,3.30212e-08,7.77683e-08,-4.99613e-08,7.77683e-08,2.54721e-08,0.489927,-4.58984e-08,-7.30658e-08,-2.18055e-08,0.489927,-2.18055e-08,1.67776e-08,0.489927,3.30212e-08,7.77683e-08,-4.99613e-08,7.77683e-08,2.54721e-08,1.14302,1.62006e-07,2.45265e-08,1.62006e-07,0.325454,0.489927,2.08841e-08,0.489927,4.18462e-08,0.489927,-2.18055e-08,1.67776e-08,0.489927,4.18462e-08,1.14302
0.381364,0.989919,2.12686e-07,-9.82704e-08,2.12686e-07,0.285764,-1.63464e-09,-9.82704e-08,-1.63464e-09,0.285765,0.430522,-7.05608e-08,0.430522,1.42295e-07,-1.53133e-08,-7.05608e-08,-1.53133e-08,8.51035e-08,0.430522,-1.027e-07,-4.51747e-08,-3.97938e-09,0.430522,-3.97938e-09,-3.69857e-09,0.430522,1.42295e-07,-1.53133e-08,-7.05608e-08,-1.53133e-08,8.51035e-08,0.989919,-2.10244e-08,6.79487e-08,-2.10244e-08,0.285765,0.430522,2.20211e-08,0.430522,1.82189e-07,0.430522,-3.97938e-09,-3.69857e-09,0.430522,1.82189e-07,0.989919
0.336145,0.736144,1.59553e-07,-4.72598e-08,1.59553e-07,0.221211,4.44328e-09,-4.72598e-08,4.44328e-09,0.221212,0.330971,1.29953e-08,0.330971,5.17781e-08,-7.49223e-08,1.29953e-08,-7.49223e-08,-3.92548e-07,0.330971,1.82457e-09,2.04569e-07,5.79699e-08,0.330971,5.79699e-08,8.11887e-09,0.330971,5.17781e-08,-7.49223e-08,1.29953e-08,-7.49223e-08,-3.92548e-07,0.736144,-3.54283e-07,-4.38045e-08,-3.54283e-07,0.221211,0.330971,7.64692e-09,0.330971,-2.8744e-07,0.330971,5.79699e-08,8.11887e-09,0.330971,-2.8744e-07,0.736144
0.290926,0.517335,3.39085e-07,2.92425e-07,3.39085e-07,0.167623,-6.46621e-08,2.92425e-07,-6.46621e-08,0.167624,0.241304,-3.70913e-07,0.241304,-2.70268e-07,1.36286e-08,-3.70913e-07,1.36286e-08,-6.59171e-07,0.241304,-4.76944e-07,-3.32628e-07,-1.28953e-07,0.241304,-1.28953e-07,2.89698e-07,0.241304,-2.70268e-07,1.36286e-08,-3.70913e-07,1.36286e-08,-6.59171e-07,0.517334,-4.54062e-07,-2.87388e-07,-4.54062e-07,0.167624,0.241304,-2.75106e-07,0.241304,-2.22659e-07,0.241304,-1.28953e-07,2.89698e-07,0.241304,-2.22659e-07,0.517335
0.245707,0.336971,3.72092e-07,3.80641e-07,3.72092e-07,0.118807,1.94136e-07,3.80641e-07,1.94136e-07,0.118806,0.159174,-1.6464e-07,0.159174,-1.98629e-07,3.08147e-07,-1.6464e-07,3.08147e-07,2.5428e-07,0.159174,-1.56798e-07,-1.79653e-07,-3.20525e-07,0.159174,-3.20525e-07,1.88433e-07,0.159174,-1.98629e-07,3.08147e-07,-1.6464e-07,3.08147e-07,2.5428e-07,0.336971,-1.38995e-07,-2.95408e-07,-1.38995e-07,0.118807,0.159175,-1.34745e-08,0.159175,-1.89573e-07,0.159174,-3.20525e-07,1.88433e-07,0.159175,-1.89573e-07,0.336972
0.200488,0.187535,-5.77438e-07,-2.44391e-07,-5.77438e-07,0.0733647,1.70475e-07,-2.44391e-07,1.70475e-07,0.0733632,0.0873752,-1.08431e-07,0.0873752,-1.23269e-07,4.74594e-07,-1.08431e-07,4.74594e-07,5.03632e-07,0.0873755,4.91494e-07,2.64182e-07,1.26099e-07,0.0873755,1.26099e-07,-4.9764e-09,0.0873752,-1.23269e-07,4.74594e-07,-1.08431e-07,4.74594e-07,5.03632e-07,0.187535,2.53064e-07,2.97986e-07,2.53064e-07,0.0733641,0.0873754,5.97345e-08,0.0873754,3.53554e-07,0.0873755,1.26099e-07,-4.9764e-09,0.0873754,3.53554e-07,0.187535
0.155269,0.0840736,-3.45034e-07,-1.24573e-08,-3.45034e-07,0.0371481,6.35826e-09,-1.24573e-08,6.35826e-09,0.0371483,0.0392434,3.00316e-07,0.0392434,-1.18125e-08,1.99368e-07,3.00316e-07,1.99368e-07,-5.05629e-07,0.0392435,2.79561e-07,-1.45224e-07,-1.68203e-07,0.0392435,-1.68203e-07,2.49536e-07,0.0392434,-1.18125e-08,1.99368e-07,3.00316e-07,1.99368e-07,-5.05629e-07,0.0840742,-4.86178e-08,-1.45439e-10,-4.86178e-08,0.037148,0.0392436,-8.6106e-08,0.0392436,-5.6144e-08,0.0392435,-1.68203e-07,2.49536e-07,0.0392436,-5.6144e-08,0.0840741
0.110049,0.0519367,-1.059e-08,-2.12185e-07,-1.059e-08,0.0248186,1.04479e-07,-2.12185e-07,1.04479e-07,0.0248191,0.0253704,7.63374e-09,0.0253704,-1.53191e-07,6.79247e-08,7.63374e-09,6.79247e-08,-1.33168e-07,0.0253705,5.72067e-08,-2.69055e-07,-6.73889e-08,0.0253705,-6.73889e-08,1.96921e-08,0.0253704,-1.53191e-07,6.79247e-08,7.63374e-09,6.79247e-08,-1.33168e-07,0.0519366,8.93521e-08,7.00736e-08,8.93521e-08,0.0248187,0.0253705,-5.23859e-08,0.0253705,6.67189e-08,0.0253705,-6.73889e-08,1.96921e-08,0.0253705,6.67189e-08,0.0519366
0.41483,1.1251,6.25613e-08,-2.11678e-08,6.25613e-08,0.320746,-2.03003e-08,-2.11678e-08,-2.03003e-08,0.320746,0.483527,-5.12956e-08,0.483527,4.9425e-08,9.06209e-08,-5.12956e-08,9.06209e-08,3.08308e-08,0.483527,-5.02884e-08,-7.85382e-08,-3.57075e-08,0.483527,-3.57075e-08,1.83874e-08,0.483527,4.9425e-08,9.06209e-08,-5.12956e-08,9.06209e-08,3.08308e-08,1.1251,1.69974e-07,1.73474e-08,1.69974e-07,0.320747,0.483527,1.27731e-08,0.483527,2.91644e-08,0.483527,-3.57075e-08,1.83874e-08,0.483527,2.91644e-08,1.1251
0.369611,0.966929,1.99152e-07,-1.06297e-07,1.99152e-07,0.279417,-6.59364e-10,-1.06297e-07,-6.59364e-10,0.279417,0.421528,-7.47895e-08,0.421528,9.54423e-08,-1.63225e-08,-7.47895e-08,-1.63225e-08,7.92364e-08,0.421528,-1.21936e-07,9.56348e-09,-2.51243e-08,0.421528,-2.51243e-08,-6.94174e-09,0.421528,9.54423e-08,-1.63225e-08,-7.47895e-08,-1.63225e-08,7.92364e-08,0.966929,-2.27047e-08,4.12859e-08,-2.27047e-08,0.279417,0.421528,8.70712e-09,0.421528,1.64903e-07,0.421528,-2.51243e-08,-6.94174e-09,0.421528,1.64903e-07,0.966929
0.324392,0.704711,8.89649e-08,-3.34247e-08,8.89649e-08,0.21247,-4.98058e-08,-3.34247e-08,-4.98058e-08,0.212471,0.317261,-1.95722e-09,0.317261,3.81472e-08,-3.55154e-08,-1.95722e-09,-3.55154e-08,-5.0057e-07,0.317261,-1.43074e-08,2.16395e-07,-3.31006e-08,0.317261,-3.31006e-08,3.87306e-08,0.317261,3.81472e-08,-3.55154e-08,-1.95722e-09,-3.55154e-08,-5.0057e-07,0.704711,-3.59012e-07,-6.08585e-08,-3.59012e-07,0.21247,0.317261,-2.24959e-08,0.317261,-3.65157e-07,0.317261,-3.31006e-08,3.87306e-08,0.317261,-3.65157e-07,0.704711
0.279173,0.423054,4.58332e-07,2.65398e-07,4.58332e-07,0.138634,-1.76497e-07,2.65398e-07,-1.76497e-07,0.138633,0.194781,-3.88414e-07,0.194781,-4.01834e-09,2.02983e-07,-3.88414e-07,2.02983e-07,-3.75272e-07,0.194781,-3.58539e-07,-1.45381e-07,-3.4025e-07,0.194781,-3.4025e-07,1.89815e-07,0.194781,-4.01834e-09,2.02983e-07,-3.88414e-07,2.02983e-07,-3.75272e-07,0.423052,-3.6037e-07,-3.52081e-07,-3.6037e-07,0.138634,0.194781,-2.08791e-07,0.194781,-3.36052e-08,0.194781,-3.4025e-07,1.89815e-07,0.194781,-3.36052e-08,0.423053
0.233953,0.261061,9.71779e-09,-1.30279e-07,9.71779e-09,0.0984203,-1.07957e-07,-1.30279e-07,-1.07957e-07,0.0984193,0.124456,2.8984e-08,0.124456,-7.88217e-08,3.87587e-07,2.8984e-08,3.87587e-07,5.17884e-07,0.124456,2.64789e-08,-1.78925e-07,-3.36902e-07,0.124456,-3.36902e-07,1.1865e-07,0.124456,-7.88217e-08,3.87587e-07,2.8984e-08,3.87587e-07,5.17884e-07,0.26106,1.19146e-07,-2.54164e-08,1.19146e-07,0.0984209,0.124456,4.26298e-07,0.124456,2.1928e-07,0.124456,-3.36902e-07,1.1865e-07,0.124456,2.1928e-07,0.26106
0.188734,0.164856,-5.61245e-07,-9.86359e-08,-5.61245e-07,0.0677216,1.0778e-07,-9.86359e-08,1.0778e-07,0.0677206,0.0785988,-1.35854e-07,0.0785988,-3.23099e-07,3.86994e-07,-1.35854e-07,3.86994e-07,5.39894e-07,0.0785991,2.41368e-07,4.71822e-07,1.34152e-07,0.0785991,1.34152e-07,6.7459e-08,0.0785988,-3.23099e-07,3.86994e-07,-1.35854e-07,3.86994e-07,5.39894e-07,0.164856,2.19148e-07,3.07283e-07,2.19148e-07,0.0677211,0.0785989,2.16568e-08,0.0785989,5.25579e-07,0.0785991,1.34152e-07,6.7459e-08,0.0785989,5.25579e-07,0.164856
0.143515,0.0840736,-3.45034e-07,-1.24573e-08,-3.45034e-07,0.0371481,6.35826e-09,-1.24573e-08,6.35826e-09,0.0371483,0.0392434,3.00316e-07,0.0392434,-1.18125e-08,1.99368e-07,3.00316e-07,1.99368e-07,-5.05629e-07,0.0392435,2.79561e-07,-1.45224e-07,-1.68203e-07,0.0392435,-1.68203e-07,2.49536e-07,0.0392434,-1.18125e-08,1.99368e-07,3.00316e-07,1.99368e-07,-5.05629e-07,0.0840742,-4.86178e-08,-1.45439e-10,-4.86178e-08,0.037148,0.0392436,-8.6106e-08,0.0392436,-5.6144e-08,0.0392435,-1.68203e-07,2.49536e-07,0.0392436,-5.6144e-08,0.0840741
0.448296,1.19609,-7.00147e-09,6.85766e-09,-7.00147e-09,0.340068,-3.52865e-08,6.85766e-09,-3.52865e-08,0.340067,0.512081,-1.05246e-08,0.512081,-4.16517e-09,3.79693e-08,-1.05246e-08,3.79693e-08,2.20871e-08,0.512081,9.07922e-09,-5.67343e-08,-2.63585e-08,0.512081,-2.63585e-08,1.98267e-08,0.512081,-4.16517e-09,3.79693e-08,-1.05246e-08,3.79693e-08,2.20871e-08,1.19609,1.42098e-07,-2.90131e-08,1.42098e-07,0.340068,0.512081,-4.04571e-08,0.512081,8.17546e-09,0.512081,-2.63585e-08,1.98267e-08,0.512081,8.17546e-09,1.19609
0.403077,1.06589,9.29114e-08,-4.18743e-08,9.29114e-08,0.304467,3.82353e-08,-4.18743e-08,3.82353e-08,0.304466,0.459915,-5.51833e-08,0.459915,1.05064e-07,1.06007e-07,-5.51833e-08,1.06007e-07,3.27748e-08,0.459915,-6.30361e-08,-5.94527e-08,-6.15412e-08,0.459915,-6.15412e-08,4.54377e-08,0.459915,1.05064e-07,1.06007e-07,-5.51833e-08,1.06007e-07,3.27748e-08,1.06589,1.70752e-07,4.70624e-08,1.70752e-07,0.304468,0.459915,6.9275e-09,0.459915,-1.98108e-08,0.459915,-6.15412e-08,4.54377e-08,0.459915,-1.98108e-08,1.06589
0.357857,0.916487,2.47827e-07,-2.09412e-07,2.47827e-07,0.26671,5.43274e-08,-2.09412e-07,5.43274e-08,0.26671,0.401697,-6.23895e-08,0.401697,1.1692e-07,-4.56979e-09,-6.23895e-08,-4.56979e-09,5.95346e-08,0.401697,-8.72003e-08,4.56485e-08,-3.67171e-08,0.401697,-3.67171e-08,2.26067e-10,0.401697,1.1692e-07,-4.56979e-09,-6.23895e-08,-4.56979e-09,5.95346e-08,0.916487,5.73277e-09,5.99588e-08,5.73277e-09,0.266711,0.401697,9.81361e-08,0.401697,1.14716e-07,0.401697,-3.67171e-08,2.26067e-10,0.401697,1.14716e-07,0.916487
0.312638,0.673413,2.83321e-07,2.15768e-08,2.83321e-07,0.206032,3.35163e-09,2.15768e-08,3.35163e-09,0.206033,0.305308,-2.35774e-08,0.305308,2.47683e-08,-8.3626e-08,-2.35774e-08,-8.3626e-08,-4.81853e-07,0.305308,-3.77095e-08,2.40508e-07,2.56483e-08,0.305308,2.56483e-08,1.25425e-08,0.305308,2.47683e-08,-8.3626e-08,-2.35774e-08,-8.3626e-08,-4.81853e-07,0.673413,-3.55228e-07,-1.4024e-07,-3.55228e-07,0.206032,0.305308,-6.17565e-08,0.305308,-3.66563e-07,0.305308,2.56483e-08,1.25425e-08,0.305308,-3.66563e-07,0.673413
0.267419,0.391782,4.52714e-07,2.4034e-07,4.52714e-07,0.131707,-2.07485e-07,2.4034e-07,-2.07485e-07,0.131706,0.181803,-3.37731e-07,0.181803,-2.21199e-08,3.6116e-07,-3.37731e-07,3.6116e-07,3.66148e-07,0.181804,-2.60811e-07,-1.13643e-07,-4.82358e-07,0.181804,-4.82358e-07,6.7231e-08,0.181803,-2.21199e-08,3.6116e-07,-3.37731e-07,3.6116e-07,3.66148e-07,0.391782,-3.68441e-07,-2.64359e-07,-3.68441e-07,0.131707,0.181803,-2.53527e-07,0.181803,-1.68717e-07,0.181804,-4.82358e-07,6.7231e-08,0.181803,-1.68717e-07,0.391782
0.2222,0.219028,-2.63525e-07,-3.88798e-09,-2.63525e-07,0.0855547,7.48902e-08,-3.88798e-09,7.48902e-08,0.0855534,0.105067,-1.64842e-07,0.105067,-6.38575e-08,3.18099e-07,-1.64842e-07,3.18099e-07,4.77797e-07,0.105067,2.34441e-07,-2.4432e-07,1.02727e-07,0.105067,1.02727e-07,1.43763e-07,0.105067,-6.38575e-08,3.18099e-07,-1.64842e-07,3.18099e-07,4.77797e-07,0.219029,1.91153e-08,-8.79878e-08,1.91153e-08,0.0855546,0.105067,3.14094e-07,0.105067,1.06792e-07,0.105067,1.02727e-07,1.43763e-07,0.105067,1.06792e-07,0.219029
0.176981,0.126402,-3.07036e-07,1.10879e-07,-3.07036e-07,0.054975,-5.19483e-08,1.10879e-07,-5.19483e-08,0.0549745,0.0616083,6.53022e-09,0.0616083,-1.70379e-07,3.10684e-07,6.53022e-09,3.10684e-07,1.40747e-07,0.0616087,1.28751e-08,-2.04413e-07,-6.70757e-08,0.0616087,-6.70757e-08,1.44832e-07,0.0616083,-1.70379e-07,3.10684e-07,6.53022e-09,3.10684e-07,1.40747e-07,0.126403,2.74514e-07,6.5894e-08,2.74514e-07,0.0549749,0.0616086,-3.59104e-08,0.0616086,5.66523e-07,0.0616087,-6.70757e-08,1.44832e-07,0.0616086,5.66523e-07,0.126403
0.131761,0.0677711,-2.09579e-07,-8.68479e-08,-2.09579e-07,0.0314462,2.23153e-07,-8.68479e-08,2.23153e-07,0.0314469,0.0330134,1.79248e-07,0.0330134,1.67973e-07,2.67023e-07,1.79248e-07,2.67023e-07,-7.26568e-07,0.0330135,1.58314e-07,-2.8179e-07,-1.78189e-08,0.0330135,-1.78189e-08,2.13699e-08,0.0330134,1.67973e-07,2.67023e-07,1.79248e-07,2.67023e-07,-7.26568e-07,0.0677715,-6.035e-08,8.3159e-08,-6.035e-08,0.0314466,0.0330135,-1.13369e-08,0.0330135,3.52524e-07,0.0330135,-1.78189e-08,2.13699e-08,0.0330135,3.52524e-07,0.0677711
0.436542,1.16528,3.13303e-08,1.41409e-08,3.13303e-08,0.332106,-2.98626e-08,1.41409e-08,-2.98626e-08,0.332106,0.498916,-2.01434e-08,0.498916,2.26234e-08,5.45922e-08,-2.01434e-08,5.45922e-08,3.697e-08,0.498915,-4.63619e-08,-7.45354e-08,-1.40605e-08,0.498915,-1.40605e-08,2.93335e-09,0.498916,2.26234e-08,5.45922e-08,-2.01434e-08,5.45922e-08,3.697e-08,1.16528,1.37335e-07,-1.21953e-08,1.37335e-07,0.332107,0.498915,-2.47158e-08,0.498915,5.6783e-08,0.498915,-1.40605e-08,2.93335e-09,0.498915,5.6783e-08,1.16528
0.391323,1.03364,1.65199e-07,-5.3234e-08,1.65199e-07,0.29699,3.01941e-08,-5.3234e-08,3.01941e-08,0.296989,0.44678,-8.06141e-08,0.44678,1.16306e-07,9.87108e-08,-8.06141e-08,9.87108e-08,7.88711e-08,0.44678,-9.15749e-08,-6.59742e-08,-6.42318e-08,0.44678,-6.42318e-08,2.93591e-08,0.44678,1.16306e-07,9.87108e-08,-8.06141e-08,9.87108e-08,7.88711e-08,1.03364,1.43611e-07,8.53457e-08,1.43611e-07,0.296991,0.44678,3.59665e-08,0.44678,7.631e-08,0.44678,-6.42318e-08,2.93591e-08,0.44678,7.631e-08,1.03364
0.346104,0.781943,1.87422e-07,-3.0836e-07,1.87422e-07,0.234609,-5.82659e-09,-3.0836e-07,-5.82659e-09,0.234609,0.350348,-9.63393e-10,0.350348,1.86776e-07,-6.01189e-08,-9.63393e-10,-6.01189e-08,-2.43514e-07,0.350348,3.78632e-09,2.44292e-07,5.90387e-08,0.350348,5.90387e-08,-3.56009e-09,0.350348,1.86776e-07,-6.01189e-08,-9.63393e-10,-6.01189e-08,-2.43514e-07,0.781942,-2.74975e-07,7.25405e-08,-2.74975e-07,0.234608,0.350348,9.56731e-08,0.350348,-1.65411e-07,0.350348,5.90387e-08,-3.56009e-09,0.350348,-1.65411e-07,0.781943
0.300885,0.544223,3.06881e-07,3.27764e-07,3.06881e-07,0.176266,-7.89343e-10,3.27764e-07,-7.89343e-10,0.176269,0.254055,-3.20571e-07,0.254055,-5.99411e-07,-1.46863e-08,-3.20571e-07,-1.46863e-08,-5.36779e-07,0.254055,-3.95834e-07,-2.09391e-07,-1.17474e-07,0.254055,-1.17474e-07,2.27379e-07,0.254055,-5.99411e-07,-1.46863e-08,-3.20571e-07,-1.46863e-08,-5.36779e-07,0.544222,-4.02371e-07,-2.63831e-07,-4.02371e-07,0.176268,0.254055,-1.73493e-07,0.254055,-1.66264e-07,0.254055,-1.17474e-07,2.27379e-07,0.254055,-1.66264e-07,0.544222
0.255665,0.336971,3.72092e-07,3.80641e-07,3.72092e-07,0.118807,1.94136e-07,3.80641e-07,1.94136e-07,0.118806,0.159174,-1.6464e-07,0.159174,-1.98629e-07,3.08147e-07,-1.6464e-07,3.08147e-07,2.5428e-07,0.159174,-1.56798e-07,-1.79653e-07,-3.20525e-07,0.159174,-3.20525e-07,1.88433e-07,0.159174,-1.98629e-07,3.08147e-07,-1.6464e-07,3.08147e-07,2.5428e-07,0.336971,-1.38995e-07,-2.95408e-07,-1.38995e-07,0.118807,0.159175,-1.34745e-08,0.159175,-1.89573e-07,0.159174,-3.20525e-07,1.88433e-07,0.159175,-1.89573e-07,0.336972
0.210446,0.210114,-2.85242e-07,-5.35644e-08,-2.85242e-07,0.080739,7.45891e-08,-5.35644e-08,7.45891e-08,0.0807374,0.0986728,-1.95728e-07,0.0986728,-1.06034e-07,5.0723e-07,-1.95728e-07,5.0723e-07,5.8536e-07,0.098673,4.07431e-07,-3.07211e-08,1.82675e-08,0.098673,1.82675e-08,1.57511e-07,0.0986728,-1.06034e-07,5.0723e-07,-1.95728e-07,5.0723e-07,5.8536e-07,0.210114,1.33756e-07,-3.85813e-08,1.33756e-07,0.0807389,0.0986725,2.0281e-07,0.0986725,1.69224e-07,0.098673,1.82675e-08,1.57511e-07,0.0986725,1.69224e-07,0.210114
0.165227,0.126402,-3.07036e-07,1.10879e-07,-3.07036e-07,0.054975,-5.19483e-08,1.10879e-07,-5.19483e-08,0.0549745,0.0616083,6.53022e-09,0.0616083,-1.70379e-07,3.10684e-07,6.53022e-09,3.10684e-07,1.40747e-07,0.0616087,1.28751e-08,-2.04413e-07,-6.70757e-08,0.0616087,-6.70757e-08,1.44832e-07,0.0616083,-1.70379e-07,3.10684e-07,6.53022e-09,3.10684e-07,1.40747e-07,0.126403,2.74514e-07,6.5894e-08,2.74514e-07,0.0549749,0.0616086,-3.59104e-08,0.0616086,5.66523e-07,0.0616087,-6.70757e-08,1.44832e-07,0.0616086,5.66523e-07,0.126403
0.120008,0.0519367,-1.059e-08,-2.12185e-07,-1.059e-08,0.0248186,1.04479e-07,-2.12185e-07,1.04479e-07,0.0248191,0.0253704,7.63374e-09,0.0253704,-1.53191e-07,6.79247e-08,7.63374e-09,6.79247e-08,-1.33168e-07,0.0253705,5.72067e-08,-2.69055e-07,-6.73889e-08,0.0253705,-6.73889e-08,1.96921e-08,0.0253704,-1.53191e-07,6.79247e-08,7.63374e-09,6.79247e-08,-1.33168e-07,0.0519366,8.93521e-08,7.00736e-08,8.93521e-08,0.0248187,0.0253705,-5.23859e-08,0.0253705,6.67189e-08,0.0253705,-6.73889e-08,1.96921e-08,0.0253705,6.67189e-08,0.0519366
0.424789,1.14302,5.78461e-08,-1.29745e-08,5.78461e-08,0.325453,-1.93903e-08,-1.29745e-08,-1.93903e-08,0.325453,0.489927,-4.99613e-08,0.489927,3.30212e-08,7.77683e-08,-4.99613e-08,7.77683e-08,2.54721e-08,0.489927,-4.58984e-08,-7.30658e-08,-2.18055e-08,0.489927,-2.18055e-08,1.67776e-08,0.489927,3.30212e-08,7.77683e-08,-4.99613e-08,7.77683e-08,2.54721e-08,1.14302,1.62006e-07,2.45265e-08,1.62006e-07,0.325454,0.489927,2.08841e-08,0.489927,4.18462e-08,0.489927,-2.18055e-08,1.67776e-08,0.489927,4.18462e-08,1.14302
0.37957,0.989919,2.12686e-07,-9.82704e-08,2.12686e-07,0.285764,-1.63464e-09,-9.82704e-08,-1.63464e-09,0.285765,0.430522,-7.05608e-08,0.430522,1.42295e-07,-1.53133e-08,-7.05608e-08,-1.53133e-08,8.51035e-08,0.430522,-1.027e-07,-4.51747e-08,-3.97938e-09,0.430522,-3.97938e-09,-3.69857e-09,0.430522,1.42295e-07,-1.53133e-08,-7.05608e-08,-1.53133e-08,8.51035e-08,0.989919,-2.10244e-08,6.79487e-08,-2.10244e-08,0.285765,0.430522,2.20211e-08,0.430522,1.82189e-07,0.430522,-3.97938e-09,-3.69857e-09,0.430522,1.82189e-07,0.989919
0.33435,0.736144,1.59553e-07,-4.72598e-08,1.59553e-07,0.221211,4.44328e-09,-4.72598e-08,4.44328e-09,0.221212,0.330971,1.29953e-08,0.330971,5.17781e-08,-7.49223e-08,1.29953e-08,-7.49223e-08,-3.92548e-07,0.330971,1.82457e-09,2.04569e-07,5.79699e-08,0.330971,5.79699e-08,8.11887e-09,0.330971,5.17781e-08,-7.49223e-08,1.29953e-08,-7.49223e-08,-3.92548e-07,0.736144,-3.54283e-07,-4.38045e-08,-3.54283e-07,0.221211,0.330971,7.64692e-09,0.330971,-2.8744e-07,0.330971,5.79699e-08,8.11887e-09,0.330971,-2.8744e-07,0.736144
0.289131,0.517335,3.39085e-07,2.92425e-07,3.39085e-07,0.167623,-6.46621e-08,2.92425e-07,-6.46621e-08,0.167624,0.241304,-3.70913e-07,0.241304,-2.70268e-07,1.36286e-08,-3.70913e-07,1.36286e-08,-6.59171e-07,0.241304,-4.76944e-07,-3.32628e-07,-1.28953e-07,0.241304,-1.28953e-07,2.89698e-07,0.241304,-2.70268e-07,1.36286e-08,-3.70913e-07,1.36286e-08,-6.59171e-07,0.517334,-4.54062e-07,-2.87388e-07,-4.54062e-07,0.167624,0.241304,-2.75106e-07,0.241304,-2.22659e-07,0.241304,-1.28953e-07,2.89698e-07,0.241304,-2.22659e-07,0.517335
0.243912,0.336971,3.72092e-07,3.80641e-07,3.72092e-07,0.118807,1.94136e-07,3.80641e-07,1.94136e-07,0.118806,0.159174,-1.6464e-07,0.159174,-1.98629e-07,3.08147e-07,-1.6464e-07,3.08147e-07,2.5428e-07,0.159174,-1.56798e-07,-1.79653e-07,-3.20525e-07,0.159174,-3.20525e-07,1.88433e-07,0.159174,-1.98629e-07,3.08147e-07,-1.6464e-07,3.08147e-07,2.5428e-07,0.336971,-1.38995e-07,-2.95408e-07,-1.38995e-07,0.118807,0.159175,-1.34745e-08,0.159175,-1.89573e-07,0.159174,-3.20525e-07,1.88433e-07,0.159175,-1.89573e-07,0.336972
0.198693,0.164856,-5.61245e-07,-9.86359e-08,-5.61245e-07,0.0677216,1.0778e-07,-9.86359e-08,1.0778e-07,0.0677206,0.0785988,-1.35854e-07,0.0785988,-3.23099e-07,3.86994e-07,-1.35854e-07,3.86994e-07,5.39894e-07,0.0785991,2.41368e-07,4.71822e-07,1.34152e-07,0.0785991,1.34152e-07,6.7459e-08,0.0785988,-3.23099e-07,3.86994e-07,-1.35854e-07,3.86994e-07,5.39894e-07,0.164856,2.19148e-07,3.07283e-07,2.19148e-07,0.0677211,0.0785989,2.16568e-08,0.0785989,5.25579e-07,0.0785991,1.34152e-07,6.7459e-08,0.0785989,5.25579e-07,0.164856
0.153474,0.0840736,-3.45034e-07,-1.24573e-08,-3.45034e-07,0.0371481,6.35826e-09,-1.24573e-08,6.35826e-09,0.0371483,0.0392434,3.00316e-07,0.0392434,-1.18125e-08,1.99368e-07,3.00316e-07,1.99368e-07,-5.05629e-07,0.0392435,2.79561e-07,-1.45224e-07,-1.68203e-07,0.0392435,-1.68203e-07,2.49536e-07,0.0392434,-1.18125e-08,1.99368e-07,3.00316e-07,1.99368e-07,-5.05629e-07,0.0840742,-4.86178e-08,-1.45439e-10,-4.86178e-08,0.037148,0.0392436,-8.6106e-08,0.0392436,-5.6144e-08,0.0392435,-1.68203e-07,2.49536e-07,0.0392436,-5.6144e-08,0.0840741
0.108254,0.0519367,-1.059e-08,-2.12185e-07,-1.059e-08,0.0248186,1.04479e-07,-2.12185e-07,1.04479e-07,0.0248191,0.0253704,7.63374e-09,0.0253704,-1.53191e-07,6.79247e-08,7.63374e-09,6.79247e-08,-1.33168e-07,0.0253705,5.72067e-08,-2.69055e-07,-6.73889e-08,0.0253705,-6.73889e-08,1.96921e-08,0.0253704,-1.53191e-07,6.79247e-08,7.63374e-09,6.79247e-08,-1.33168e-07,0.0519366,8.93521e-08,7.00736e-08,8.93521e-08,0.0248187,0.0253705,-5.23859e-08,0.0253705,6.67189e-08,0.0253705,-6.73889e-08,1.96921e-08,0.0253705,6.67189e-08,0.0519366
0.413035,1.1251,6.25613e-08,-2.11678e-08,6.25613e-08,0.320746,-2.03003e-08,-2.11678e-08,-2.03003e-08,0.320746,0.483527,-5.12956e-08,0.483527,4.9425e-08,9.06209e-08,-5.12956e-08,9.06209e-08,3.08308e-08,0.483527,-5.02884e-08,-7.85382e-08,-3.57075e-08,0.483527,-3.57075e-08,1.83874e-08,0.483527,4.9425e-08,9.06209e-08,-5.12956e-08,9.06209e-08,3.08308e-08,1.1251,1.69974e-07,1.73474e-08,1.69974e-07,0.320747,0.483527,1.27731e-08,0.483527,2.91644e-08,0.483527,-3.57075e-08,1.83874e-08,0.483527,2.91644e-08,1.1251
0.367816,0.948658,1.06838e-07,-1.10602e-07,1.06838e-07,0.274803,1.38795e-08,-1.10602e-07,1.38795e-08,0.274802,0.415002,-5.18158e-08,0.415002,1.01165e-07,-6.82361e-10,-5.18158e-08,-6.82361e-10,8.01721e-08,0.415003,-9.32274e-08,1.49272e-08,-5.16367e-08,0.415003,-5.16367e-08,-2.07975e-08,0.415002,1.01165e-07,-6.82361e-10,-5.18158e-08,-6.82361e-10,8.01721e-08,0.948658,-2.38076e-08,2.32945e-08,-2.38076e-08,0.274803,0.415002,-1.57145e-08,0.415002,1.54395e-07,0.415003,-5.16367e-08,-2.07975e-08,0.415002,1.54395e-07,0.948658
0.322597,0.673413,2.83321e-07,2.15768e-08,2.83321e-07,0.206032,3.35163e-09,2.15768e-08,3.35163e-09,0.206033,0.305308,-2.35774e-08,0.305308,2.47683e-08,-8.3626e-08,-2.35774e-08,-8.3626e-08,-4.81853e-07,0.305308,-3.77095e-08,2.40508e-07,2.56483e-08,0.305308,2.56483e-08,1.25425e-08,0.305308,2.47683e-08,-8.3626e-08,-2.35774e-08,-8.3626e-08,-4.81853e-07,0.673413,-3.55228e-07,-1.4024e-07,-3.55228e-07,0.206032,0.305308,-6.17565e-08,0.305308,-3.66563e-07,0.305308,2.56483e-08,1.25425e-08,0.305308,-3.66563e-07,0.673413
0.277378,0.423054,4.58332e-07,2.65398e-07,4.58332e-07,0.138634,-1.76497e-07,2.65398e-07,-1.76497e-07,0.138633,0.194781,-3.88414e-07,0.194781,-4.01834e-09,2.02983e-07,-3.88414e-07,2.02983e-07,-3.75272e-07,0.194781,-3.58539e-07,-1.45381e-07,-3.4025e-07,0.194781,-3.4025e-07,1.89815e-07,0.194781,-4.01834e-09,2.02983e-07,-3.88414e-07,2.02983e-07,-3.75272e-07,0.423052,-3.6037e-07,-3.52081e-07,-3.6037e-07,0.138634,0.194781,-2.08791e-07,0.194781,-3.36052e-08,0.194781,-3.4025e-07,1.89815e-07,0.194781,-3.36052e-08,0.423053
0.232158,0.261061,9.71779e-09,-1.30279e-07,9.71779e-09,0.0984203,-1.07957e-07,-1.30279e-07,-1.07957e-07,0.0984193,0.124456,2.8984e-08,0.124456,-7.88217e-08,3.87587e-07,2.8984e-08,3.87587e-07,5.17884e-07,0.124456,2.64789e-08,-1.78925e-07,-3.36902e-07,0.124456,-3.36902e-07,1.1865e-07,0.124456,-7.88217e-08,3.87587e-07,2.8984e-08,3.87587e-07,5.17884e-07,0.26106,1.19146e-07,-2.54164e-08,1.19146e-07,0.0984209,0.124456,4.26298e-07,0.124456,2.1928e-07,0.124456,-3.36902e-07,1.1865e-07,0.124456,2.1928e-07,0.26106
0.186939,0.164856,-5.61245e-07,-9.86359e-08,-5.61245e-07,0.0677216,1.0778e-07,-9.86359e-08,1.0778e-07,0.0677206,0.0785988,-1.35854e-07,0.0785988,-3.23099e-07,3.86994e-07,-1.35854e-07,3.86994e-07,5.39894e-07,0.0785991,2.41368e-07,4.71822e-07,1.34152e-07,0.0785991,1.34152e-07,6.7459e-08,0.0785988,-3.23099e-07,3.86994e-07,-1.35854e-07,3.86994e-07,5.39894e-07,0.164856,2.19148e-07,3.07283e-07,2.19148e-07,0.0677211,0.0785989,2.16568e-08,0.0785989,5.25579e-07,0.0785991,1.34152e-07,6.7459e-08,0.0785989,5.25579e-07,0.164856
0.14172,0.0840736,-3.45034e-07,-1.24573e-08,-3.45034e-07,0.0371481,6.35826e-09,-1.24573e-08,6.35826e-09,0.0371483,0.0392434,3.00316e-07,0.0392434,-1.18125e-08,1.99368e-07,3.00316e-07,1.99368e-07,-5.05629e-07,0.0392435,2.79561e-07,-1.45224e-07,-1.68203e-07,0.0392435,-1.68203e-07,2.49536e-07,0.0392434,-1.18125e-08,1.99368e-07,3.00316e-07,1.99368e-07,-5.05629e-07,0.0840742,-4.86178e-08,-1.45439e-10,-4.86178e-08,0.037148,0.0392436,-8.6106e-08,0.0392436,-5.6144e-08,0.0392435,-1.68203e-07,2.49536e-07,0.0392436,-5.6144e-08,0.0840741
0.446501,1.19609,-7.00147e-09,6.85766e-09,-7.00147e-09,0.340068,-3.52865e-08,6.85766e-09,-3.52865e-08,0.340067,0.512081,-1.05246e-08,0.512081,-4.16517e-09,3.79693e-08,-1.05246e-08,3.79693e-08,2.20871e-08,0.512081,9.07922e-09,-5.67343e-08,-2.63585e-08,0.512081,-2.63585e-08,1.98267e-08,0.512081,-4.16517e-09,3.79693e-08,-1.05246e-08,3.79693e-08,2.20871e-08,1.19609,1.42098e-07,-2.90131e-08,1.42098e-07,0.340068,0.512081,-4.04571e-08,0.512081,8.17546e-09,0.512081,-2.63585e-08,1.98267e-08,0.512081,8.17546e-09,1.19609
0.401282,1.06589,9.29114e-08,-4.18743e-08,9.29114e-08,0.304467,3.82353e-08,-4.18743e-08,3.82353e-08,0.304466,0.459915,-5.51833e-08,0.459915,1.05064e-07,1.06007e-07,-5.51833e-08,1.06007e-07,3.27748e-08,0.459915,-6.30361e-08,-5.94527e-08,-6.15412e-08,0.459915,-6.15412e-08,4.54377e-08,0.459915,1.05064e-07,1.06007e-07,-5.51833e-08,1.06007e-07,3.27748e-08,1.06589,1.70752e-07,4.70624e-08,1.70752e-07,0.304468,0.459915,6.9275e-09,0.459915,-1.98108e-08,0.459915,-6.15412e-08,4.54377e-08,0.459915,-1.98108e-08,1.06589
0.356062,0.895574,2.09001e-07,-2.35818e-07,2.09001e-07,0.261467,7.25611e-08,-2.35818e-07,7.25611e-08,0.261467,0.393715,-5.44437e-08,0.393715,1.45788e-07,1.11724e-09,-5.44437e-08,1.11724e-09,4.54841e-08,0.393715,-7.91144e-08,5.84194e-08,-5.69037e-08,0.393715,-5.69037e-08,-6.87824e-09,0.393715,1.45788e-07,1.11724e-09,-5.44437e-08,1.11724e-09,4.54841e-08,0.895574,-8.60825e-09,5.82402e-08,-8.60825e-09,0.261468,0.393715,1.07357e-07,0.393715,9.63787e-08,0.393715,-5.69037e-08,-6.87824e-09,0.393715,9.63787e-08,0.895574
0.310843,0.579668,3.52156e-07,1.14057e-07,3.52156e-07,0.183724,-5.52255e-09,1.14057e-07,-5.52255e-09,0.183726,0.268076,-4.74357e-08,0.268076,-3.97806e-07,1.4343e-10,-4.74357e-08,1.4343e-10,-5.11603e-07,0.268076,-2.65275e-07,-2.24882e-07,-1.09976e-07,0.268076,-1.09976e-07,3.05701e-07,0.268076,-3.97806e-07,1.4343e-10,-4.74357e-08,1.4343e-10,-5.11603e-07,0.579667,-3.63514e-07,-2.73547e-07,-3.63514e-07,0.183726,0.268076,-1.75772e-07,0.268076,-3.32527e-08,0.268076,-1.09976e-07,3.05701e-07,0.268076,-3.32527e-08,0.579667
0.265624,0.364506,2.28021e-07,2.81052e-07,2.28021e-07,0.127648,-2.59338e-08,2.81052e-07,-2.59338e-08,0.127648,0.173534,-2.36077e-07,0.173534,-2.27371e-07,3.416e-07,-2.36077e-07,3.416e-07,3.59199e-07,0.173534,-1.53397e-07,-2.26947e-07,-4.37409e-07,0.173534,-4.37409e-07,1.90085e-07,0.173534,-2.27371e-07,3.416e-07,-2.36077e-07,3.416e-07,3.59199e-07,0.364506,-3.27475e-07,-3.2258e-07,-3.27475e-07,0.127648,0.173534,-2.36864e-07,0.173534,-1.64397e-07,0.173534,-4.37409e-07,1.90085e-07,0.173534,-1.64397e-07,0.364506
0.220405,0.219028,-2.63525e-07,-3.88798e-09,-2.63525e-07,0.0855547,7.48902e-08,-3.88798e-09,7.48902e-08,0.0855534,0.105067,-1.64842e-07,0.105067,-6.38575e-08,3.18099e-07,-1.64842e-07,3.18099e-07,4.77797e-07,0.105067,2.34441e-07,-2.4432e-07,1.02727e-07,0.105067,1.02727e-07,1.43763e-07,0.105067,-6.38575e-08,3.18099e-07,-1.64842e-07,3.18099e-07,4.77797e-07,0.219029,1.91153e-08,-8.79878e-08,1.91153e-08,0.0855546,0.105067,3.14094e-07,0.105067,1.06792e-07,0.105067,1.02727e-07,1.43763e-07,0.105067,1.06792e-07,0.219029
0.175186,0.126402,-3.07036e-07,1.10879e-07,-3.07036e-07,0.054975,-5.19483e-08,1.10879e-07,-5.19483e-08,0.0549745,0.0616083,6.53022e-09,0.0616083,-1.70379e-07,3.10684e-07,6.53022e-09,3.10684e-07,1.40747e-07,0.0616087,1.28751e-08,-2.04413e-07,-6.70757e-08,0.0616087,-6.70757e-08,1.44832e-07,0.0616083,-1.70379e-07,3.10684e-07,6.53022e-09,3.10684e-07,1.40747e-07,0.126403,2.74514e-07,6.5894e-08,2.74514e-07,0.0549749,0.0616086,-3.59104e-08,0.0616086,5.66523e-07,0.0616087,-6.70757e-08,1.44832e-07,0.0616086,5.66523e-07,0.126403
0.129966,0.0677711,-2.09579e-07,-8.68479e-08,-2.09579e-07,0.0314462,2.23153e-07,-8.68479e-08,2.23153e-07,0.0314469,0.0330134,1.79248e-07,0.0330134,1.67973e-07,2.67023e-07,1.79248e-07,2.67023e-07,-7.26568e-07,0.0330135,1.58314e-07,-2.8179e-07,-1.78189e-08,0.0330135,-1.78189e-08,2.13699e-08,0.0330134,1.67973e-07,2.67023e-07,1.79248e-07,2.67023e-07,-7.26568e-07,0.0677715,-6.035e-08,8.3159e-08,-6.035e-08,0.0314466,0.0330135,-1.13369e-08,0.0330135,3.52524e-07,0.0330135,-1.78189e-08,2.13699e-08,0.0330135,3.52524e-07,0.0677711
0.434747,1.16528,3.13303e-08,1.41409e-08,3.13303e-08,0.332106,-2.98626e-08,1.41409e-08,-2.98626e-08,0.332106,0.498916,-2.01434e-08,0.498916,2.26234e-08,5.45922e-08,-2.01434e-08,5.45922e-08,3.697e-08,0.498915,-4.63619e-08,-7.45354e-08,-1.40605e-08,0.498915,-1.40605e-08,2.93335e-09,0.498916,2.26234e-08,5.45922e-08,-2.01434e-08,5.45922e-08,3.697e-08,1.16528,1.37335e-07,-1.21953e-08,1.37335e-07,0.332107,0.498915,-2.47158e-08,0.498915,5.6783e-08,0.498915,-1.40605e-08,2.93335e-09,0.498915,5.6783e-08,1.16528
0.389528,1.03364,1.65199e-07,-5.3234e-08,1.65199e-07,0.29699,3.01941e-08,-5.3234e-08,3.01941e-08,0.296989,0.44678,-8.06141e-08,0.44678,1.16306e-07,9.87108e-08,-8.06141e-08,9.87108e-08,7.88711e-08,0.44678,-9.15749e-08,-6.59742e-08,-6.42318e-08,0.44678,-6.42318e-08,2.93591e-08,0.44678,1.16306e-07,9.87108e-08,-8.06141e-08,9.87108e-08,7.88711e-08,1.03364,1.43611e-07,8.53457e-08,1.43611e-07,0.296991,0.44678,3.59665e-08,0.44678,7.631e-08,0.44678,-6.42318e-08,2.93591e-08,0.44678,7.631e-08,1.03364
0.344309,0.781943,1.87422e-07,-3.0836e-07,1.87422e-07,0.234609,-5.82659e-09,-3.0836e-07,-5.82659e-09,0.234609,0.350348,-9.63393e-10,0.350348,1.86776e-07,-6.01189e-08,-9.63393e-10,-6.01189e-08,-2.43514e-07,0.350348,3.78632e-09,2.44292e-07,5.90387e-08,0.350348,5.90387e-08,-3.56009e-09,0.350348,1.86776e-07,-6.01189e-08,-9.63393e-10,-6.01189e-08,-2.43514e-07,0.781942,-2.74975e-07,7.25405e-08,-2.74975e-07,0.234608,0.350348,9.56731e-08,0.350348,-1.65411e-07,0.350348,5.90387e-08,-3.56009e-09,0.350348,-1.65411e-07,0.781943
0.29909,0.544223,3.06881e-07,3.27764e-07,3.06881e-07,0.176266,-7.89343e-10,3.27764e-07,-7.89343e-10,0.176269,0.254055,-3.20571e-07,0.254055,-5.99411e-07,-1.46863e-08,-3.20571e-07,-1.46863e-08,-5.36779e-07,0.254055,-3.95834e-07,-2.09391e-07,-1.17474e-07,0.254055,-1.17474e-07,2.27379e-07,0.254055,-5.99411e-07,-1.46863e-08,-3.20571e-07,-1.46863e-08,-5.36779e-07,0.544222,-4.02371e-07,-2.63831e-07,-4.02371e-07,0.176268,0.254055,-1.73493e-07,0.254055,-1.66264e-07,0.254055,-1.17474e-07,2.27379e-07,0.254055,-1.66264e-07,0.544222
0.253871,0.336971,3.72092e-07,3.80641e-07,3.72092e-07,0.118807,1.94136e-07,3.80641e-07,1.94136e-07,0.118806,0.159174,-1.6464e-07,0.159174,-1.98629e-07,3.08147e-07,-1.6464e-07,3.08147e-07,2.5428e-07,0.159174,-1.56798e-07,-1.79653e-07,-3.20525e-07,0.159174,-3.20525e-07,1.88433e-07,0.159174,-1.98629e-07,3.08147e-07,-1.6464e-07,3.08147e-07,2.5428e-07,0.336971,-1.38995e-07,-2.95408e-07,-1.38995e-07,0.118807,0.159175,-1.34745e-08,0.159175,-1.89573e-07,0.159174,-3.20525e-07,1.88433e-07,0.159175,-1.89573e-07,0.336972
0.208651,0.210114,-2.85242e-07,-5.35644e-08,-2.85242e-07,0.080739,7.45891e-08,-5.35644e-08,7.45891e-08,0.0807374,0.0986728,-1.95728e-07,0.0986728,-1.06034e-07,5.0723e-07,-1.95728e-07,5.0723e-07,5.8536e-07,0.098673,4.07431e-07,-3.07211e-08,1.82675e-08,0.098673,1.82675e-08,1.57511e-07,0.0986728,-1.06034e-07,5.0723e-07,-1.95728e-07,5.0723e-07,5.8536e-07,0.210114,1.33756e-07,-3.85813e-08,1.33756e-07,0.0807389,0.0986725,2.0281e-07,0.0986725,1.69224e-07,0.098673,1.82675e-08,1.57511e-07,0.0986725,1.69224e-07,0.210114
0.163432,0.126402,-3.07036e-07,1.10879e-07,-3.07036e-07,0.054975,-5.19483e-08,1.10879e-07,-5.19483e-08,0.0549745,0.0616083,6.53022e-09,0.0616083,-1.70379e-07,3.10684e-07,6.53022e-09,3.10684e-07,1.40747e-07,0.0616087,1.28751e-08,-2.04413e-07,-6.70757e-08,0.0616087,-6.70757e-08,1.44832e-07,0.0616083,-1.70379e-07,3.10684e-07,6.53022e-09,3.10684e-07,1.40747e-07,0.126403,2.74514e-07,6.5894e-08,2.74514e-07,0.0549749,0.0616086,-3.59104e-08,0.0616086,5.66523e-07,0.0616087,-6.70757e-08,1.44832e-07,0.0616086,5.66523e-07,0.126403
0.118213,0.0519367,-1.059e-08,-2.12185e-07,-1.059e-08,0.0248186,1.04479e-07,-2.12185e-07,1.04479e-07,0.0248191,0.0253704,7.63374e-09,0.0253704,-1.53191e-07,6.79247e-08,7.63374e-09,6.79247e-08,-1.33168e-07,0.0253705,5.72067e-08,-2.69055e-07,-6.73889e-08,0.0253705,-6.73889e-08,1.96921e-08,0.0253704,-1.53191e-07,6.79247e-08,7.63374e-09,6.79247e-08,-1.33168e-07,0.0519366,8.93521e-08,7.00736e-08,8.93521e-08,0.0248187,0.0253705,-5.23859e-08,0.0253705,6.67189e-08,0.0253705,-6.73889e-08,1.96921e-08,0.0253705,6.67189e-08,0.0519366
0.422994,1.14302,5.78461e-08,-1.29745e-08,5.78461e-08,0.325453,-1.93903e-08,-1.29745e-08,-1.93903e-08,0.325453,0.489927,-4.99613e-08,0.489927,3.30212e-08,7.77683e-08,-4.99613e-08,7.77683e-08,2.54721e-08,0.489927,-4.58984e-08,-7.30658e-08,-2.18055e-08,0.489927,-2.18055e-08,1.67776e-08,0.489927,3.30212e-08,7.77683e-08,-4.99613e-08,7.77683e-08,2.54721e-08,1.14302,1.62006e-07,2.45265e-08,1.62006e-07,0.325454,0.489927,2.08841e-08,0.489927,4.18462e-08,0.489927,-2.18055e-08,1.67776e-08,0.489927,4.18462e-08,1.14302
0.377775,0.966929,1.99152e-07,-1.06297e-07,1.99152e-07,0.279417,-6.59364e-10,-1.06297e-07,-6.59364e-10,0.279417,0.421528,-7.47895e-08,0.421528,9.54423e-08,-1.63225e-08,-7.47895e-08,-1.63225e-08,7.92364e-08,0.421528,-1.21936e-07,9.56348e-09,-2.51243e-08,0.421528,-2.51243e-08,-6.94174e-09,0.421528,9.54423e-08,-1.63225e-08,-7.47895e-08,-1.63225e-08,7.92364e-08,0.966929,-2.27047e-08,4.12859e-08,-2.27047e-08,0.279417,0.421528,8.70712e-09,0.421528,1.64903e-07,0.421528,-2.51243e-08,-6.94174e-09,0.421528,1.64903e-07,0.966929
0.332555,0.736144,1.59553e-07,-4.72598e-08,1.59553e-07,0.221211,4.44328e-09,-4.72598e-08,4.44328e-09,0.221212,0.330971,1.29953e-08,0.330971,5.17781e-08,-7.49223e-08,1.29953e-08,-7.49223e-08,-3.92548e-07,0.330971,1.82457e-09,2.04569e-07,5.79699e-08,0.330971,5.79699e-08,8.11887e-09,0.330971,5.17781e-08,-7.49223e-08,1.29953e-08,-7.49223e-08,-3.92548e-07,0.736144,-3.54283e-07,-4.38045e-08,-3.54283e-07,0.221211,0.330971,7.64692e-09,0.330971,-2.8744e-07,0.330971,5.79699e-08,8.11887e-09,0.330971,-2.8744e-07,0.736144
0.287336,0.517335,3.39085e-07,2.92425e-07,3.39085e-07,0.167623,-6.46621e-08,2.92425e-07,-6.46621e-08,0.167624,0.241304,-3.70913e-07,0.241304,-2.70268e-07,1.36286e-08,-3.70913e-07,1.36286e-08,-6.59171e-07,0.241304,-4.76944e-07,-3.32628e-07,-1.28953e-07,0.241304,-1.28953e-07,2.89698e-07,0.241304,-2.70268e-07,1.36286e-08,-3.70913e-07,1.36286e-08,-6.59171e-07,0.517334,-4.54062e-07,-2.87388e-07,-4.54062e-07,0.167624,0.241304,-2.75106e-07,0.241304,-2.22659e-07,0.241304,-1.28953e-07,2.89698e-07,0.241304,-2.22659e-07,0.517335
0.242117,0.336971,3.72092e-07,3.80641e-07,3.72092e-07,0.118807,1.94136e-07,3.80641e-07,1.94136e-07,0.118806,0.159174,-1.6464e-07,0.159174,-1.98629e-07,3.08147e-07,-1.6464e-07,3.08147e-07,2.5428e-07,0.159174,-1.56798e-07,-1.79653e-07,-3.20525e-07,0.159174,-3.20525e-07,1.88433e-07,0.159174,-1.98629e-07,3.08147e-07,-1.6464e-07,3.08147e-07,2.5428e-07,0.336971,-1.38995e-07,-2.95408e-07,-1.38995e-07,0.118807,0.159175,-1.34745e-08,0.159175,-1.89573e-07,0.159174,-3.20525e-07,1.88433e-07,0.159175,-1.89573e-07,0.336972
0.196898,0.164856,-5.61245e-07,-9.86359e-08,-5.61245e-07,0.0677216,1.0778e-07,-9.86359e-08,1.0778e-07,0.0677206,0.0785988,-1.35854e-07,0.0785988,-3.23099e-07,3.86994e-07,-1.35854e-07,3.86994e-07,5.39894e-07,0.0785991,2.41368e-07,4.71822e-07,1.34152e-07,0.0785991,1.34152e-07,6.7459e-08,0.0785988,-3.23099e-07,3.86994e-07,-1.35854e-07,3.86994e-07,5.39894e-07,0.164856,2.19148e-07,3.07283e-07,2.19148e-07,0.0677211,0.0785989,2.16568e-08,0.0785989,5.25579e-07,0.0785991,1.34152e-07,6.7459e-08,0.0785989,5.25579e-07,0.164856
0.151679,0.0840736,-3.45034e-07,-1.24573e-08,-3.45034e-07,0.0371481,6.35826e-09,-1.24573e-08,6.35826e-09,0.0371483,0.0392434,3.00316e-07,0.0392434,-1.18125e-08,1.99368e-07,3.00316e-07,1.99368e-07,-5.05629e-07,0.0392435,2.79561e-07,-1.45224e-07,-1.68203e-07,0.0392435,-1.68203e-07,2.49536e-07,0.0392434,-1.18125e-08,1.99368e-07,3.00316e-07,1.99368e-07,-5.05629e-07,0.0840742,-4.86178e-08,-1.45439e-10,-4.86178e-08,0.037148,0.0392436,-8.6106e-08,0.0392436,-5.6144e-08,0.0392435,-1.68203e-07,2.49536e-07,0.0392436,-5.6144e-08,0.0840741
0.106459,0.0519367,-1.059e-08,-2.12185e-07,-1.059e-08,0.0248186,1.04479e-07,-2.12185e-07,1.04479e-07,0.0248191,0.0253704,7.63374e-09,0.0253704,-1.53191e-07,6.79247e-08,7.63374e-09,6.79247e-08,-1.33168e-07,0.0253705,5.72067e-08,-2.69055e-07,-6.73889e-08,0.0253705,-6.73889e-08,1.96921e-08,0.0253704,-1.53191e-07,6.79247e-08,7.63374e-09,6.79247e-08,-1.33168e-07,0.0519366,8.93521e-08,7.00736e-08,8.93521e-08,0.0248187,0.0253705,-5.23859e-08,0.0253705,6.67189e-08,0.0253705,-6.73889e-08,1.96921e-08,0.0253705,6.67189e-08,0.0519366
0.41124,1.1251,6.25613e-08,-2.11678e-08,6.25613e-08,0.320746,-2.03003e-08,-2.11678e-08,-2.03003e-08,0.320746,0.483527,-5.12956e-08,0.483527,4.9425e-08,9.06209e-08,-5.12956e-08,9.06209e-08,3.08308e-08,0.483527,-5.02884e-08,-7.85382e-08,-3.57075e-08,0.483527,-3.57075e-08,1.83874e-08,0.483527,4.9425e-08,9.06209e-08,-5.12956e-08,9.06209e-08,3.08308e-08,1.1251,1.69974e-07,1.73474e-08,1.69974e-07,0.320747,0.483527,1.27731e-08,0.483527,2.91644e-08,0.483527,-3.57075e-08,1.83874e-08,0.483527,2.91644e-08,1.1251
0.366021,0.948658,1.06838e-07,-1.10602e-07,1.06838e-07,0.274803,1.38795e-08,-1.10602e-07,1.38795e-08,0.274802,0.415002,-5.18158e-08,0.415002,1.01165e-07,-6.82361e-10,-5.18158e-08,-6.82361e-10,8.01721e-08,0.415003,-9.32274e-08,1.49272e-08,-5.16367e-08,0.415003,-5.16367e-08,-2.07975e-08,0.415002,1.01165e-07,-6.82361e-10,-5.18158e-08,-6.82361e-10,8.01721e-08,0.948658,-2.38076e-08,2.32945e-08,-2.38076e-08,0.274803,0.415002,-1.57145e-08,0.415002,1.54395e-07,0.415003,-5.16367e-08,-2.07975e-08,0.415002,1.54395e-07,0.948658
0.320802,0.673413,2.83321e-07,2.15768e-08,2.83321e-07,0.206032,3.35163e-09,2.15768e-08,3.35163e-09,0.206033,0.305308,-2.35774e-08,0.305308,2.47683e-08,-8.3626e-08,-2.35774e-08,-8.3626e-08,-4.81853e-07,0.305308,-3.77095e-08,2.40508e-07,2.56483e-08,0.305308,2.56483e-08,1.25425e-08,0.305308,2.47683e-08,-8.3626e-08,-2.35774e-08,-8.3626e-08,-4.81853e-07,0.673413,-3.55228e-07,-1.4024e-07,-3.55228e-07,0.206032,0.305308,-6.17565e-08,0.305308,-3.66563e-07,0.305308,2.56483e-08,1.25425e-08,0.305308,-3.66563e-07,0.673413
0.275583,0.423054,4.58332e-07,2.65398e-07,4.58332e-07,0.138634,-1.76497e-07,2.65398e-07,-1.76497e-07,0.138633,0.194781,-3.88414e-07,0.194781,-4.01834e-09,2.02983e-07,-3.88414e-07,2.02983e-07,-3.75272e-07,0.194781,-3.58539e-07,-1.45381e-07,-3.4025e-07,0.194781,-3.4025e-07,1.89815e-07,0.194781,-4.01834e-09,2.02983e-07,-3.88414e-07,2.02983e-07,-3.75272e-07,0.423052,-3.6037e-07,-3.52081e-07,-3.6037e-07,0.138634,0.194781,-2.08791e-07,0.194781,-3.36052e-08,0.194781,-3.4025e-07,1.89815e-07,0.194781,-3.36052e-08,0.423053
0.230363,0.261061,9.71779e-09,-1.30279e-07,9.71779e-09,0.0984203,-1.07957e-07,-1.30279e-07,-1.07957e-07,0.0984193,0.124456,2.8984e-08,0.124456,-7.88217e-08,3.87587e-07,2.8984e-08,3.87587e-07,5.17884e-07,0.124456,2.64789e-08,-1.78925e-07,-3.36902e-07,0.124456,-3.36902e-07,1.1865e-07,0.124456,-7.88217e-08,3.87587e-07,2.8984e-08,3.87587e-07,5.17884e-07,0.26106,1.19146e-07,-2.54164e-08,1.19146e-07,0.0984209,0.124456,4.26298e-07,0.124456,2.1928e-07,0.124456,-3.36902e-07,1.1865e-07,0.124456,2.1928e-07,0.26106
0.185144,0.164856,-5.61245e-07,-9.86359e-08,-5.61245e-07,0.0677216,1.0778e-07,-9.86359e-08,1.0778e-07,0.0677206,0.0785988,-1.35854e-07,0.0785988,-3.23099e-07,3.86994e-07,-1.35854e-07,3.86994e-07,5.39894e-07,0.0785991,2.41368e-07,4.71822e-07,1.34152e-07,0.0785991,1.34152e-07,6.7459e-08,0.0785988,-3.23099e-07,3.86994e-07,-1.35854e-07,3.86994e-07,5.39894e-07,0.164856,2.19148e-07,3.07283e-07,2.19148e-07,0.0677211,0.0785989,2.16568e-08,0.0785989,5.25579e-07,0.0785991,1.34152e-07,6.7459e-08,0.0785989,5.25579e-07,0.164856
0.139925,0.0840736,-3.45034e-07,-1.24573e-08,-3.45034e-07,0.0371481,6.35826e-09,-1.24573e-08,6.35826e-09,0.0371483,0.0392434,3.00316e-07,0.0392434,-1.18125e-08,1.99368e-07,3.00316e-07,1.99368e-07,-5.05629e-07,0.0392435,2.79561e-07,-1.45224e-07,-1.68203e-07,0.0392435,-1.68203e-07,2.49536e-07,0.0392434,-1.18125e-08,1.99368e-07,3.00316e-07,1.99368e-07,-5.05629e-07,0.0840742,-4.86178e-08,-1.45439e-10,-4.86178e-08,0.037148,0.0392436,-8.6106e-08,0.0392436,-5.6144e-08,0.0392435,-1.68203e-07,2.49536e-07,0.0392436,-5.6144e-08,0.0840741
0.444706,1.19609,-7.00147e-09,6.85766e-09,-7.00147e-09,0.340068,-3.52865e-08,6.85766e-09,-3.52865e-08,0.340067,0.512081,-1.05246e-08,0.512081,-4.16517e-09,3.79693e-08,-1.05246e-08,3.79693e-08,2.20871e-08,0.512081,9.07922e-09,-5.67343e-08,-2.63585e-08,0.512081,-2.63585e-08,1.98267e-08,0.512081,-4.16517e-09,3.79693e-08,-1.05246e-08,3.79693e-08,2.20871e-08,1.19609,1.42098e-07,-2.90131e-08,1.42098e-07,0.340068,0.512081,-4.04571e-08,0.512081,8.17546e-09,0.512081,-2.63585e-08,1.98267e-08,0.512081,8.17546e-09,1.19609
0.399487,1.06589,9.29114e-08,-4.18743e-08,9.29114e-08,0.304467,3.82353e-08,-4.18743e-08,3.82353e-08,0.304466,0.459915,-5.51833e-08,0.459915,1.05064e-07,1.06007e-07,-5.51833e-08,1.06007e-07,3.27748e-08,0.459915,-6.30361e-08,-5.94527e-08,-6.15412e-08,0.459915,-6.15412e-08,4.54377e-08,0.459915,1.05064e-07,1.06007e-07,-5.51833e-08,1.06007e-07,3.27748e-08,1.06589,1.70752e-07,4.70624e-08,1.70752e-07,0.304468,0.459915,6.9275e-09,0.459915,-1.98108e-08,0.459915,-6.15412e-08,4.54377e-08,0.459915,-1.98108e-08,1.06589
0.354267,0.838354,2.55701e-07,-2.34326e-07,2.55701e-07,0.24913,6.21509e-08,-2.34326e-07,6.21509e-08,0.24913,0.37241,-2.04678e-09,0.37241,1.60601e-07,-5.00914e-08,-2.04678e-09,-5.00914e-08,3.38878e-08,0.37241,-4.24624e-09,1.18674e-07,-1.16554e-08,0.37241,-1.16554e-08,1.13767e-08,0.37241,1.60601e-07,-5.00914e-08,-2.04678e-09,-5.00914e-08,3.38878e-08,0.838354,-1.0678e-07,8.1344e-08,-1.0678e-07,0.24913,0.37241,1.32446e-07,0.37241,3.81222e-08,0.37241,-1.16554e-08,1.13767e-08,0.37241,3.81222e-08,0.838354
0.309048,0.579668,3.52156e-07,1.14057e-07,3.52156e-07,0.183724,-5.52255e-09,1.14057e-07,-5.52255e-09,0.183726,0.268076,-4.74357e-08,0.268076,-3.97806e-07,1.4343e-10,-4.74357e-08,1.4343e-10,-5.11603e-07,0.268076,-2.65275e-07,-2.24882e-07,-1.09976e-07,0.268076,-1.09976e-07,3.05701e-07,0.268076,-3.97806e-07,1.4343e-10,-4.74357e-08,1.4343e-10,-5.11603e-07,0.579667,-3.63514e-07,-2.73547e-07,-3.63514e-07,0.183726,0.268076,-1.75772e-07,0.268076,-3.32527e-08,0.268076,-1.09976e-07,3.05701e-07,0.268076,-3.32527e-08,0.579667
0.263829,0.364506,2.28021e-07,2.81052e-07,2.28021e-07,0.127648,-2.59338e-08,2.81052e-07,-2.59338e-08,0.127648,0.173534,-2.36077e-07,0.173534,-2.27371e-07,3.416e-07,-2.36077e-07,3.416e-07,3.59199e-07,0.173534,-1.53397e-07,-2.26947e-07,-4.37409e-07,0.173534,-4.37409e-07,1.90085e-07,0.173534,-2.27371e-07,3.416e-07,-2.36077e-07,3.416e-07,3.59199e-07,0.364506,-3.27475e-07,-3.2258e-07,-3.27475e-07,0.127648,0.173534,-2.36864e-07,0.173534,-1.64397e-07,0.173534,-4.37409e-07,1.90085e-07,0.173534,-1.64397e-07,0.364506
0.21861,0.210114,-2.85242e-07,-5.35644e-08,-2.85242e-07,0.080739,7.45891e-08,-5.35644e-08,7.45891e-08,0.0807374,0.0986728,-1.95728e-07,0.0986728,-1.06034e-07,5.0723e-07,-1.95728e-07,5.0723e-07,5.8536e-07,0.098673,4.07431e-07,-3.07211e-08,1.82675e-08,0.098673,1.82675e-08,1.57511e-07,0.0986728,-1.06034e-07,5.0723e-07,-1.95728e-07,5.0723e-07,5.8536e-07,0.210114,1.33756e-07,-3.85813e-08,1.33756e-07,0.0807389,0.0986725,2.0281e-07,0.0986725,1.69224e-07,0.098673,1.82675e-08,1.57511e-07,0.0986725,1.69224e-07,0.210114
0.173391,0.126402,-3.07036e-07,1.10879e-07,-3.07036e-07,0.054975,-5.19483e-08,1.10879e-07,-5.19483e-08,0.0549745,0.0616083,6.53022e-09,0.0616083,-1.70379e-07,3.10684e-07,6.53022e-09,3.10684e-07,1.40747e-07,0.0616087,1.28751e-08,-2.04413e-07,-6.70757e-08,0.0616087,-6.70757e-08,1.44832e-07,0.0616083,-1.70379e-07,3.10684e-07,6.53022e-09,3.10684e-07,1.40747e-07,0.126403,2.74514e-07,6.5894e-08,2.74514e-07,0.0549749,0.0616086,-3.59104e-08,0.0616086,5.66523e-07,0.0616087,-6.70757e-08,1.44832e-07,0.0616086,5.66523e-07,0.126403
0.128172,0.0519367,-1.059e-08,-2.12185e-07,-1.059e-08,0.0248186,1.04479e-07,-2.12185e-07,1.04479e-07,0.0248191,0.0253704,7.63374e-09,0.0253704,-1.53191e-07,6.79247e-08,7.63374e-09,6.79247e-08,-1.33168e-07,0.0253705,5.72067e-08,-2.69055e-07,-6.73889e-08,0.0253705,-6.73889e-08,1.96921e-08,0.0253704,-1.53191e-07,6.79247e-08,7.63374e-09,6.79247e-08,-1.33168e-07,0.0519366,8.93521e-08,7.00736e-08,8.93521e-08,0.0248187,0.0253705,-5.23859e-08,0.0253705,6.67189e-08,0.0253705,-6.73889e-08,1.96921e-08,0.0253705,6.67189e-08,0.0519366
0.432952,1.16528,3.13303e-08,1.41409e-08,3.13303e-08,0.332106,-2.98626e-08,1.41409e-08,-2.98626e-08,0.332106,0.498916,-2.01434e-08,0.498916,2.26234e-08,5.45922e-08,-2.01434e-08,5.45922e-08,3.697e-08,0.498915,-4.63619e-08,-7.45354e-08,-1.40605e-08,0.498915,-1.40605e-08,2.93335e-09,0.498916,2.26234e-08,5.45922e-08,-2.01434e-08,5.45922e-08,3.697e-08,1.16528,1.37335e-07,-1.21953e-08,1.37335e-07,0.332107,0.498915,-2.47158e-08,0.498915,5.6783e-08,0.498915,-1.40605e-08,2.93335e-09,0.498915,5.6783e-08,1.16528
0.387733,1.03364,1.65199e-07,-5.3234e-08,1.65199e-07,0.29699,3.01941e-08,-5.3234e-08,3.01941e-08,0.296989,0.44678,-8.06141e-08,0.44678,1.16306e-07,9.87108e-08,-8.06141e-08,9.87108e-08,7.88711e-08,0.44678,-9.15749e-08,-6.59742e-08,-6.42318e-08,0.44678,-6.42318e-08,2.93591e-08,0.44678,1.16306e-07,9.87108e-08,-8.06141e-08,9.87108e-08,7.88711e-08,1.03364,1.43611e-07,8.53457e-08,1.43611e-07,0.296991,0.44678,3.59665e-08,0.44678,7.631e-08,0.44678,-6.42318e-08,2.93591e-08,0.44678,7.631e-08,1.03364
0.342514,0.736144,1.59553e-07,-4.72598e-08,1.59553e-07,0.221211,4.44328e-09,-4.72598e-08,4.44328e-09,0.221212,0.330971,1.29953e-08,0.330971,5.17781e-08,-7.49223e-08,1.29953e-08,-7.49223e-08,-3.92548e-07,0.330971,1.82457e-09,2.04569e-07,5.79699e-08,0.330971,5.79699e-08,8.11887e-09,0.330971,5.17781e-08,-7.49223e-08,1.29953e-08,-7.49223e-08,-3.92548e-07,0.736144,-3.54283e-07,-4.38045e-08,-3.54283e-07,0.221211,0.330971,7.64692e-09,0.330971,-2.8744e-07,0.330971,5.79699e-08,8.11887e-09,0.330971,-2.8744e-07,0.736144
0.297295,0.544223,3.06881e-07,3.27764e-07,3.06881e-07,0.176266,-7.89343e-10,3.27764e-07,-7.89343e-10,0.176269,0.254055,-3.20571e-07,0.254055,-5.99411e-07,-1.46863e-08,-3.20571e-07,-1.46863e-08,-5.36779e-07,0.254055,-3.95834e-07,-2.09391e-07,-1.17474e-07,0.254055,-1.17474e-07,2.27379e-07,0.254055,-5.99411e-07,-1.46863e-08,-3.20571e-07,-1.46863e-08,-5.36779e-07,0.544222,-4.02371e-07,-2.63831e-07,-4.02371e-07,0.176268,0.254055,-1.73493e-07,0.254055,-1.66264e-07,0.254055,-1.17474e-07,2.27379e-07,0.254055,-1.66264e-07,0.544222
0.252076,0.336971,3.72092e-07,3.80641e-07,3.72092e-07,0.118807,1.94136e-07,3.80641e-07,1.94136e-07,0.118806,0.159174,-1.6464e-07,0.159174,-1.98629e-07,3.08147e-07,-1.6464e-07,3.08147e-07,2.5428e-07,0.159174,-1.56798e-07,-1.79653e-07,-3.20525e-07,0.159174,-3.20525e-07,1.88433e-07,0.159174,-1.98629e-07,3.08147e-07,-1.6464e-07,3.08147e-07,2.5428e-07,0.336971,-1.38995e-07,-2.95408e-07,-1.38995e-07,0.118807,0.159175,-1.34745e-08,0.159175,-1.89573e-07,0.159174,-3.20525e-07,1.88433e-07,0.159175,-1.89573e-07,0.336972
0.206856,0.210114,-2.85242e-07,-5.35644e-08,-2.85242e-07,0.080739,7.45891e-08,-5.35644e-08,7.45891e-08,0.0807374,0.0986728,-1.95728e-07,0.0986728,-1.06034e-07,5.0723e-07,-1.95728e-07,5.0723e-07,5.8536e-07,0.098673,4.07431e-07,-3.07211e-08,1.82675e-08,0.098673,1.82675e-08,1.57511e-07,0.0986728,-1.06034e-07,5.0723e-07,-1.95728e-07,5.0723e-07,5.8536e-07,0.210114,1.33756e-07,-3.85813e-08,1.33756e-07,0.0807389,0.0986725,2.0281e-07,0.0986725,1.69224e-07,0.098673,1.82675e-08,1.57511e-07,0.0986725,1.69224e-07,0.210114
0.161637,0.0918008,-2.84429e-07,-9.07326e-08,-2.84429e-07,0.041319,1.82388e-08,-9.07326e-08,1.82388e-08,0.0413195,0.044073,2.96407e-07,0.044073,-1.35435e-07,2.25846e-07,2.96407e-07,2.25846e-07,-4.56919e-07,0.0440732,2.39609e-07,1.85313e-08,-2.04935e-07,0.0440732,-2.04935e-07,5.99149e-08,0.044073,-1.35435e-07,2.25846e-07,2.96407e-07,2.25846e-07,-4.56919e-07,0.091802,6.29211e-08,-3.12901e-08,6.29211e-08,0.0413192,0.0440732,-1.60724e-07,0.0440732,2.3817e-07,0.0440732,-2.04935e-07,5.99149e-08,0.0440732,2.3817e-07,0.0918022
0.116418,0.0519367,-1.059e-08,-2.12185e-07,-1.059e-08,0.0248186,1.04479e-07,-2.12185e-07,1.04479e-07,0.0248191,0.0253704,7.63374e-09,0.0253704,-1.53191e-07,6.79247e-08,7.63374e-09,6.79247e-08,-1.33168e-07,0.0253705,5.72067e-08,-2.69055e-07,-6.73889e-08,0.0253705,-6.73889e-08,1.96921e-08,0.0253704,-1.53191e-07,6.79247e-08,7.63374e-09,6.79247e-08,-1.33168e-07,0.0519366,8.93521e-08,7.00736e-08,8.93521e-08,0.0248187,0.0253705,-5.23859e-08,0.0253705,6.67189e-08,0.0253705,-6.73889e-08,1.96921e-08,0.0253705,6.67189e-08,0.0519366
0.421199,1.14302,5.78461e-08,-1.29745e-08,5.78461e-08,0.325453,-1.93903e-08,-1.29745e-08,-1.93903e-08,0.325453,0.489927,-4.99613e-08,0.489927,3.30212e-08,7.77683e-08,-4.99613e-08,7.77683e-08,2.54721e-08,0.489927,-4.58984e-08,-7.30658e-08,-2.18055e-08,0.489927,-2.18055e-08,1.67776e-08,0.489927,3.30212e-08,7.77683e-08,-4.99613e-08,7.77683e-08,2.54721e-08,1.14302,1.62006e-07,2.45265e-08,1.62006e-07,0.325454,0.489927,2.08841e-08,0.489927,4.18462e-08,0.489927,-2.18055e-08,1.67776e-08,0.489927,4.18462e-08,1.14302
0.37598,0.966929,1.99152e-07,-1.06297e-07,1.99152e-07,0.279417,-6.59364e-10,-1.06297e-07,-6.59364e-10,0.279417,0.421528,-7.47895e-08,0.421528,9.54423e-08,-1.63225e-08,-7.47895e-08,-1.63225e-08,7.92364e-08,0.421528,-1.21936e-07,9.56348e-09,-2.51243e-08,0.421528,-2.51243e-08,-6.94174e-09,0.421528,9.54423e-08,-1.63225e-08,-7.47895e-08,-1.63225e-08,7.92364e-08,0.966929,-2.27047e-08,4.12859e-08,-2.27047e-08,0.279417,0.421528,8.70712e-09,0.421528,1.64903e-07,0.421528,-2.51243e-08,-6.94174e-09,0.421528,1.64903e-07,0.966929
0.33076,0.704711,8.89649e-08,-3.34247e-08,8.89649e-08,0.21247,-4.98058e-08,-3.34247e-08,-4.98058e-08,0.212471,0.317261,-1.95722e-09,0.317261,3.81472e-08,-3.55154e-08,-1.95722e-09,-3.55154e-08,-5.0057e-07,0.317261,-1.43074e-08,2.16395e-07,-3.31006e-08,0.317261,-3.31006e-08,3.87306e-08,0.317261,3.81472e-08,-3.55154e-08,-1.95722e-09,-3.55154e-08,-5.0057e-07,0.704711,-3.59012e-07,-6.08585e-08,-3.59012e-07,0.21247,0.317261,-2.24959e-08,0.317261,-3.65157e-07,0.317261,-3.31006e-08,3.87306e-08,0.317261,-3.65157e-07,0.704711
0.285541,0.517335,3.39085e-07,2.92425e-07,3.39085e-07,0.167623,-6.46621e-08,2.92425e-07,-6.46621e-08,0.167624,0.241304,-3.70913e-07,0.241304,-2.70268e-07,1.36286e-08,-3.70913e-07,1.36286e-08,-6.59171e-07,0.241304,-4.76944e-07,-3.32628e-07,-1.28953e-07,0.241304,-1.28953e-07,2.89698e-07,0.241304,-2.70268e-07,1.36286e-08,-3.70913e-07,1.36286e-08,-6.59171e-07,0.517334,-4.54062e-07,-2.87388e-07,-4.54062e-07,0.167624,0.241304,-2.75106e-07,0.241304,-2.22659e-07,0.241304,-1.28953e-07,2.89698e-07,0.241304,-2.22659e-07,0.517335
0.240322,0.336971,3.72092e-07,3.80641e-07,3.72092e-07,0.118807,1.94136e-07,3.80641e-07,1.94136e-07,0.118806,0.159174,-1.6464e-07,0.159174,-1.98629e-07,3.08147e-07,-1.6464e-07,3.08147e-07,2.5428e-07,0.159174,-1.56798e-07,-1.79653e-07,-3.20525e-07,0.159174,-3.20525e-07,1.88433e-07,0.159174,-1.98629e-07,3.08147e-07,-1.6464e-07,3.08147e-07,2.5428e-07,0.336971,-1.38995e-07,-2.95408e-07,-1.38995e-07,0.118807,0.159175,-1.34745e-08,0.159175,-1.89573e-07,0.159174,-3.20525e-07,1.88433e-07,0.159175,-1.89573e-07,0.336972
0.195103,0.164856,-5.61245e-07,-9.86359e-08,-5.61245e-07,0.0677216,1.0778e-07,-9.86359e-08,1.0778e-07,0.0677206,0.0785988,-1.35854e-07,0.0785988,-3.23099e-07,3.86994e-07,-1.35854e-07,3.86994e-07,5.39894e-07,0.0785991,2.41368e-07,4.71822e-07,1.34152e-07,0.0785991,1.34152e-07,6.7459e-08,0.0785988,-3.23099e-07,3.86994e-07,-1.35854e-07,3.86994e-07,5.39894e-07,0.164856,2.19148e-07,3.07283e-07,2.19148e-07,0.0677211,0.0785989,2.16568e-08,0.0785989,5.25579e-07,0.0785991,1.34152e-07,6.7459e-08,0.0785989,5.25579e-07,0.164856
0.149884,0.0840736,-3.45034e-07,-1.24573e-08,-3.45034e-07,0.0371481,6.35826e-09,-1.24573e-08,6.35826e-09,0.0371483,0.0392434,3.00316e-07,0.0392434,-1.18125e-08,1.99368e-07,3.00316e-07,1.99368e-07,-5.05629e-07,0.0392435,2.79561e-07,-1.45224e-07,-1.68203e-07,0.0392435,-1.68203e-07,2.49536e-07,0.0392434,-1.18125e-08,1.99368e-07,3.00316e-07,1.99368e-07,-5.05629e-07,0.0840742,-4.86178e-08,-1.45439e-10,-4.86178e-08,0.037148,0.0392436,-8.6106e-08,0.0392436,-5.6144e-08,0.0392435,-1.68203e-07,2.49536e-07,0.0392436,-5.6144e-08,0.0840741
0.104664,0.0519367,-1.059e-08,-2.12185e-07,-1.059e-08,0.0248186,1.04479e-07,-2.12185e-07,1.04479e-07,0.0248191,0.0253704,7.63374e-09,0.0253704,-1.53191e-07,6.79247e-08,7.63374e-09,6.79247e-08,-1.33168e-07,0.0253705,5.72067e-08,-2.69055e-07,-6.73889e-08,0.0253705,-6.73889e-08,1.96921e-08,0.0253704,-1.53191e-07,6.79247e-08,7.63374e-09,6.79247e-08,-1.33168e-07,0.0519366,8.93521e-08,7.00736e-08,8.93521e-08,0.0248187,0.0253705,-5.23859e-08,0.0253705,6.67189e-08,0.0253705,-6.73889e-08,1.96921e-08,0.0253705,6.67189e-08,0.0519366
0.409445,1.1251,6.25613e-08,-2.11678e-08,6.25613e-08,0.320746,-2.03003e-08,-2.11678e-08,-2.03003e-08,0.320746,0.483527,-5.12956e-08,0.483527,4.9425e-08,9.06209e-08,-5.12956e-08,9.06209e-08,3.08308e-08,0.483527,-5.02884e-08,-7.85382e-08,-3.57075e-08,0.483527,-3.57075e-08,1.83874e-08,0.483527,4.9425e-08,9.06209e-08,-5.12956e-08,9.06209e-08,3.08308e-08,1.1251,1.69974e-07,1.73474e-08,1.69974e-07,0.320747,0.483527,1.27731e-08,0.483527,2.91644e-08,0.483527,-3.57075e-08,1.83874e-08,0.483527,2.91644e-08,1.1251
0.364226,0.916487,2.47827e-07,-2.09412e-07,2.47827e-07,0.26671,5.43274e-08,-2.09412e-07,5.43274e-08,0.26671,0.401697,-6.23895e-08,0.401697,1.1692e-07,-4.56979e-09,-6.23895e-08,-4.56979e-09,5.95346e-08,0.401697,-8.72003e-08,4.56485e-08,-3.67171e-08,0.401697,-3.67171e-08,2.26067e-10,0.401697,1.1692e-07,-4.56979e-09,-6.23895e-08,-4.56979e-09,5.95346e-08,0.916487,5.73277e-09,5.99588e-08,5.73277e-09,0.266711,0.401697,9.81361e-08,0.401697,1.14716e-07,0.401697,-3.67171e-08,2.26067e-10,0.401697,1.14716e-07,0.916487
0.319007,0.673413,2.83321e-07,2.15768e-08,2.83321e-07,0.206032,3.35163e-09,2.15768e-08,3.35163e-09,0.206033,0.305308,-2.35774e-08,0.305308,2.47683e-08,-8.3626e-08,-2.35774e-08,-8.3626e-08,-4.81853e-07,0.305308,-3.77095e-08,2.40508e-07,2.56483e-08,0.305308,2.56483e-08,1.25425e-08,0.305308,2.47683e-08,-8.3626e-08,-2.35774e-08,-8.3626e-08,-4.81853e-07,0.673413,-3.55228e-07,-1.4024e-07,-3.55228e-07,0.206032,0.305308,-6.17565e-08,0.305308,-3.66563e-07,0.305308,2.56483e-08,1.25425e-08,0.305308,-3.66563e-07,0.673413
0.273788,0.423054,4.58332e-07,2.65398e-07,4.58332e-07,0.138634,-1.76497e-07,2.65398e-07,-1.76497e-07,0.138633,0.194781,-3.88414e-07,0.194781,-4.01834e-09,2.02983e-07,-3.88414e-07,2.02983e-07,-3.75272e-07,0.194781,-3.58539e-07,-1.45381e-07,-3.4025e-07,0.194781,-3.4025e-07,1.89815e-07,0.194781,-4.01834e-09,2.02983e-07,-3.88414e-07,2.02983e-07,-3.75272e-07,0.423052,-3.6037e-07,-3.52081e-07,-3.6037e-07,0.138634,0.194781,-2.08791e-07,0.194781,-3.36052e-08,0.194781,-3.4025e-07,1.89815e-07,0.194781,-3.36052e-08,0.423053
0.228568,0.261061,9.71779e-09,-1.30279e-07,9.71779e-09,0.0984203,-1.07957e-07,-1.30279e-07,-1.07957e-07,0.0984193,0.124456,2.8984e-08,0.124456,-7.88217e-08,3.87587e-07,2.8984e-08,3.87587e-07,5.17884e-07,0.124456,2.64789e-08,-1.78925e-07,-3.36902e-07,0.124456,-3.36902e-07,1.1865e-07,0.124456,-7.88217e-08,3.87587e-07,2.8984e-08,3.87587e-07,5.17884e-07,0.26106,1.19146e-07,-2.54164e-08,1.19146e-07,0.0984209,0.124456,4.26298e-07,0.124456,2.1928e-07,0.124456,-3.36902e-07,1.1865e-07,0.124456,2.1928e-07,0.26106
0.183349,0.164856,-5.61245e-07,-9.86359e-08,-5.61245e-07,0.0677216,1.0778e-07,-9.86359e-08,1.0778e-07,0.0677206,0.0785988,-1.35854e-07,0.0785988,-3.23099e-07,3.86994e-07,-1.35854e-07,3.86994e-07,5.39894e-07,0.0785991,2.41368e-07,4.71822e-07,1.34152e-07,0.0785991,1.34152e-07,6.7459e-08,0.0785988,-3.23099e-07,3.86994e-07,-1.35854e-07,3.86994e-07,5.39894e-07,0.164856,2.19148e-07,3.07283e-07,2.19148e-07,0.0677211,0.0785989,2.16568e-08,0.0785989,5.25579e-07,0.0785991,1.34152e-07,6.7459e-08,0.0785989,5.25579e-07,0.164856
0.13813,0.0840736,-3.45034e-07,-1.24573e-08,-3.45034e-07,0.0371481,6.35826e-09,-1.24573e-08,6.35826e-09,0.0371483,0.0392434,3.00316e-07,0.0392434,-1.18125e-08,1.99368e-07,3.00316e-07,1.99368e-07,-5.05629e-07,0.0392435,2.79561e-07,-1.45224e-07,-1.68203e-07,0.0392435,-1.68203e-07,2.49536e-07,0.0392434,-1.18125e-08,1.99368e-07,3.00316e-07,1.99368e-07,-5.05629e-07,0.0840742,-4.86178e-08,-1.45439e-10,-4.86178e-08,0.037148,0.0392436,-8.6106e-08,0.0392436,-5.6144e-08,0.0392435,-1.68203e-07,2.49536e-07,0.0392436,-5.6144e-08,0.0840741
0.442911,1.16528,3.13303e-08,1.41409e-08,3.13303e-08,0.332106,-2.98626e-08,1.41409e-08,-2.98626e-08,0.332106,0.498916,-2.01434e-08,0.498916,2.26234e-08,5.45922e-08,-2.01434e-08,5.45922e-08,3.697e-08,0.498915,-4.63619e-08,-7.45354e-08,-1.40605e-08,0.498915,-1.40605e-08,2.93335e-09,0.498916,2.26234e-08,5.45922e-08,-2.01434e-08,5.45922e-08,3.697e-08,1.16528,1.37335e-07,-1.21953e-08,1.37335e-07,0.332107,0.498915,-2.47158e-08,0.498915,5.6783e-08,0.498915,-1.40605e-08,2.93335e-09,0.498915,5.6783e-08,1.16528
0.397692,1.03364,1.65199e-07,-5.3234e-08,1.65199e-07,0.29699,3.01941e-08,-5.3234e-08,3.01941e-08,0.296989,0.44678,-8.06141e-08,0.44678,1.16306e-07,9.87108e-08,-8.06141e-08,9.87108e-08,7.88711e-08,0.44678,-9.15749e-08,-6.59742e-08,-6.42318e-08,0.44678,-6.42318e-08,2.93591e-08,0.44678,1.16306e-07,9.87108e-08,-8.06141e-08,9.87108e-08,7.88711e-08,1.03364,1.43611e-07,8.53457e-08,1.43611e-07,0.296991,0.44678,3.59665e-08,0.44678,7.631e-08,0.44678,-6.42318e-08,2.93591e-08,0.44678,7.631e-08,1.03364
0.352473,0.838354,2.55701e-07,-2.34326e-07,2.55701e-07,0.24913,6.21509e-08,-2.34326e-07,6.21509e-08,0.24913,0.37241,-2.04678e-09,0.37241,1.60601e-07,-5.00914e-08,-2.04678e-09,-5.00914e-08,3.38878e-08,0.37241,-4.24624e-09,1.18674e-07,-1.16554e-08,0.37241,-1.16554e-08,1.13767e-08,0.37241,1.60601e-07,-5.00914e-08,-2.04678e-09,-5.00914e-08,3.38878e-08,0.838354,-1.0678e-07,8.1344e-08,-1.0678e-07,0.24913,0.37241,1.32446e-07,0.37241,3.81222e-08,0.37241,-1.16554e-08,1.13767e-08,0.37241,3.81222e-08,0.838354
0.307253,0.544223,3.06881e-07,3.27764e-07,3.06881e-07,0.176266,-7.89343e-10,3.27764e-07,-7.89343e-10,0.176269,0.254055,-3.20571e-07,0.254055,-5.99411e-07,-1.46863e-08,-3.20571e-07,-1.46863e-08,-5.36779e-07,0.254055,-3.95834e-07,-2.09391e-07,-1.17474e-07,0.254055,-1.17474e-07,2.27379e-07,0.254055,-5.99411e-07,-1.46863e-08,-3.20571e-07,-1.46863e-08,-5.36779e-07,0.544222,-4.02371e-07,-2.63831e-07,-4.02371e-07,0.176268,0.254055,-1.73493e-07,0.254055,-1.66264e-07,0.254055,-1.17474e-07,2.27379e-07,0.254055,-1.66264e-07,0.544222
0.262034,0.364506,2.28021e-07,2.81052e-07,2.28021e-07,0.127648,-2.59338e-08,2.81052e-07,-2.59338e-08,0.127648,0.173534,-2.36077e-07,0.173534,-2.27371e-07,3.416e-07,-2.36077e-07,3.416e-07,3.59199e-07,0.173534,-1.53397e-07,-2.26947e-07,-4.37409e-07,0.173534,-4.37409e-07,1.90085e-07,0.173534,-2.27371e-07,3.416e-07,-2.36077e-07,3.416e-07,3.59199e-07,0.364506,-3.27475e-07,-3.2258e-07,-3.27475e-07,0.127648,0.173534,-2.36864e-07,0.173534,-1.64397e-07,0.173534,-4.37409e-07,1.90085e-07,0.173534,-1.64397e-07,0.364506
0.216815,0.210114,-2.85242e-07,-5.35644e-08,-2.85242e-07,0.080739,7.45891e-08,-5.35644e-08,7.45891e-08,0.0807374,0.0986728,-1.95728e-07,0.0986728,-1.06034e-07,5.0723e-07,-1.95728e-07,5.0723e-07,5.8536e-07,0.098673,4.07431e-07,-3.07211e-08,1.82675e-08,0.098673,1.82675e-08,1.57511e-07,0.0986728,-1.06034e-07,5.0723e-07,-1.95728e-07,5.0723e-07,5.8536e-07,0.210114,1.33756e-07,-3.85813e-08,1.33756e-07,0.0807389,0.0986725,2.0281e-07,0.0986725,1.69224e-07,0.098673,1.82675e-08,1.57511e-07,0.0986725,1.69224e-07,0.210114
0.171596,0.126402,-3.07036e-07,1.10879e-07,-3.07036e-07,0.054975,-5.19483e-08,1.10879e-07,-5.19483e-08,0.0549745,0.0616083,6.53022e-09,0.0616083,-1.70379e-07,3.10684e-07,6.53022e-09,3.10684e-07,1.40747e-07,0.0616087,1.28751e-08,-2.04413e-07,-6.70757e-08,0.0616087,-6.70757e-08,1.44832e-07,0.0616083,-1.70379e-07,3.10684e-07,6.53022e-09,3.10684e-07,1.40747e-07,0.126403,2.74514e-07,6.5894e-08,2.74514e-07,0.0549749,0.0616086,-3.59104e-08,0.0616086,5.66523e-07,0.0616087,-6.70757e-08,1.44832e-07,0.0616086,5.66523e-07,0.126403
0.126377,0.0519367,-1.059e-08,-2.12185e-07,-1.059e-08,0.0248186,1.04479e-07,-2.12185e-07,1.04479e-07,0.0248191,0.0253704,7.63374e-09,0.0253704,-1.53191e-07,6.79247e-08,7.63374e-09,6.79247e-08,-1.33168e-07,0.0253705,5.72067e-08,-2.69055e-07,-6.73889e-08,0.0253705,-6.73889e-08,1.96921e-08,0.0253704,-1.53191e-07,6.79247e-08,7.63374e-09,6.79247e-08,-1.33168e-07,0.0519366,8.93521e-08,7.00736e-08,8.93521e-08,0.0248187,0.0253705,-5.23859e-08,0.0253705,6.67189e-08,0.0253705,-6.73889e-08,1.96921e-08,0.0253705,6.67189e-08,0.0519366
0.431157,1.16528,3.13303e-08,1.41409e-08,3.13303e-08,0.332106,-2.98626e-08,1.41409e-08,-2.98626e-08,0.332106,0.498916,-2.01434e-08,0.498916,2.26234e-08,5.45922e-08,-2.01434e-08,5.45922e-08,3.697e-08,0.498915,-4.63619e-08,-7.45354e-08,-1.40605e-08,0.498915,-1.40605e-08,2.93335e-09,0.498916,2.26234e-08,5.45922e-08,-2.01434e-08,5.45922e-08,3.697e-08,1.16528,1.37335e-07,-1.21953e-08,1.37335e-07,0.332107,0.498915,-2.47158e-08,0.498915,5.6783e-08,0.498915,-1.40605e-08,2.93335e-09,0.498915,5.6783e-08,1.16528
0.385938,0.989919,2.12686e-07,-9.82704e-08,2.12686e-07,0.285764,-1.63464e-09,-9.82704e-08,-1.63464e-09,0.285765,0.430522,-7.05608e-08,0.430522,1.42295e-07,-1.53133e-08,-7.05608e-08,-1.53133e-08,8.51035e-08,0.430522,-1.027e-07,-4.51747e-08,-3.97938e-09,0.430522,-3.97938e-09,-3.69857e-09,0.430522,1.42295e-07,-1.53133e-08,-7.05608e-08,-1.53133e-08,8.51035e-08,0.989919,-2.10244e-08,6.79487e-08,-2.10244e-08,0.285765,0.430522,2.20211e-08,0.430522,1.82189e-07,0.430522,-3.97938e-09,-3.69857e-09,0.430522,1.82189e-07,0.989919
0.340719,0.736144,1.59553e-07,-4.72598e-08,1.59553e-07,0.221211,4.44328e-09,-4.72598e-08,4.44328e-09,0.221212,0.330971,1.29953e-08,0.330971,5.17781e-08,-7.49223e-08,1.29953e-08,-7.49223e-08,-3.92548e-07,0.330971,1.82457e-09,2.04569e-07,5.79699e-08,0.330971,5.79699e-08,8.11887e-09,0.330971,5.17781e-08,-7.49223e-08,1.29953e-08,-7.49223e-08,-3.92548e-07,0.736144,-3.54283e-07,-4.38045e-08,-3.54283e-07,0.221211,0.330971,7.64692e-09,0.330971,-2.8744e-07,0.330971,5.79699e-08,8.11887e-09,0.330971,-2.8744e-07,0.736144
0.2955,0.544223,3.06881e-07,3.27764e-07,3.06881e-07,0.176266,-7.89343e-10,3.27764e-07,-7.89343e-10,0.176269,0.254055,-3.20571e-07,0.254055,-5.99411e-07,-1.46863e-08,-3.20571e-07,-1.46863e-08,-5.36779e-07,0.254055,-3.95834e-07,-2.09391e-07,-1.17474e-07,0.254055,-1.17474e-07,2.27379e-07,0.254055,-5.99411e-07,-1.46863e-08,-3.20571e-07,-1.46863e-08,-5.36779e-07,0.544222,-4.02371e-07,-2.63831e-07,-4.02371e-07,0.176268,0.254055,-1.73493e-07,0.254055,-1.66264e-07,0.254055,-1.17474e-07,2.27379e-07,0.254055,-1.66264e-07,0.544222
0.250281,0.336971,3.72092e-07,3.80641e-07,3.72092e-07,0.118807,1.94136e-07,3.80641e-07,1.94136e-07,0.118806,0.159174,-1.6464e-07,0.159174,-1.98629e-07,3.08147e-07,-1.6464e-07,3.08147e-07,2.5428e-07,0.159174,-1.56798e-07,-1.79653e-07,-3.20525e-07,0.159174,-3.20525e-07,1.88433e-07,0.159174,-1.98629e-07,3.08147e-07,-1.6464e-07,3.08147e-07,2.5428e-07,0.336971,-1.38995e-07,-2.95408e-07,-1.38995e-07,0.118807,0.159175,-1.34745e-08,0.159175,-1.89573e-07,0.159174,-3.20525e-07,1.88433e-07,0.159175,-1.89573e-07,0.336972
0.205061,0.210114,-2.85242e-07,-5.35644e-08,-2.85242e-07,0.080739,7.45891e-08,-5.35644e-08,7.45891e-08,0.0807374,0.0986728,-1.95728e-07,0.0986728,-1.06034e-07,5.0723e-07,-1.95728e-07,5.0723e-07,5.8536e-07,0.098673,4.07431e-07,-3.07211e-08,1.82675e-08,0.098673,1.82675e-08,1.57511e-07,0.0986728,-1.06034e-07,5.0723e-07,-1.95728e-07,5.0723e-07,5.8536e-07,0.210114,1.33756e-07,-3.85813e-08,1.33756e-07,0.0807389,0.0986725,2.0281e-07,0.0986725,1.69224e-07,0.098673,1.82675e-08,1.57511e-07,0.0986725,1.69224e-07,0.210114
0.159842,0.0918008,-2.84429e-07,-9.07326e-08,-2.84429e-07,0.041319,1.82388e-08,-9.07326e-08,1.82388e-08,0.0413195,0.044073,2.96407e-07,0.044073,-1.35435e-07,2.25846e-07,2.96407e-07,2.25846e-07,-4.56919e-07,0.0440732,2.39609e-07,1.85313e-08,-2.04935e-07,0.0440732,-2.04935e-07,5.99149e-08,0.044073,-1.35435e-07,2.25846e-07,2.96407e-07,2.25846e-07,-4.56919e-07,0.091802,6.29211e-08,-3.12901e-08,6.29211e-08,0.0413192,0.0440732,-1.60724e-07,0.0440732,2.3817e-07,0.0440732,-2.04935e-07,5.99149e-08,0.0440732,2.3817e-07,0.0918022
0.114623,0.0519367,-1.059e-08,-2.12185e-07,-1.059e-08,0.0248186,1.04479e-07,-2.12185e-07,1.04479e-07,0.0248191,0.0253704,7.63374e-09,0.0253704,-1.53191e-07,6.79247e-08,7.63374e-09,6.79247e-08,-1.33168e-07,0.0253705,5.72067e-08,-2.69055e-07,-6.73889e-08,0.0253705,-6.73889e-08,1.96921e-08,0.0253704,-1.53191e-07,6.79247e-08,7.63374e-09,6.79247e-08,-1.33168e-07,0.0519366,8.93521e-08,7.00736e-08,8.93521e-08,0.0248187,0.0253705,-5.23859e-08,0.0253705,6.67189e-08,0.0253705,-6.73889e-08,1.96921e-08,0.0253705,6.67189e-08,0.0519366
0.419404,1.14302,5.78461e-08,-1.29745e-08,5.78461e-08,0.325453,-1.93903e-08,-1.29745e-08,-1.93903e-08,0.325453,0.489927,-4.99613e-08,0.489927,3.30212e-08,7.77683e-08,-4.99613e-08,7.77683e-08,2.54721e-08,0.489927,-4.58984e-08,-7.30658e-08,-2.18055e-08,0.489927,-2.18055e-08,1.67776e-08,0.489927,3.30212e-08,7.77683e-08,-4.99613e-08,7.77683e-08,2.54721e-08,1.14302,1.62006e-07,2.45265e-08,1.62006e-07,0.325454,0.489927,2.08841e-08,0.489927,4.18462e-08,0.489927,-2.18055e-08,1.67776e-08,0.489927,4.18462e-08,1.14302
0.374185,0.966929,1.99152e-07,-1.06297e-07,1.99152e-07,0.279417,-6.59364e-10,-1.06297e-07,-6.59364e-10,0.279417,0.421528,-7.47895e-08,0.421528,9.54423e-08,-1.63225e-08,-7.47895e-08,-1.63225e-08,7.92364e-08,0.421528,-1.21936e-07,9.56348e-09,-2.51243e-08,0.421528,-2.51243e-08,-6.94174e-09,0.421528,9.54423e-08,-1.63225e-08,-7.47895e-08,-1.63225e-08,7.92364e-08,0.966929,-2.27047e-08,4.12859e-08,-2.27047e-08,0.279417,0.421528,8.70712e-09,0.421528,1.64903e-07,0.421528,-2.51243e-08,-6.94174e-09,0.421528,1.64903e-07,0.966929
0.328965,0.704711,8.89649e-08,-3.34247e-08,8.89649e-08,0.21247,-4.98058e-08,-3.34247e-08,-4.98058e-08,0.212471,0.317261,-1.95722e-09,0.317261,3.81472e-08,-3.55154e-08,-1.95722e-09,-3.55154e-08,-5.0057e-07,0.317261,-1.43074e-08,2.16395e-07,-3.31006e-08,0.317261,-3.31006e-08,3.87306e-08,0.317261,3.81472e-08,-3.55154e-08,-1.95722e-09,-3.55154e-08,-5.0057e-07,0.704711,-3.59012e-07,-6.08585e-08,-3.59012e-07,0.21247,0.317261,-2.24959e-08,0.317261,-3.65157e-07,0.317261,-3.31006e-08,3.87306e-08,0.317261,-3.65157e-07,0.704711
0.283746,0.494644,2.21701e-07,3.18243e-07,2.21701e-07,0.159054,-2.02243e-07,3.18243e-07,-2.02243e-07,0.159055,0.228403,-3.60945e-07,0.228403,-2.0591e-07,4.80195e-08,-3.60945e-07,4.80195e-08,-3.71301e-08,0.228403,-3.71274e-07,-4.01483e-07,-2.12352e-07,0.228403,-2.12352e-07,2.35681e-07,0.228403,-2.0591e-07,4.80195e-08,-3.60945e-07,4.80195e-08,-3.71301e-08,0.494643,-2.81667e-07,-4.33275e-07,-2.81667e-07,0.159055,0.228403,-3.03566e-07,0.228403,9.2342e-08,0.228403,-2.12352e-07,2.35681e-07,0.228403,9.2342e-08,0.494643
0.238527,0.311099,3.3488e-07,3.5098e-07,3.3488e-07,0.113615,1.05623e-07,3.5098e-07,1.05623e-07,0.113615,0.14947,-1.10596e-07,0.14947,-2.27441e-07,3.4063e-07,-1.10596e-07,3.4063e-07,3.12741e-07,0.14947,-9.67596e-08,-1.21688e-07,-4.11233e-07,0.14947,-4.11233e-07,1.61229e-07,0.14947,-2.27441e-07,3.4063e-07,-1.10596e-07,3.4063e-07,3.12741e-07,0.3111,-6.24446e-08,-2.6863e-07,-6.24446e-08,0.113616,0.149471,-1.63318e-09,0.149471,-1.76076e-07,0.14947,-4.11233e-07,1.61229e-07,0.149471,-1.76076e-07,0.3111
0.193308,0.164856,-5.61245e-07,-9.86359e-08,-5.61245e-07,0.0677216,1.0778e-07,-9.86359e-08,1.0778e-07,0.0677206,0.0785988,-1.35854e-07,0.0785988,-3.23099e-07,3.86994e-07,-1.35854e-07,3.86994e-07,5.39894e-07,0.0785991,2.41368e-07,4.71822e-07,1.34152e-07,0.0785991,1.34152e-07,6.7459e-08,0.0785988,-3.23099e-07,3.86994e-07,-1.35854e-07,3.86994e-07,5.39894e-07,0.164856,2.19148e-07,3.07283e-07,2.19148e-07,0.0677211,0.0785989,2.16568e-08,0.0785989,5.25579e-07,0.0785991,1.34152e-07,6.7459e-08,0.0785989,5.25579e-07,0.164856
0.148089,0.0840736,-3.45034e-07,-1.24573e-08,-3.45034e-07,0.0371481,6.35826e-09,-1.24573e-08,6.35826e-09,0.0371483,0.0392434,3.00316e-07,0.0392434,-1.18125e-08,1.99368e-07,3.00316e-07,1.99368e-07,-5.05629e-07,0.0392435,2.79561e-07,-1.45224e-07,-1.68203e-07,0.0392435,-1.68203e-07,2.49536e-07,0.0392434,-1.18125e-08,1.99368e-07,3.00316e-07,1.99368e-07,-5.05629e-07,0.0840742,-4.86178e-08,-1.45439e-10,-4.86178e-08,0.037148,0.0392436,-8.6106e-08,0.0392436,-5.6144e-08,0.0392435,-1.68203e-07,2.49536e-07,0.0392436,-5.6144e-08,0.0840741
0.10287,0.0382465,-5.8275e-08,-7.41829e-08,-5.8275e-08,0.0181721,2.63409e-08,-7.41829e-08,2.63409e-08,0.0181719,0.0182847,1.94463e-08,0.0182847,7.7086e-08,-7.57211e-08,1.94463e-08,-7.57211e-08,-6.05818e-08,0.0182849,-1.09007e-07,6.55496e-09,-2.36174e-08,0.0182849,-2.36174e-08,-7.978e-08,0.0182847,7.7086e-08,-7.57211e-08,1.94463e-08,-7.57211e-08,-6.05818e-08,0.0382465,-8.8898e-08,7.23672e-08,-8.8898e-08,0.0181719,0.0182847,2.39884e-08,0.0182847,1.41723e-07,0.0182849,-2.36174e-08,-7.978e-08,0.0182847,1.41723e-07,0.0382466
0.40765,1.07717,1.05631e-07,-4.58973e-08,1.05631e-07,0.308108,1.92582e-08,-4.58973e-08,1.92582e-08,0.308108,0.464599,-6.43636e-08,0.464599,8.03793e-08,9.91853e-08,-6.43636e-08,9.91853e-08,2.71256e-08,0.464599,-6.78742e-08,-5.53988e-08,-5.31801e-08,0.464599,-5.31801e-08,4.56383e-08,0.464599,8.03793e-08,9.91853e-08,-6.43636e-08,9.91853e-08,2.71256e-08,1.07717,1.76684e-07,4.31342e-08,1.76684e-07,0.308109,0.464599,1.77858e-08,0.464599,-7.96289e-10,0.464599,-5.31801e-08,4.56383e-08,0.464599,-7.96289e-10,1.07717
0.362431,0.916487,2.47827e-07,-2.09412e-07,2.47827e-07,0.26671,5.43274e-08,-2.09412e-07,5.43274e-08,0.26671,0.401697,-6.23895e-08,0.401697,1.1692e-07,-4.56979e-09,-6.23895e-08,-4.56979e-09,5.95346e-08,0.401697,-8.72003e-08,4.56485e-08,-3.67171e-08,0.401697,-3.67171e-08,2.26067e-10,0.401697,1.1692e-07,-4.56979e-09,-6.23895e-08,-4.56979e-09,5.95346e-08,0.916487,5.73277e-09,5.99588e-08,5.73277e-09,0.266711,0.401697,9.81361e-08,0.401697,1.14716e-07,0.401697,-3.67171e-08,2.26067e-10,0.401697,1.14716e-07,0.916487
0.317212,0.673413,2.83321e-07,2.15768e-08,2.83321e-07,0.206032,3.35163e-09,2.15768e-08,3.35163e-09,0.206033,0.305308,-2.35774e-08,0.305308,2.47683e-08,-8.3626e-08,-2.35774e-08,-8.3626e-08,-4.81853e-07,0.305308,-3.77095e-08,2.40508e-07,2.56483e-08,0.305308,2.56483e-08,1.25425e-08,0.305308,2.47683e-08,-8.3626e-08,-2.35774e-08,-8.3626e-08,-4.81853e-07,0.673413,-3.55228e-07,-1.4024e-07,-3.55228e-07,0.206032,0.305308,-6.17565e-08,0.305308,-3.66563e-07,0.305308,2.56483e-08,1.25425e-08,0.305308,-3.66563e-07,0.673413
0.271993,0.423054,4.58332e-07,2.65398e-07,4.58332e-07,0.138634,-1.76497e-07,2.65398e-07,-1.76497e-07,0.138633,0.194781,-3.88414e-07,0.194781,-4.01834e-09,2.02983e-07,-3.88414e-07,2.02983e-07,-3.75272e-07,0.194781,-3.58539e-07,-1.45381e-07,-3.4025e-07,0.194781,-3.4025e-07,1.89815e-07,0.194781,-4.01834e-09,2.02983e-07,-3.88414e-07,2.02983e-07,-3.75272e-07,0.423052,-3.6037e-07,-3.52081e-07,-3.6037e-07,0.138634,0.194781,-2.08791e-07,0.194781,-3.36052e-08,0.194781,-3.4025e-07,1.89815e-07,0.194781,-3.36052e-08,0.423053
0.226774,0.261061,9.71779e-09,-1.30279e-07,9.71779e-09,0.0984203,-1.07957e-07,-1.30279e-07,-1.07957e-07,0.0984193,0.124456,2.8984e-08,0.124456,-7.88217e-08,3.87587e-07,2.8984e-08,3.87587e-07,5.17884e-07,0.124456,2.64789e-08,-1.78925e-07,-3.36902e-07,0.124456,-3.36902e-07,1.1865e-07,0.124456,-7.88217e-08,3.87587e-07,2.8984e-08,3.87587e-07,5.17884e-07,0.26106,1.19146e-07,-2.54164e-08,1.19146e-07,0.0984209,0.124456,4.26298e-07,0.124456,2.1928e-07,0.124456,-3.36902e-07,1.1865e-07,0.124456,2.1928e-07,0.26106
0.181554,0.164856,-5.61245e-07,-9.86359e-08,-5.61245e-07,0.0677216,1.0778e-07,-9.86359e-08,1.0778e-07,0.0677206,0.0785988,-1.35854e-07,0.0785988,-3.23099e-07,3.86994e-07,-1.35854e-07,3.86994e-07,5.39894e-07,0.0785991,2.41368e-07,4.71822e-07,1.34152e-07,0.0785991,1.34152e-07,6.7459e-08,0.0785988,-3.23099e-07,3.86994e-07,-1.35854e-07,3.86994e-07,5.39894e-07,0.164856,2.19148e-07,3.07283e-07,2.19148e-07,0.0677211,0.0785989,2.16568e-08,0.0785989,5.25579e-07,0.0785991,1.34152e-07,6.7459e-08,0.0785989,5.25579e-07,0.164856
0.136335,0.0840736,-3.45034e-07,-1.24573e-08,-3.45034e-07,0.0371481,6.35826e-09,-1.24573e-08,6.35826e-09,0.0371483,0.0392434,3.00316e-07,0.0392434,-1.18125e-08,1.99368e-07,3.00316e-07,1.99368e-07,-5.05629e-07,0.0392435,2.79561e-07,-1.45224e-07,-1.68203e-07,0.0392435,-1.68203e-07,2.49536e-07,0.0392434,-1.18125e-08,1.99368e-07,3.00316e-07,1.99368e-07,-5.05629e-07,0.0840742,-4.86178e-08,-1.45439e-10,-4.86178e-08,0.037148,0.0392436,-8.6106e-08,0.0392436,-5.6144e-08,0.0392435,-1.68203e-07,2.49536e-07,0.0392436,-5.6144e-08,0.0840741
0.441116,1.16528,3.13303e-08,1.41409e-08,3.13303e-08,0.332106,-2.98626e-08,1.41409e-08,-2.98626e-08,0.332106,0.498916,-2.01434e-08,0.498916,2.26234e-08,5.45922e-08,-2.01434e-08,5.45922e-08,3.697e-08,0.498915,-4.63619e-08,-7.45354e-08,-1.40605e-08,0.498915,-1.40605e-08,2.93335e-09,0.498916,2.26234e-08,5.45922e-08,-2.01434e-08,5.45922e-08,3.697e-08,1.16528,1.37335e-07,-1.21953e-08,1.37335e-07,0.332107,0.498915,-2.47158e-08,0.498915,5.6783e-08,0.498915,-1.40605e-08,2.93335e-09,0.498915,5.6783e-08,1.16528
0.395897,1.03364,1.65199e-07,-5.3234e-08,1.65199e-07,0.29699,3.01941e-08,-5.3234e-08,3.01941e-08,0.296989,0.44678,-8.06141e-08,0.44678,1.16306e-07,9.87108e-08,-8.06141e-08,9.87108e-08,7.88711e-08,0.44678,-9.15749e-08,-6.59742e-08,-6.42318e-08,0.44678,-6.42318e-08,2.93591e-08,0.44678,1.16306e-07,9.87108e-08,-8.06141e-08,9.87108e-08,7.88711e-08,1.03364,1.43611e-07,8.53457e-08,1.43611e-07,0.296991,0.44678,3.59665e-08,0.44678,7.631e-08,0.44678,-6.42318e-08,2.93591e-08,0.44678,7.631e-08,1.03364
0.350678,0.838354,2.55701e-07,-2.34326e-07,2.55701e-07,0.24913,6.21509e-08,-2.34326e-07,6.21509e-08,0.24913,0.37241,-2.04678e-09,0.37241,1.60601e-07,-5.00914e-08,-2.04678e-09,-5.00914e-08,3.38878e-08,0.37241,-4.24624e-09,1.18674e-07,-1.16554e-08,0.37241,-1.16554e-08,1.13767e-08,0.37241,1.60601e-07,-5.00914e-08,-2.04678e-09,-5.00914e-08,3.38878e-08,0.838354,-1.0678e-07,8.1344e-08,-1.0678e-07,0.24913,0.37241,1.32446e-07,0.37241,3.81222e-08,0.37241,-1.16554e-08,1.13767e-08,0.37241,3.81222e-08,0.838354
0.305458,0.544223,3.06881e-07,3.27764e-07,3.06881e-07,0.176266,-7.89343e-10,3.27764e-07,-7.89343e-10,0.176269,0.254055,-3.20571e-07,0.254055,-5.99411e-07,-1.46863e-08,-3.20571e-07,-1.46863e-08,-5.36779e-07,0.254055,-3.95834e-07,-2.09391e-07,-1.17474e-07,0.254055,-1.17474e-07,2.27379e-07,0.254055,-5.99411e-07,-1.46863e-08,-3.20571e-07,-1.46863e-08,-5.36779e-07,0.544222,-4.02371e-07,-2.63831e-07,-4.02371e-07,0.176268,0.254055,-1.73493e-07,0.254055,-1.66264e-07,0.254055,-1.17474e-07,2.27379e-07,0.254055,-1.66264e-07,0.544222
0.260239,0.364506,2.28021e-07,2.81052e-07,2.28021e-07,0.127648,-2.59338e-08,2.81052e-07,-2.59338e-08,0.127648,0.173534,-2.36077e-07,0.173534,-2.27371e-07,3.416e-07,-2.36077e-07,3.416e-07,3.59199e-07,0.173534,-1.53397e-07,-2.26947e-07,-4.37409e-07,0.173534,-4.37409e-07,1.90085e-07,0.173534,-2.27371e-07,3.416e-07,-2.36077e-07,3.416e-07,3.59199e-07,0.364506,-3.27475e-07,-3.2258e-07,-3.27475e-07,0.127648,0.173534,-2.36864e-07,0.173534,-1.64397e-07,0.173534,-4.37409e-07,1.90085e-07,0.173534,-1.64397e-07,0.364506
0.21502,0.210114,-2.85242e-07,-5.35644e-08,-2.85242e-07,0.080739,7.45891e-08,-5.35644e-08,7.45891e-08,0.0807374,0.0986728,-1.95728e-07,0.0986728,-1.06034e-07,5.0723e-07,-1.95728e-07,5.0723e-07,5.8536e-07,0.098673,4.07431e-07,-3.07211e-08,1.82675e-08,0.098673,1.82675e-08,1.57511e-07,0.0986728,-1.06034e-07,5.0723e-07,-1.95728e-07,5.0723e-07,5.8536e-07,0.210114,1.33756e-07,-3.85813e-08,1.33756e-07,0.0807389,0.0986725,2.0281e-07,0.0986725,1.69224e-07,0.098673,1.82675e-08,1.57511e-07,0.0986725,1.69224e-07,0.210114
0.169801,0.126402,-3.07036e-07,1.10879e-07,-3.07036e-07,0.054975,-5.19483e-08,1.10879e-07,-5.19483e-08,0.0549745,0.0616083,6.53022e-09,0.0616083,-1.70379e-07,3.10684e-07,6.53022e-09,3.10684e-07,1.40747e-07,0.0616087,1.28751e-08,-2.04413e-07,-6.70757e-08,0.0616087,-6.70757e-08,1.44832e-07,0.0616083,-1.70379e-07,3.10684e-07,6.53022e-09,3.10684e-07,1.40747e-07,0.126403,2.74514e-07,6.5894e-08,2.74514e-07,0.0549749,0.0616086,-3.59104e-08,0.0616086,5.66523e-07,0.0616087,-6.70757e-08,1.44832e-07,0.0616086,5.66523e-07,0.126403
0.124582,0.0519367,-1.059e-08,-2.12185e-07,-1.059e-08,0.0248186,1.04479e-07,-2.12185e-07,1.04479e-07,0.0248191,0.0253704,7.63374e-09,0.0253704,-1.53191e-07,6.79247e-08,7.63374e-09,6.79247e-08,-1.33168e-07,0.0253705,5.72067e-08,-2.69055e-07,-6.73889e-08,0.0253705,-6.73889e-08,1.96921e-08,0.0253704,-1.53191e-07,6.79247e-08,7.63374e-09,6.79247e-08,-1.33168e-07,0.0519366,8.93521e-08,7.00736e-08,8.93521e-08,0.0248187,0.0253705,-5.23859e-08,0.0253705,6.67189e-08,0.0253705,-6.73889e-08,1.96921e-08,0.0253705,6.67189e-08,0.0519366
0.429362,1.16528,3.13303e-08,1.41409e-08,3.13303e-08,0.332106,-2.98626e-08,1.41409e-08,-2.98626e-08,0.332106,0.498916,-2.01434e-08,0.498916,2.26234e-08,5.45922e-08,-2.01434e-08,5.45922e-08,3.697e-08,0.498915,-4.63619e-08,-7.45354e-08,-1.40605e-08,0.498915,-1.40605e-08,2.93335e-09,0.498916,2.26234e-08,5.45922e-08,-2.01434e-08,5.45922e-08,3.697e-08,1.16528,1.37335e-07,-1.21953e-08,1.37335e-07,0.332107,0.498915,-2.47158e-08,0.498915,5.6783e-08,0.498915,-1.40605e-08,2.93335e-09,0.498915,5.6783e-08,1.16528
0.384143,0.989919,2.12686e-07,-9.82704e-08,2.12686e-07,0.285764,-1.63464e-09,-9.82704e-08,-1.63464e-09,0.285765,0.430522,-7.05608e-08,0.430522,1.42295e-07,-1.53133e-08,-7.05608e-08,-1.53133e-08,8.51035e-08,0.430522,-1.027e-07,-4.51747e-08,-3.97938e-09,0.430522,-3.97938e-09,-3.69857e-09,0.430522,1.42295e-07,-1.53133e-08,-7.05608e-08,-1.53133e-08,8.51035e-08,0.989919,-2.10244e-08,6.79487e-08,-2.10244e-08,0.285765,0.430522,2.20211e-08,0.430522,1.82189e-07,0.430522,-3.97938e-09,-3.69857e-09,0.430522,1.82189e-07,0.989919
0.338924,0.736144,1.59553e-07,-4.72598e-08,1.59553e-07,0.221211,4.44328e-09,-4.72598e-08,4.44328e-09,0.221212,0.330971,1.29953e-08,0.330971,5.17781e-08,-7.49223e-08,1.29953e-08,-7.49223e-08,-3.92548e-07,0.330971,1.82457e-09,2.04569e-07,5.79699e-08,0.330971,5.79699e-08,8.11887e-09,0.330971,5.17781e-08,-7.49223e-08,1.29953e-08,-7.49223e-08,-3.92548e-07,0.736144,-3.54283e-07,-4.38045e-08,-3.54283e-07,0.221211,0.330971,7.64692e-09,0.330971,-2.8744e-07,0.330971,5.79699e-08,8.11887e-09,0.330971,-2.8744e-07,0.736144
0.293705,0.517335,3.39085e-07,2.92425e-07,3.39085e-07,0.167623,-6.46621e-08,2.92425e-07,-6.46621e-08,0.167624,0.241304,-3.70913e-07,0.241304,-2.70268e-07,1.36286e-08,-3.70913e-07,1.36286e-08,-6.59171e-07,0.241304,-4.76944e-07,-3.32628e-07,-1.28953e-07,0.241304,-1.28953e-07,2.89698e-07,0.241304,-2.70268e-07,1.36286e-08,-3.70913e-07,1.36286e-08,-6.59171e-07,0.517334,-4.54062e-07,-2.87388e-07,-4.54062e-07,0.167624,0.241304,-2.75106e-07,0.241304,-2.22659e-07,0.241304,-1.28953e-07,2.89698e-07,0.241304,-2.22659e-07,0.517335
0.248486,0.336971,3.72092e-07,3.80641e-07,3.72092e-07,0.118807,1.94136e-07,3.80641e-07,1.94136e-07,0.118806,0.159174,-1.6464e-07,0.159174,-1.98629e-07,3.08147e-07,-1.6464e-07,3.08147e-07,2.5428e-07,0.159174,-1.56798e-07,-1.79653e-07,-3.20525e-07,0.159174,-3.20525e-07,1.88433e-07,0.159174,-1.98629e-07,3.08147e-07,-1.6464e-07,3.08147e-07,2.5428e-07,0.336971,-1.38995e-07,-2.95408e-07,-1.38995e-07,0.118807,0.159175,-1.34745e-08,0.159175,-1.89573e-07,0.159174,-3.20525e-07,1.88433e-07,0.159175,-1.89573e-07,0.336972
0.203266,0.187535,-5.77438e-07,-2.44391e-07,-5.77438e-07,0.0733647,1.70475e-07,-2.44391e-07,1.70475e-07,0.0733632,0.0873752,-1.08431e-07,0.0873752,-1.23269e-07,4.74594e-07,-1.08431e-07,4.74594e-07,5.03632e-07,0.0873755,4.91494e-07,2.64182e-07,1.26099e-07,0.0873755,1.26099e-07,-4.9764e-09,0.0873752,-1.23269e-07,4.74594e-07,-1.08431e-07,4.74594e-07,5.03632e-07,0.187535,2.53064e-07,2.97986e-07,2.53064e-07,0.0733641,0.0873754,5.97345e-08,0.0873754,3.53554e-07,0.0873755,1.26099e-07,-4.9764e-09,0.0873754,3.53554e-07,0.187535
0.158047,0.0918008,-2.84429e-07,-9.07326e-08,-2.84429e-07,0.041319,1.82388e-08,-9.07326e-08,1.82388e-08,0.0413195,0.044073,2.96407e-07,0.044073,-1.35435e-07,2.25846e-07,2.96407e-07,2.25846e-07,-4.56919e-07,0.0440732,2.39609e-07,1.85313e-08,-2.04935e-07,0.0440732,-2.04935e-07,5.99149e-08,0.044073,-1.35435e-07,2.25846e-07,2.96407e-07,2.25846e-07,-4.56919e-07,0.091802,6.29211e-08,-3.12901e-08,6.29211e-08,0.0413192,0.0440732,-1.60724e-07,0.0440732,2.3817e-07,0.0440732,-2.04935e-07,5.99149e-08,0.0440732,2.3817e-07,0.0918022
0.112828,0.0519367,-1.059e-08,-2.12185e-07,-1.059e-08,0.0248186,1.04479e-07,-2.12185e-07,1.04479e-07,0.0248191,0.0253704,7.63374e-09,0.0253704,-1.53191e-07,6.79247e-08,7.63374e-09,6.79247e-08,-1.33168e-07,0.0253705,5.72067e-08,-2.69055e-07,-6.73889e-08,0.0253705,-6.73889e-08,1.96921e-08,0.0253704,-1.53191e-07,6.79247e-08,7.63374e-09,6.79247e-08,-1.33168e-07,0.0519366,8.93521e-08,7.00736e-08,8.93521e-08,0.0248187,0.0253705,-5.23859e-08,0.0253705,6.67189e-08,0.0253705,-6.73889e-08,1.96921e-08,0.0253705,6.67189e-08,0.0519366
0.417609,1.14103,5.72757e-08,-1.40236e-08,5.72757e-08,0.324977,-2.22672e-08,-1.40236e-08,-2.22672e-08,0.324977,0.489245,-5.03492e-08,0.489245,3.4962e-08,7.89773e-08,-5.03492e-08,7.89773e-08,2.67783e-08,0.489245,-4.64475e-08,-7.51886e-08,-2.33453e-08,0.489245,-2.33453e-08,1.51414e-08,0.489245,3.4962e-08,7.89773e-08,-5.03492e-08,7.89773e-08,2.67783e-08,1.14103,1.62779e-07,2.42896e-08,1.62779e-07,0.324978,0.489245,2.01611e-08,0.489245,3.98594e-08,0.489245,-2.33453e-08,1.51414e-08,0.489245,3.98594e-08,1.14103
0.37239,0.966929,1.99152e-07,-1.06297e-07,1.99152e-07,0.279417,-6.59364e-10,-1.06297e-07,-6.59364e-10,0.279417,0.421528,-7.47895e-08,0.421528,9.54423e-08,-1.63225e-08,-7.47895e-08,-1.63225e-08,7.92364e-08,0.421528,-1.21936e-07,9.56348e-09,-2.51243e-08,0.421528,-2.51243e-08,-6.94174e-09,0.421528,9.54423e-08,-1.63225e-08,-7.47895e-08,-1.63225e-08,7.92364e-08,0.966929,-2.27047e-08,4.12859e-08,-2.27047e-08,0.279417,0.421528,8.70712e-09,0.421528,1.64903e-07,0.421528,-2.51243e-08,-6.94174e-09,0.421528,1.64903e-07,0.966929
0.327171,0.704711,8.89649e-08,-3.34247e-08,8.89649e-08,0.21247,-4.98058e-08,-3.34247e-08,-4.98058e-08,0.212471,0.317261,-1.95722e-09,0.317261,3.81472e-08,-3.55154e-08,-1.95722e-09,-3.55154e-08,-5.0057e-07,0.317261,-1.43074e-08,2.16395e-07,-3.31006e-08,0.317261,-3.31006e-08,3.87306e-08,0.317261,3.81472e-08,-3.55154e-08,-1.95722e-09,-3.55154e-08,-5.0057e-07,0.704711,-3.59012e-07,-6.08585e-08,-3.59012e-07,0.21247,0.317261,-2.24959e-08,0.317261,-3.65157e-07,0.317261,-3.31006e-08,3.87306e-08,0.317261,-3.65157e-07,0.704711
0.281951,0.494644,2.21701e-07,3.18243e-07,2.21701e-07,0.159054,-2.02243e-07,3.18243e-07,-2.02243e-07,0.159055,0.228403,-3.60945e-07,0.228403,-2.0591e-07,4.80195e-08,-3.60945e-07,4.80195e-08,-3.71301e-08,0.228403,-3.71274e-07,-4.01483e-07,-2.12352e-07,0.228403,-2.12352e-07,2.35681e-07,0.228403,-2.0591e-07,4.80195e-08,-3.60945e-07,4.80195e-08,-3.71301e-08,0.494643,-2.81667e-07,-4.33275e-07,-2.81667e-07,0.159055,0.228403,-3.03566e-07,0.228403,9.2342e-08,0.228403,-2.12352e-07,2.35681e-07,0.228403,9.2342e-08,0.494643
0.236732,0.311099,3.3488e-07,3.5098e-07,3.3488e-07,0.113615,1.05623e-07,3.5098e-07,1.05623e-07,0.113615,0.14947,-1.10596e-07,0.14947,-2.27441e-07,3.4063e-07,-1.10596e-07,3.4063e-07,3.12741e-07,0.14947,-9.67596e-08,-1.21688e-07,-4.11233e-07,0.14947,-4.11233e-07,1.61229e-07,0.14947,-2.27441e-07,3.4063e-07,-1.10596e-07,3.4063e-07,3.12741e-07,0.3111,-6.24446e-08,-2.6863e-07,-6.24446e-08,0.113616,0.149471,-1.63318e-09,0.149471,-1.76076e-07,0.14947,-4.11233e-07,1.61229e-07,0.149471,-1.76076e-07,0.3111
0.191513,0.164856,-5.61245e-07,-9.86359e-08,-5.61245e-07,0.0677216,1.0778e-07,-9.86359e-08,1.0778e-07,0.0677206,0.0785988,-1.35854e-07,0.0785988,-3.23099e-07,3.86994e-07,-1.35854e-07,3.86994e-07,5.39894e-07,0.0785991,2.41368e-07,4.71822e-07,1.34152e-07,0.0785991,1.34152e-07,6.7459e-08,0.0785988,-3.23099e-07,3.86994e-07,-1.35854e-07,3.86994e-07,5.39894e-07,0.164856,2.19148e-07,3.07283e-07,2.19148e-07,0.0677211,0.0785989,2.16568e-08,0.0785989,5.25579e-07,0.0785991,1.34152e-07,6.7459e-08,0.0785989,5.25579e-07,0.164856
0.146294,0.0840736,-3.45034e-07,-1.24573e-08,-3.45034e-07,0.0371481,6.35826e-09,-1.24573e-08,6.35826e-09,0.0371483,0.0392434,3.00316e-07,0.0392434,-1.18125e-08,1.99368e-07,3.00316e-07,1.99368e-07,-5.05629e-07,0.0392435,2.79561e-07,-1.45224e-07,-1.68203e-07,0.0392435,-1.68203e-07,2.49536e-07,0.0392434,-1.18125e-08,1.99368e-07,3.00316e-07,1.99368e-07,-5.05629e-07,0.0840742,-4.86178e-08,-1.45439e-10,-4.86178e-08,0.037148,0.0392436,-8.6106e-08,0.0392436,-5.6144e-08,0.0392435,-1.68203e-07,2.49536e-07,0.0392436,-5.6144e-08,0.0840741
0.101075,0.0382465,-5.8275e-08,-7.41829e-08,-5.8275e-08,0.0181721,2.63409e-08,-7.41829e-08,2.63409e-08,0.0181719,0.0182847,1.94463e-08,0.0182847,7.7086e-08,-7.57211e-08,1.94463e-08,-7.57211e-08,-6.05818e-08,0.0182849,-1.09007e-07,6.55496e-09,-2.36174e-08,0.0182849,-2.36174e-08,-7.978e-08,0.0182847,7.7086e-08,-7.57211e-08,1.94463e-08,-7.57211e-08,-6.05818e-08,0.0382465,-8.8898e-08,7.23672e-08,-8.8898e-08,0.0181719,0.0182847,2.39884e-08,0.0182847,1.41723e-07,0.0182849,-2.36174e-08,-7.978e-08,0.0182847,1.41723e-07,0.0382466
0.405855,1.06589,9.29114e-08,-4.18743e-08,9.29114e-08,0.304467,3.82353e-08,-4.18743e-08,3.82353e-08,0.304466,0.459915,-5.51833e-08,0.459915,1.05064e-07,1.06007e-07,-5.51833e-08,1.06007e-07,3.27748e-08,0.459915,-6.30361e-08,-5.94527e-08,-6.15412e-08,0.459915,-6.15412e-08,4.54377e-08,0.459915,1.05064e-07,1.06007e-07,-5.51833e-08,1.06007e-07,3.27748e-08,1.06589,1.70752e-07,4.70624e-08,1.70752e-07,0.304468,0.459915,6.9275e-09,0.459915,-1.98108e-08,0.459915,-6.15412e-08,4.54377e-08,0.459915,-1.98108e-08,1.06589
0.360636,0.916487,2.47827e-07,-2.09412e-07,2.47827e-07,0.26671,5.43274e-08,-2.09412e-07,5.43274e-08,0.26671,0.401697,-6.23895e-08,0.401697,1.1692e-07,-4.56979e-09,-6.23895e-08,-4.56979e-09,5.95346e-08,0.401697,-8.72003e-08,4.56485e-08,-3.67171e-08,0.401697,-3.67171e-08,2.26067e-10,0.401697,1.1692e-07,-4.56979e-09,-6.23895e-08,-4.56979e-09,5.95346e-08,0.916487,5.73277e-09,5.99588e-08,5.73277e-09,0.266711,0.401697,9.81361e-08,0.401697,1.14716e-07,0.401697,-3.67171e-08,2.26067e-10,0.401697,1.14716e-07,0.916487
0.315417,0.673413,2.83321e-07,2.15768e-08,2.83321e-07,0.206032,3.35163e-09,2.15768e-08,3.35163e-09,0.206033,0.305308,-2.35774e-08,0.305308,2.47683e-08,-8.3626e-08,-2.35774e-08,-8.3626e-08,-4.81853e-07,0.305308,-3.77095e-08,2.40508e-07,2.56483e-08,0.305308,2.56483e-08,1.25425e-08,0.305308,2.47683e-08,-8.3626e-08,-2.35774e-08,-8.3626e-08,-4.81853e-07,0.673413,-3.55228e-07,-1.4024e-07,-3.55228e-07,0.206032,0.305308,-6.17565e-08,0.305308,-3.66563e-07,0.305308,2.56483e-08,1.25425e-08,0.305308,-3.66563e-07,0.673413
0.270198,0.391782,4.52714e-07,2.4034e-07,4.52714e-07,0.131707,-2.07485e-07,2.4034e-07,-2.07485e-07,0.131706,0.181803,-3.37731e-07,0.181803,-2.21199e-08,3.6116e-07,-3.37731e-07,3.6116e-07,3.66148e-07,0.181804,-2.60811e-07,-1.13643e-07,-4.82358e-07,0.181804,-4.82358e-07,6.7231e-08,0.181803,-2.21199e-08,3.6116e-07,-3.37731e-07,3.6116e-07,3.66148e-07,0.391782,-3.68441e-07,-2.64359e-07,-3.68441e-07,0.131707,0.181803,-2.53527e-07,0.181803,-1.68717e-07,0.181804,-4.82358e-07,6.7231e-08,0.181803,-1.68717e-07,0.391782
0.224979,0.261061,9.71779e-09,-1.30279e-07,9.71779e-09,0.0984203,-1.07957e-07,-1.30279e-07,-1.07957e-07,0.0984193,0.124456,2.8984e-08,0.124456,-7.88217e-08,3.87587e-07,2.8984e-08,3.87587e-07,5.17884e-07,0.124456,2.64789e-08,-1.78925e-07,-3.36902e-07,0.124456,-3.36902e-07,1.1865e-07,0.124456,-7.88217e-08,3.87587e-07,2.8984e-08,3.87587e-07,5.17884e-07,0.26106,1.19146e-07,-2.54164e-08,1.19146e-07,0.0984209,0.124456,4.26298e-07,0.124456,2.1928e-07,0.124456,-3.36902e-07,1.1865e-07,0.124456,2.1928e-07,0.26106
0.179759,0.164856,-5.61245e-07,-9.86359e-08,-5.61245e-07,0.0677216,1.0778e-07,-9.86359e-08,1.0778e-07,0.0677206,0.0785988,-1.35854e-07,0.0785988,-3.23099e-07,3.86994e-07,-1.35854e-07,3.86994e-07,5.39894e-07,0.0785991,2.41368e-07,4.71822e-07,1.34152e-07,0.0785991,1.34152e-07,6.7459e-08,0.0785988,-3.23099e-07,3.86994e-07,-1.35854e-07,3.86994e-07,5.39894e-07,0.164856,2.19148e-07,3.07283e-07,2.19148e-07,0.0677211,0.0785989,2.16568e-08,0.0785989,5.25579e-07,0.0785991,1.34152e-07,6.7459e-08,0.0785989,5.25579e-07,0.164856
0.13454,0.0677711,-2.09579e-07,-8.68479e-08,-2.09579e-07,0.0314462,2.23153e-07,-8.68479e-08,2.23153e-07,0.0314469,0.0330134,1.79248e-07,0.0330134,1.67973e-07,2.67023e-07,1.79248e-07,2.67023e-07,-7.26568e-07,0.0330135,1.58314e-07,-2.8179e-07,-1.78189e-08,0.0330135,-1.78189e-08,2.13699e-08,0.0330134,1.67973e-07,2.67023e-07,1.79248e-07,2.67023e-07,-7.26568e-07,0.0677715,-6.035e-08,8.3159e-08,-6.035e-08,0.0314466,0.0330135,-1.13369e-08,0.0330135,3.52524e-07,0.0330135,-1.78189e-08,2.13699e-08,0.0330135,3.52524e-07,0.0677711
0.439321,1.16528,3.13303e-08,1.41409e-08,3.13303e-08,0.332106,-2.98626e-08,1.41409e-08,-2.98626e-08,0.332106,0.498916,-2.01434e-08,0.498916,2.26234e-08,5.45922e-08,-2.01434e-08,5.45922e-08,3.697e-08,0.498915,-4.63619e-08,-7.45354e-08,-1.40605e-08,0.498915,-1.40605e-08,2.93335e-09,0.498916,2.26234e-08,5.45922e-08,-2.01434e-08,5.45922e-08,3.697e-08,1.16528,1.37335e-07,-1.21953e-08,1.37335e-07,0.332107,0.498915,-2.47158e-08,0.498915,5.6783e-08,0.498915,-1.40605e-08,2.93335e-09,0.498915,5.6783e-08,1.16528
0.394102,1.03364,1.65199e-07,-5.3234e-08,1.65199e-07,0.29699,3.01941e-08,-5.3234e-08,3.01941e-08,0.296989,0.44678,-8.06141e-08,0.44678,1.16306e-07,9.87108e-08,-8.06141e-08,9.87108e-08,7.88711e-08,0.44678,-9.15749e-08,-6.59742e-08,-6.42318e-08,0.44678,-6.42318e-08,2.93591e-08,0.44678,1.16306e-07,9.87108e-08,-8.06141e-08,9.87108e-08,7.88711e-08,1.03364,1.43611e-07,8.53457e-08,1.43611e-07,0.296991,0.44678,3.59665e-08,0.44678,7.631e-08,0.44678,-6.42318e-08,2.93591e-08,0.44678,7.631e-08,1.03364
0.348883,0.838354,2.55701e-07,-2.34326e-07,2.55701e-07,0.24913,6.21509e-08,-2.34326e-07,6.21509e-08,0.24913,0.37241,-2.04678e-09,0.37241,1.60601e-07,-5.00914e-08,-2.04678e-09,-5.00914e-08,3.38878e-08,0.37241,-4.24624e-09,1.18674e-07,-1.16554e-08,0.37241,-1.16554e-08,1.13767e-08,0.37241,1.60601e-07,-5.00914e-08,-2.04678e-09,-5.00914e-08,3.38878e-08,0.838354,-1.0678e-07,8.1344e-08,-1.0678e-07,0.24913,0.37241,1.32446e-07,0.37241,3.81222e-08,0.37241,-1.16554e-08,1.13767e-08,0.37241,3.81222e-08,0.838354
0.303663,0.544223,3.06881e-07,3.27764e-07,3.06881e-07,0.176266,-7.89343e-10,3.27764e-07,-7.89343e-10,0.176269,0.254055,-3.20571e-07,0.254055,-5.99411e-07,-1.46863e-08,-3.20571e-07,-1.46863e-08,-5.36779e-07,0.254055,-3.95834e-07,-2.09391e-07,-1.17474e-07,0.254055,-1.17474e-07,2.27379e-07,0.254055,-5.99411e-07,-1.46863e-08,-3.20571e-07,-1.46863e-08,-5.36779e-07,0.544222,-4.02371e-07,-2.63831e-07,-4.02371e-07,0.176268,0.254055,-1.73493e-07,0.254055,-1.66264e-07,0.254055,-1.17474e-07,2.27379e-07,0.254055,-1.66264e-07,0.544222
0.258444,0.364506,2.28021e-07,2.81052e-07,2.28021e-07,0.127648,-2.59338e-08,2.81052e-07,-2.59338e-08,0.127648,0.173534,-2.36077e-07,0.173534,-2.27371e-07,3.416e-07,-2.36077e-07,3.416e-07,3.59199e-07,0.173534,-1.53397e-07,-2.26947e-07,-4.37409e-07,0.173534,-4.37409e-07,1.90085e-07,0.173534,-2.27371e-07,3.416e-07,-2.36077e-07,3.416e-07,3.59199e-07,0.364506,-3.27475e-07,-3.2258e-07,-3.27475e-07,0.127648,0.173534,-2.36864e-07,0.173534,-1.64397e-07,0.173534,-4.37409e-07,1.90085e-07,0.173534,-1.64397e-07,0.364506
0.213225,0.210114,-2.85242e-07,-5.35644e-08,-2.85242e-07,0.080739,7.45891e-08,-5.35644e-08,7.45891e-08,0.0807374,0.0986728,-1.95728e-07,0.0986728,-1.06034e-07,5.0723e-07,-1.95728e-07,5.0723e-07,5.8536e-07,0.098673,4.07431e-07,-3.07211e-08,1.82675e-08,0.098673,1.82675e-08,1.57511e-07,0.0986728,-1.06034e-07,5.0723e-07,-1.95728e-07,5.0723e-07,5.8536e-07,0.210114,1.33756e-07,-3.85813e-08,1.33756e-07,0.0807389,0.0986725,2.0281e-07,0.0986725,1.69224e-07,0.098673,1.82675e-08,1.57511e-07,0.0986725,1.69224e-07,0.210114
0.168006,0.126402,-3.07036e-07,1.10879e-07,-3.07036e-07,0.054975,-5.19483e-08,1.10879e-07,-5.19483e-08,0.0549745,0.0616083,6.53022e-09,0.0616083,-1.70379e-07,3.10684e-07,6.53022e-09,3.10684e-07,1.40747e-07,0.0616087,1.28751e-08,-2.04413e-07,-6.70757e-08,0.0616087,-6.70757e-08,1.44832e-07,0.0616083,-1.70379e-07,3.10684e-07,6.53022e-09,3.10684e-07,1.40747e-07,0.126403,2.74514e-07,6.5894e-08,2.74514e-07,0.0549749,0.0616086,-3.59104e-08,0.0616086,5.66523e-07,0.0616087,-6.70757e-08,1.44832e-07,0.0616086,5.66523e-07,0.126403
0.122787,0.0519367,-1.059e-08,-2.12185e-07,-1.059e-08,0.0248186,1.04479e-07,-2.12185e-07,1.04479e-07,0.0248191,0.0253704,7.63374e-09,0.0253704,-1.53191e-07,6.79247e-08,7.63374e-09,6.79247e-08,-1.33168e-07,0.0253705,5.72067e-08,-2.69055e-07,-6.73889e-08,0.0253705,-6.73889e-08,1.96921e-08,0.0253704,-1.53191e-07,6.79247e-08,7.63374e-09,6.79247e-08,-1.33168e-07,0.0519366,8.93521e-08,7.00736e-08,8.93521e-08,0.0248187,0.0253705,-5.23859e-08,0.0253705,6.67189e-08,0.0253705,-6.73889e-08,1.96921e-08,0.0253705,6.67189e-08,0.0519366
0.427567,1.16528,3.13303e-08,1.41409e-08,3.13303e-08,0.332106,-2.98626e-08,1.41409e-08,-2.98626e-08,0.332106,0.498916,-2.01434e-08,0.498916,2.26234e-08,5.45922e-08,-2.01434e-08,5.45922e-08,3.697e-08,0.498915,-4.63619e-08,-7.45354e-08,-1.40605e-08,0.498915,-1.40605e-08,2.93335e-09,0.498916,2.26234e-08,5.45922e-08,-2.01434e-08,5.45922e-08,3.697e-08,1.16528,1.37335e-07,-1.21953e-08,1.37335e-07,0.332107,0.498915,-2.47158e-08,0.498915,5.6783e-08,0.498915,-1.40605e-08,2.93335e-09,0.498915,5.6783e-08,1.16528
0.382348,0.989919,2.12686e-07,-9.82704e-08,2.12686e-07,0.285764,-1.63464e-09,-9.82704e-08,-1.63464e-09,0.285765,0.430522,-7.05608e-08,0.430522,1.42295e-07,-1.53133e-08,-7.05608e-08,-1.53133e-08,8.51035e-08,0.430522,-1.027e-07,-4.51747e-08,-3.97938e-09,0.430522,-3.97938e-09,-3.69857e-09,0.430522,1.42295e-07,-1.53133e-08,-7.05608e-08,-1.53133e-08,8.51035e-08,0.989919,-2.10244e-08,6.79487e-08,-2.10244e-08,0.285765,0.430522,2.20211e-08,0.430522,1.82189e-07,0.430522,-3.97938e-09,-3.69857e-09,0.430522,1.82189e-07,0.989919
0.337129,0.736144,1.59553e-07,-4.72598e-08,1.59553e-07,0.221211,4.44328e-09,-4.72598e-08,4.44328e-09,0.221212,0.330971,1.29953e-08,0.330971,5.17781e-08,-7.49223e-08,1.29953e-08,-7.49223e-08,-3.92548e-07,0.330971,1.82457e-09,2.04569e-07,5.79699e-08,0.330971,5.79699e-08,8.11887e-09,0.330971,5.17781e-08,-7.49223e-08,1.29953e-08,-7.49223e-08,-3.92548e-07,0.736144,-3.54283e-07,-4.38045e-08,-3.54283e-07,0.221211,0.330971,7.64692e-09,0.330971,-2.8744e-07,0.330971,5.79699e-08,8.11887e-09,0.330971,-2.8744e-07,0.736144
0.29191,0.517335,3.39085e-07,2.92425e-07,3.39085e-07,0.167623,-6.46621e-08,2.92425e-07,-6.46621e-08,0.167624,0.241304,-3.70913e-07,0.241304,-2.70268e-07,1.36286e-08,-3.70913e-07,1.36286e-08,-6.59171e-07,0.241304,-4.76944e-07,-3.32628e-07,-1.28953e-07,0.241304,-1.28953e-07,2.89698e-07,0.241304,-2.70268e-07,1.36286e-08,-3.70913e-07,1.36286e-08,-6.59171e-07,0.517334,-4.54062e-07,-2.87388e-07,-4.54062e-07,0.167624,0.241304,-2.75106e-07,0.241304,-2.22659e-07,0.241304,-1.28953e-07,2.89698e-07,0.241304,-2.22659e-07,0.517335
0.246691,0.336971,3.72092e-07,3.80641e-07,3.72092e-07,0.118807,1.94136e-07,3.80641e-07,1.94136e-07,0.118806,0.159174,-1.6464e-07,0.159174,-1.98629e-07,3.08147e-07,-1.6464e-07,3.08147e-07,2.5428e-07,0.159174,-1.56798e-07,-1.79653e-07,-3.20525e-07,0.159174,-3.20525e-07,1.88433e-07,0.159174,-1.98629e-07,3.08147e-07,-1.6464e-07,3.08147e-07,2.5428e-07,0.336971,-1.38995e-07,-2.95408e-07,-1.38995e-07,0.118807,0.159175,-1.34745e-08,0.159175,-1.89573e-07,0.159174,-3.20525e-07,1.88433e-07,0.159175,-1.89573e-07,0.336972
0.201472,0.187535,-5.77438e-07,-2.44391e-07,-5.77438e-07,0.0733647,1.70475e-07,-2.44391e-07,1.70475e-07,0.0733632,0.0873752,-1.08431e-07,0.0873752,-1.23269e-07,4.74594e-07,-1.08431e-07,4.74594e-07,5.03632e-07,0.0873755,4.91494e-07,2.64182e-07,1.26099e-07,0.0873755,1.26099e-07,-4.9764e-09,0.0873752,-1.23269e-07,4.74594e-07,-1.08431e-07,4.74594e-07,5.03632e-07,0.187535,2.53064e-07,2.97986e-07,2.53064e-07,0.0733641,0.0873754,5.97345e-08,0.0873754,3.53554e-07,0.0873755,1.26099e-07,-4.9764e-09,0.0873754,3.53554e-07,0.187535
0.156252,0.0918008,-2.84429e-07,-9.07326e-08,-2.84429e-07,0.041319,1.82388e-08,-9.07326e-08,1.82388e-08,0.0413195,0.044073,2.96407e-07,0.044073,-1.35435e-07,2.25846e-07,2.96407e-07,2.25846e-07,-4.56919e-07,0.0440732,2.39609e-07,1.85313e-08,-2.04935e-07,0.0440732,-2.04935e-07,5.99149e-08,0.044073,-1.35435e-07,2.25846e-07,2.96407e-07,2.25846e-07,-4.56919e-07,0.091802,6.29211e-08,-3.12901e-08,6.29211e-08,0.0413192,0.0440732,-1.60724e-07,0.0440732,2.3817e-07,0.0440732,-2.04935e-07,5.99149e-08,0.0440732,2.3817e-07,0.0918022
0.111033,0.0519367,-1.059e-08,-2.12185e-07,-1.059e-08,0.0248186,1.04479e-07,-2.12185e-07,1.04479e-07,0.0248191,0.0253704,7.63374e-09,0.0253704,-1.53191e-07,6.79247e-08,7.63374e-09,6.79247e-08,-1.33168e-07,0.0253705,5.72067e-08,-2.69055e-07,-6.73889e-08,0.0253705,-6.73889e-08,1.96921e-08,0.0253704,-1.53191e-07,6.79247e-08,7.63374e-09,6.79247e-08,-1.33168e-07,0.0519366,8.93521e-08,7.00736e-08,8.93521e-08,0.0248187,0.0253705,-5.23859e-08,0.0253705,6.67189e-08,0.0253705,-6.73889e-08,1.96921e-08,0.0253705,6.67189e-08,0.0519366
0.415814,1.14103,5.72757e-08,-1.40236e-08,5.72757e-08,0.324977,-2.22672e-08,-1.40236e-08,-2.22672e-08,0.324977,0.489245,-5.03492e-08,0.489245,3.4962e-08,7.89773e-08,-5.03492e-08,7.89773e-08,2.67783e-08,0.489245,-4.64475e-08,-7.51886e-08,-2.33453e-08,0.489245,-2.33453e-08,1.51414e-08,0.489245,3.4962e-08,7.89773e-08,-5.03492e-08,7.89773e-08,2.67783e-08,1.14103,1.62779e-07,2.42896e-08,1.62779e-07,0.324978,0.489245,2.01611e-08,0.489245,3.98594e-08,0.489245,-2.33453e-08,1.51414e-08,0.489245,3.98594e-08,1.14103
0.370595,0.966929,1.99152e-07,-1.06297e-07,1.99152e-07,0.279417,-6.59364e-10,-1.06297e-07,-6.59364e-10,0.279417,0.421528,-7.47895e-08,0.421528,9.54423e-08,-1.63225e-08,-7.47895e-08,-1.63225e-08,7.92364e-08,0.421528,-1.21936e-07,9.56348e-09,-2.51243e-08,0.421528,-2.51243e-08,-6.94174e-09,0.421528,9.54423e-08,-1.63225e-08,-7.47895e-08,-1.63225e-08,7.92364e-08,0.966929,-2.27047e-08,4.12859e-08,-2.27047e-08,0.279417,0.421528,8.70712e-09,0.421528,1.64903e-07,0.421528,-2.51243e-08,-6.94174e-09,0.421528,1.64903e-07,0.966929
0.325376,0.704711,8.89649e-08,-3.34247e-08,8.89649e-08,0.21247,-4.98058e-08,-3.34247e-08,-4.98058e-08,0.212471,0.317261,-1.95722e-09,0.317261,3.81472e-08,-3.55154e-08,-1.95722e-09,-3.55154e-08,-5.0057e-07,0.317261,-1.43074e-08,2.16395e-07,-3.31006e-08,0.317261,-3.31006e-08,3.87306e-08,0.317261,3.81472e-08,-3.55154e-08,-1.95722e-09,-3.55154e-08,-5.0057e-07,0.704711,-3.59012e-07,-6.08585e-08,-3.59012e-07,0.21247,0.317261,-2.24959e-08,0.317261,-3.65157e-07,0.317261,-3.31006e-08,3.87306e-08,0.317261,-3.65157e-07,0.704711
0.280156,0.423054,4.58332e-07,2.65398e-07,4.58332e-07,0.138634,-1.76497e-07,2.65398e-07,-1.76497e-07,0.138633,0.194781,-3.88414e-07,0.194781,-4.01834e-09,2.02983e-07,-3.88414e-07,2.02983e-07,-3.75272e-07,0.194781,-3.58539e-07,-1.45381e-07,-3.4025e-07,0.194781,-3.4025e-07,1.89815e-07,0.194781,-4.01834e-09,2.02983e-07,-3.88414e-07,2.02983e-07,-3.75272e-07,0.423052,-3.6037e-07,-3.52081e-07,-3.6037e-07,0.138634,0.194781,-2.08791e-07,0.194781,-3.36052e-08,0.194781,-3.4025e-07,1.89815e-07,0.194781,-3.36052e-08,0.423053
0.234937,0.261061,9.71779e-09,-1.30279e-07,9.71779e-09,0.0984203,-1.07957e-07,-1.30279e-07,-1.07957e-07,0.0984193,0.124456,2.8984e-08,0.124456,-7.88217e-08,3.87587e-07,2.8984e-08,3.87587e-07,5.17884e-07,0.124456,2.64789e-08,-1.78925e-07,-3.36902e-07,0.124456,-3.36902e-07,1.1865e-07,0.124456,-7.88217e-08,3.87587e-07,2.8984e-08,3.87587e-07,5.17884e-07,0.26106,1.19146e-07,-2.54164e-08,1.19146e-07,0.0984209,0.124456,4.26298e-07,0.124456,2.1928e-07,0.124456,-3.36902e-07,1.1865e-07,0.124456,2.1928e-07,0.26106
0.189718,0.164856,-5.61245e-07,-9.86359e-08,-5.61245e-07,0.0677216,1.0778e-07,-9.86359e-08,1.0778e-07,0.0677206,0.0785988,-1.35854e-07,0.0785988,-3.23099e-07,3.86994e-07,-1.35854e-07,3.86994e-07,5.39894e-07,0.0785991,2.41368e-07,4.71822e-07,1.34152e-07,0.0785991,1.34152e-07,6.7459e-08,0.0785988,-3.23099e-07,3.86994e-07,-1.35854e-07,3.86994e-07,5.39894e-07,0.164856,2.19148e-07,3.07283e-07,2.19148e-07,0.0677211,0.0785989,2.16568e-08,0.0785989,5.25579e-07,0.0785991,1.34152e-07,6.7459e-08,0.0785989,5.25579e-07,0.164856
0.144499,0.0840736,-3.45034e-07,-1.24573e-08,-3.45034e-07,0.0371481,6.35826e-09,-1.24573e-08,6.35826e-09,0.0371483,0.0392434,3.00316e-07,0.0392434,-1.18125e-08,1.99368e-07,3.00316e-07,1.99368e-07,-5.05629e-07,0.0392435,2.79561e-07,-1.45224e-07,-1.68203e-07,0.0392435,-1.68203e-07,2.49536e-07,0.0392434,-1.18125e-08,1.99368e-07,3.00316e-07,1.99368e-07,-5.05629e-07,0.0840742,-4.86178e-08,-1.45439e-10,-4.86178e-08,0.037148,0.0392436,-8.6106e-08,0.0392436,-5.6144e-08,0.0392435,-1.68203e-07,2.49536e-07,0.0392436,-5.6144e-08,0.0840741
0.44928,1.19609,-7.00147e-09,6.85766e-09,-7.00147e-09,0.340068,-3.52865e-08,6.85766e-09,-3.52865e-08,0.340067,0.512081,-1.05246e-08,0.512081,-4.16517e-09,3.79693e-08,-1.05246e-08,3.79693e-08,2.20871e-08,0.512081,9.07922e-09,-5.67343e-08,-2.63585e-08,0.512081,-2.63585e-08,1.98267e-08,0.512081,-4.16517e-09,3.79693e-08,-1.05246e-08,3.79693e-08,2.20871e-08,1.19609,1.42098e-07,-2.90131e-08,1.42098e-07,0.340068,0.512081,-4.04571e-08,0.512081,8.17546e-09,0.512081,-2.63585e-08,1.98267e-08,0.512081,8.17546e-09,1.19609
0.40406,1.06589,9.29114e-08,-4.18743e-08,9.29114e-08,0.304467,3.82353e-08,-4.18743e-08,3.82353e-08,0.304466,0.459915,-5.51833e-08,0.459915,1.05064e-07,1.06007e-07,-5.51833e-08,1.06007e-07,3.27748e-08,0.459915,-6.30361e-08,-5.94527e-08,-6.15412e-08,0.459915,-6.15412e-08,4.54377e-08,0.459915,1.05064e-07,1.06007e-07,-5.51833e-08,1.06007e-07,3.27748e-08,1.06589,1.70752e-07,4.70624e-08,1.70752e-07,0.304468,0.459915,6.9275e-09,0.459915,-1.98108e-08,0.459915,-6.15412e-08,4.54377e-08,0.459915,-1.98108e-08,1.06589
0.358841,0.916487,2.47827e-07,-2.09412e-07,2.47827e-07,0.26671,5.43274e-08,-2.09412e-07,5.43274e-08,0.26671,0.401697,-6.23895e-08,0.401697,1.1692e-07,-4.56979e-09,-6.23895e-08,-4.56979e-09,5.95346e-08,0.401697,-8.72003e-08,4.56485e-08,-3.67171e-08,0.401697,-3.67171e-08,2.26067e-10,0.401697,1.1692e-07,-4.56979e-09,-6.23895e-08,-4.56979e-09,5.95346e-08,0.916487,5.73277e-09,5.99588e-08,5.73277e-09,0.266711,0.401697,9.81361e-08,0.401697,1.14716e-07,0.401697,-3.67171e-08,2.26067e-10,0.401697,1.14716e-07,0.916487
0.313622,0.673413,2.83321e-07,2.15768e-08,2.83321e-07,0.206032,3.35163e-09,2.15768e-08,3.35163e-09,0.206033,0.305308,-2.35774e-08,0.305308,2.47683e-08,-8.3626e-08,-2.35774e-08,-8.3626e-08,-4.81853e-07,0.305308,-3.77095e-08,2.40508e-07,2.56483e-08,0.305308,2.56483e-08,1.25425e-08,0.305308,2.47683e-08,-8.3626e-08,-2.35774e-08,-8.3626e-08,-4.81853e-07,0.673413,-3.55228e-07,-1.4024e-07,-3.55228e-07,0.206032,0.305308,-6.17565e-08,0.305308,-3.66563e-07,0.305308,2.56483e-08,1.25425e-08,0.305308,-3.66563e-07,0.673413
0.268403,0.391782,4.52714e-07,2.4034e-07,4.52714e-07,0.131707,-2.07485e-07,2.4034e-07,-2.07485e-07,0.131706,0.181803,-3.37731e-07,0.181803,-2.21199e-08,3.6116e-07,-3.37731e-07,3.6116e-07,3.66148e-07,0.181804,-2.60811e-07,-1.13643e-07,-4.82358e-07,0.181804,-4.82358e-07,6.7231e-08,0.181803,-2.21199e-08,3.6116e-07,-3.37731e-07,3.6116e-07,3.66148e-07,0.391782,-3.68441e-07,-2.64359e-07,-3.68441e-07,0.131707,0.181803,-2.53527e-07,0.181803,-1.68717e-07,0.181804,-4.82358e-07,6.7231e-08,0.181803,-1.68717e-07,0.391782
0.223184,0.261061,9.71779e-09,-1.30279e-07,9.71779e-09,0.0984203,-1.07957e-07,-1.30279e-07,-1.07957e-07,0.0984193,0.124456,2.8984e-08,0.124456,-7.88217e-08,3.87587e-07,2.8984e-08,3.87587e-07,5.17884e-07,0.124456,2.64789e-08,-1.78925e-07,-3.36902e-07,0.124456,-3.36902e-07,1.1865e-07,0.124456,-7.88217e-08,3.87587e-07,2.8984e-08,3.87587e-07,5.17884e-07,0.26106,1.19146e-07,-2.54164e-08,1.19146e-07,0.0984209,0.124456,4.26298e-07,0.124456,2.1928e-07,0.124456,-3.36902e-07,1.1865e-07,0.124456,2.1928e-07,0.26106
0.177964,0.126402,-3.07036e-07,1.10879e-07,-3.07036e-07,0.054975,-5.19483e-08,1.10879e-07,-5.19483e-08,0.0549745,0.0616083,6.53022e-09,0.0616083,-1.70379e-07,3.10684e-07,6.53022e-09,3.10684e-07,1.40747e-07,0.0616087,1.28751e-08,-2.04413e-07,-6.70757e-08,0.0616087,-6.70757e-08,1.44832e-07,0.0616083,-1.70379e-07,3.10684e-07,6.53022e-09,3.10684e-07,1.40747e-07,0.126403,2.74514e-07,6.5894e-08,2.74514e-07,0.0549749,0.0616086,-3.59104e-08,0.0616086,5.66523e-07,0.0616087,-6.70757e-08,1.44832e-07,0.0616086,5.66523e-07,0.126403
0.132745,0.0677711,-2.09579e-07,-8.68479e-08,-2.09579e-07,0.0314462,2.23153e-07,-8.68479e-08,2.23153e-07,0.0314469,0.0330134,1.79248e-07,0.0330134,1.67973e-07,2.67023e-07,1.79248e-07,2.67023e-07,-7.26568e-07,0.0330135,1.58314e-07,-2.8179e-07,-1.78189e-08,0.0330135,-1.78189e-08,2.13699e-08,0.0330134,1.67973e-07,2.67023e-07,1.79248e-07,2.67023e-07,-7.26568e-07,0.0677715,-6.035e-08,8.3159e-08,-6.035e-08,0.0314466,0.0330135,-1.13369e-08,0.0330135,3.52524e-07,0.0330135,-1.78189e-08,2.13699e-08,0.0330135,3.52524e-07,0.0677711
0.437526,1.16528,3.13303e-08,1.41409e-08,3.13303e-08,0.332106,-2.98626e-08,1.41409e-08,-2.98626e-08,0.332106,0.498916,-2.01434e-08,0.498916,2.26234e-08,5.45922e-08,-2.01434e-08,5.45922e-08,3.697e-08,0.498915,-4.63619e-08,-7.45354e-08,-1.40605e-08,0.498915,-1.40605e-08,2.93335e-09,0.498916,2.26234e-08,5.45922e-08,-2.01434e-08,5.45922e-08,3.697e-08,1.16528,1.37335e-07,-1.21953e-08,1.37335e-07,0.332107,0.498915,-2.47158e-08,0.498915,5.6783e-08,0.498915,-1.40605e-08,2.93335e-09,0.498915,5.6783e-08,1.16528
0.392307,1.03364,1.65199e-07,-5.3234e-08,1.65199e-07,0.29699,3.01941e-08,-5.3234e-08,3.01941e-08,0.296989,0.44678,-8.06141e-08,0.44678,1.16306e-07,9.87108e-08,-8.06141e-08,9.87108e-08,7.88711e-08,0.44678,-9.15749e-08,-6.59742e-08,-6.42318e-08,0.44678,-6.42318e-08,2.93591e-08,0.44678,1.16306e-07,9.87108e-08,-8.06141e-08,9.87108e-08,7.88711e-08,1.03364,1.43611e-07,8.53457e-08,1.43611e-07,0.296991,0.44678,3.59665e-08,0.44678,7.631e-08,0.44678,-6.42318e-08,2.93591e-08,0.44678,7.631e-08,1.03364
0.347088,0.838354,2.55701e-07,-2.34326e-07,2.55701e-07,0.24913,6.21509e-08,-2.34326e-07,6.21509e-08,0.24913,0.37241,-2.04678e-09,0.37241,1.60601e-07,-5.00914e-08,-2.04678e-09,-5.00914e-08,3.38878e-08,0.37241,-4.24624e-09,1.18674e-07,-1.16554e-08,0.37241,-1.16554e-08,1.13767e-08,0.37241,1.60601e-07,-5.00914e-08,-2.04678e-09,-5.00914e-08,3.38878e-08,0.838354,-1.0678e-07,8.1344e-08,-1.0678e-07,0.24913,0.37241,1.32446e-07,0.37241,3.81222e-08,0.37241,-1.16554e-08,1.13767e-08,0.37241,3.81222e-08,0.838354
0.301868,0.544223,3.06881e-07,3.27764e-07,3.06881e-07,0.176266,-7.89343e-10,3.27764e-07,-7.89343e-10,0.176269,0.254055,-3.20571e-07,0.254055,-5.99411e-07,-1.46863e-08,-3.20571e-07,-1.46863e-08,-5.36779e-07,0.254055,-3.95834e-07,-2.09391e-07,-1.17474e-07,0.254055,-1.17474e-07,2.27379e-07,0.254055,-5.99411e-07,-1.46863e-08,-3.20571e-07,-1.46863e-08,-5.36779e-07,0.544222,-4.02371e-07,-2.63831e-07,-4.02371e-07,0.176268,0.254055,-1.73493e-07,0.254055,-1.66264e-07,0.254055,-1.17474e-07,2.27379e-07,0.254055,-1.66264e-07,0.544222
0.256649,0.364506,2.28021e-07,2.81052e-07,2.28021e-07,0.127648,-2.59338e-08,2.81052e-07,-2.59338e-08,0.127648,0.173534,-2.36077e-07,0.173534,-2.27371e-07,3.416e-07,-2.36077e-07,3.416e-07,3.59199e-07,0.173534,-1.53397e-07,-2.26947e-07,-4.37409e-07,0.173534,-4.37409e-07,1.90085e-07,0.173534,-2.27371e-07,3.416e-07,-2.36077e-07,3.416e-07,3.59199e-07,0.364506,-3.27475e-07,-3.2258e-07,-3.27475e-07,0.127648,0.173534,-2.36864e-07,0.173534,-1.64397e-07,0.173534,-4.37409e-07,1.90085e-07,0.173534,-1.64397e-07,0.364506
0.21143,0.210114,-2.85242e-07,-5.35644e-08,-2.85242e-07,0.080739,7.45891e-08,-5.35644e-08,7.45891e-08,0.0807374,0.0986728,-1.95728e-07,0.0986728,-1.06034e-07,5.0723e-07,-1.95728e-07,5.0723e-07,5.8536e-07,0.098673,4.07431e-07,-3.07211e-08,1.82675e-08,0.098673,1.82675e-08,1.57511e-07,0.0986728,-1.06034e-07,5.0723e-07,-1.95728e-07,5.0723e-07,5.8536e-07,0.210114,1.33756e-07,-3.85813e-08,1.33756e-07,0.0807389,0.0986725,2.0281e-07,0.0986725,1.69224e-07,0.098673,1.82675e-08,1.57511e-07,0.0986725,1.69224e-07,0.210114
0.166211,0.126402,-3.07036e-07,1.10879e-07,-3.07036e-07,0.054975,-5.19483e-08,1.10879e-07,-5.19483e-08,0.0549745,0.0616083,6.53022e-09,0.0616083,-1.70379e-07,3.10684e-07,6.53022e-09,3.10684e-07,1.40747e-07,0.0616087,1.28751e-08,-2.04413e-07,-6.70757e-08,0.0616087,-6.70757e-08,1.44832e-07,0.0616083,-1.70379e-07,3.10684e-07,6.53022e-09,3.10684e-07,1.40747e-07,0.126403,2.74514e-07,6.5894e-08,2.74514e-07,0.0549749,0.0616086,-3.59104e-08,0.0616086,5.66523e-07,0.0616087,-6.70757e-08,1.44832e-07,0.0616086,5.66523e-07,0.126403
0.120992,0.0519367,-1.059e-08,-2.12185e-07,-1.059e-08,0.0248186,1.04479e-07,-2.12185e-07,1.04479e-07,0.0248191,0.0253704,7.63374e-09,0.0253704,-1.53191e-07,6.79247e-08,7.63374e-09,6.79247e-08,-1.33168e-07,0.0253705,5.72067e-08,-2.69055e-07,-6.73889e-08,0.0253705,-6.73889e-08,1.96921e-08,0.0253704,-1.53191e-07,6.79247e-08,7.63374e-09,6.79247e-08,-1.33168e-07,0.0519366,8.93521e-08,7.00736e-08,8.93521e-08,0.0248187,0.0253705,-5.23859e-08,0.0253705,6.67189e-08,0.0253705,-6.73889e-08,1.96921e-08,0.0253705,6.67189e-08,0.0519366
0.425773,1.14302,5.78461e-08,-1.29745e-08,5.78461e-08,0.325453,-1.93903e-08,-1.29745e-08,-1.93903e-08,0.325453,0.489927,-4.99613e-08,0.489927,3.30212e-08,7.77683e-08,-4.99613e-08,7.77683e-08,2.54721e-08,0.489927,-4.58984e-08,-7.30658e-08,-2.18055e-08,0.489927,-2.18055e-08,1.67776e-08,0.489927,3.30212e-08,7.77683e-08,-4.99613e-08,7.77683e-08,2.54721e-08,1.14302,1.62006e-07,2.45265e-08,1.62006e-07,0.325454,0.489927,2.08841e-08,0.489927,4.18462e-08,0.489927,-2.18055e-08,1.67776e-08,0.489927,4.18462e-08,1.14302
0.380553,0.989919,2.12686e-07,-9.82704e-08,2.12686e-07,0.285764,-1.63464e-09,-9.82704e-08,-1.63464e-09,0.285765,0.430522,-7.05608e-08,0.430522,1.42295e-07,-1.53133e-08,-7.05608e-08,-1.53133e-08,8.51035e-08,0.430522,-1.027e-07,-4.51747e-08,-3.97938e-09,0.430522,-3.97938e-09,-3.69857e-09,0.430522,1.42295e-07,-1.53133e-08,-7.05608e-08,-1.53133e-08,8.51035e-08,0.989919,-2.10244e-08,6.79487e-08,-2.10244e-08,0.285765,0.430522,2.20211e-08,0.430522,1.82189e-07,0.430522,-3.97938e-09,-3.69857e-09,0.430522,1.82189e-07,0.989919
0.335334,0.736144,1.59553e-07,-4.72598e-08,1.59553e-07,0.221211,4.44328e-09,-4.72598e-08,4.44328e-09,0.221212,0.330971,1.29953e-08,0.330971,5.17781e-08,-7.49223e-08,1.29953e-08,-7.49223e-08,-3.92548e-07,0.330971,1.82457e-09,2.04569e-07,5.79699e-08,0.330971,5.79699e-08,8.11887e-09,0.330971,5.17781e-08,-7.49223e-08,1.29953e-08,-7.49223e-08,-3.92548e-07,0.736144,-3.54283e-07,-4.38045e-08,-3.54283e-07,0.221211,0.330971,7.64692e-09,0.330971,-2.8744e-07,0.330971,5.79699e-08,8.11887e-09,0.330971,-2.8744e-07,0.736144
0.290115,0.517335,3.39085e-07,2.92425e-07,3.39085e-07,0.167623,-6.46621e-08,2.92425e-07,-6.46621e-08,0.167624,0.241304,-3.70913e-07,0.241304,-2.70268e-07,1.36286e-08,-3.70913e-07,1.36286e-08,-6.59171e-07,0.241304,-4.76944e-07,-3.32628e-07,-1.28953e-07,0.241304,-1.28953e-07,2.89698e-07,0.241304,-2.70268e-07,1.36286e-08,-3.70913e-07,1.36286e-08,-6.59171e-07,0.517334,-4.54062e-07,-2.87388e-07,-4.54062e-07,0.167624,0.241304,-2.75106e-07,0.241304,-2.22659e-07,0.241304,-1.28953e-07,2.89698e-07,0.241304,-2.22659e-07,0.517335
0.244896,0.336971,3.72092e-07,3.80641e-07,3.72092e-07,0.118807,1.94136e-07,3.80641e-07,1.94136e-07,0.118806,0.159174,-1.6464e-07,0.159174,-1.98629e-07,3.08147e-07,-1.6464e-07,3.08147e-07,2.5428e-07,0.159174,-1.56798e-07,-1.79653e-07,-3.20525e-07,0.159174,-3.20525e-07,1.88433e-07,0.159174,-1.98629e-07,3.08147e-07,-1.6464e-07,3.08147e-07,2.5428e-07,0.336971,-1.38995e-07,-2.95408e-07,-1.38995e-07,0.118807,0.159175,-1.34745e-08,0.159175,-1.89573e-07,0.159174,-3.20525e-07,1.88433e-07,0.159175,-1.89573e-07,0.336972
0.199677,0.164856,-5.61245e-07,-9.86359e-08,-5.61245e-07,0.0677216,1.0778e-07,-9.86359e-08,1.0778e-07,0.0677206,0.0785988,-1.35854e-07,0.0785988,-3.23099e-07,3.86994e-07,-1.35854e-07,3.86994e-07,5.39894e-07,0.0785991,2.41368e-07,4.71822e-07,1.34152e-07,0.0785991,1.34152e-07,6.7459e-08,0.0785988,-3.23099e-07,3.86994e-07,-1.35854e-07,3.86994e-07,5.39894e-07,0.164856,2.19148e-07,3.07283e-07,2.19148e-07,0.0677211,0.0785989,2.16568e-08,0.0785989,5.25579e-07,0.0785991,1.34152e-07,6.7459e-08,0.0785989,5.25579e-07,0.164856
0.154457,0.0840736,-3.45034e-07,-1.24573e-08,-3.45034e-07,0.0371481,6.35826e-09,-1.24573e-08,6.35826e-09,0.0371483,0.0392434,3.00316e-07,0.0392434,-1.18125e-08,1.99368e-07,3.00316e-07,1.99368e-07,-5.05629e-07,0.0392435,2.79561e-07,-1.45224e-07,-1.68203e-07,0.0392435,-1.68203e-07,2.49536e-07,0.0392434,-1.18125e-08,1.99368e-07,3.00316e-07,1.99368e-07,-5.05629e-07,0.0840742,-4.86178e-08,-1.45439e-10,-4.86178e-08,0.037148,0.0392436,-8.6106e-08,0.0392436,-5.6144e-08,0.0392435,-1.68203e-07,2.49536e-07,0.0392436,-5.6144e-08,0.0840741
0.109238,0.0519367,-1.059e-08,-2.12185e-07,-1.059e-08,0.0248186,1.04479e-07,-2.12185e-07,1.04479e-07,0.0248191,0.0253704,7.63374e-09,0.0253704,-1.53191e-07,6.79247e-08,7.63374e-09,6.79247e-08,-1.33168e-07,0.0253705,5.72067e-08,-2.69055e-07,-6.73889e-08,0.0253705,-6.73889e-08,1.96921e-08,0.0253704,-1.53191e-07,6.79247e-08,7.63374e-09,6.79247e-08,-1.33168e-07,0.0519366,8.93521e-08,7.00736e-08,8.93521e-08,0.0248187,0.0253705,-5.23859e-08,0.0253705,6.67189e-08,0.0253705,-6.73889e-08,1.96921e-08,0.0253705,6.67189e-08,0.0519366
0.414019,1.1251,6.25613e-08,-2.11678e-08,6.25613e-08,0.320746,-2.03003e-08,-2.11678e-08,-2.03003e-08,0.320746,0.483527,-5.12956e-08,0.483527,4.9425e-08,9.06209e-08,-5.12956e-08,9.06209e-08,3.08308e-08,0.483527,-5.02884e-08,-7.85382e-08,-3.57075e-08,0.483527,-3.57075e-08,1.83874e-08,0.483527,4.9425e-08,9.06209e-08,-5.12956e-08,9.06209e-08,3.08308e-08,1.1251,1.69974e-07,1.73474e-08,1.69974e-07,0.320747,0.483527,1.27731e-08,0.483527,2.91644e-08,0.483527,-3.57075e-08,1.83874e-08,0.483527,2.91644e-08,1.1251
0.3688,0.966929,1.99152e-07,-1.06297e-07,1.99152e-07,0.279417,-6.59364e-10,-1.06297e-07,-6.59364e-10,0.279417,0.421528,-7.47895e-08,0.421528,9.54423e-08,-1.63225e-08,-7.47895e-08,-1.63225e-08,7.92364e-08,0.421528,-1.21936e-07,9.56348e-09,-2.51243e-08,0.421528,-2.51243e-08,-6.94174e-09,0.421528,9.54423e-08,-1.63225e-08,-7.47895e-08,-1.63225e-08,7.92364e-08,0.966929,-2.27047e-08,4.12859e-08,-2.27047e-08,0.279417,0.421528,8.70712e-09,0.421528,1.64903e-07,0.421528,-2.51243e-08,-6.94174e-09,0.421528,1.64903e-07,0.966929
0.323581,0.704711,8.89649e-08,-3.34247e-08,8.89649e-08,0.21247,-4.98058e-08,-3.34247e-08,-4.98058e-08,0.212471,0.317261,-1.95722e-09,0.317261,3.81472e-08,-3.55154e-08,-1.95722e-09,-3.55154e-08,-5.0057e-07,0.317261,-1.43074e-08,2.16395e-07,-3.31006e-08,0.317261,-3.31006e-08,3.87306e-08,0.317261,3.81472e-08,-3.55154e-08,-1.95722e-09,-3.55154e-08,-5.0057e-07,0.704711,-3.59012e-07,-6.08585e-08,-3.59012e-07,0.21247,0.317261,-2.24959e-08,0.317261,-3.65157e-07,0.317261,-3.31006e-08,3.87306e-08,0.317261,-3.65157e-07,0.704711
0.278361,0.423054,4.58332e-07,2.65398e-07,4.58332e-07,0.138634,-1.76497e-07,2.65398e-07,-1.76497e-07,0.138633,0.194781,-3.88414e-07,0.194781,-4.01834e-09,2.02983e-07,-3.88414e-07,2.02983e-07,-3.75272e-07,0.194781,-3.58539e-07,-1.45381e-07,-3.4025e-07,0.194781,-3.4025e-07,1.89815e-07,0.194781,-4.01834e-09,2.02983e-07,-3.88414e-07,2.02983e-07,-3.75272e-07,0.423052,-3.6037e-07,-3.52081e-07,-3.6037e-07,0.138634,0.194781,-2.08791e-07,0.194781,-3.36052e-08,0.194781,-3.4025e-07,1.89815e-07,0.194781,-3.36052e-08,0.423053
0.233142,0.261061,9.71779e-09,-1.30279e-07,9.71779e-09,0.0984203,-1.07957e-07,-1.30279e-07,-1.07957e-07,0.0984193,0.124456,2.8984e-08,0.124456,-7.88217e-08,3.87587e-07,2.8984e-08,3.87587e-07,5.17884e-07,0.124456,2.64789e-08,-1.78925e-07,-3.36902e-07,0.124456,-3.36902e-07,1.1865e-07,0.124456,-7.88217e-08,3.87587e-07,2.8984e-08,3.87587e-07,5.17884e-07,0.26106,1.19146e-07,-2.54164e-08,1.19146e-07,0.0984209,0.124456,4.26298e-07,0.124456,2.1928e-07,0.124456,-3.36902e-07,1.1865e-07,0.124456,2.1928e-07,0.26106
0.187923,0.164856,-5.61245e-07,-9.86359e-08,-5.61245e-07,0.0677216,1.0778e-07,-9.86359e-08,1.0778e-07,0.0677206,0.0785988,-1.35854e-07,0.0785988,-3.23099e-07,3.86994e-07,-1.35854e-07,3.86994e-07,5.39894e-07,0.0785991,2.41368e-07,4.71822e-07,1.34152e-07,0.0785991,1.34152e-07,6.7459e-08,0.0785988,-3.23099e-07,3.86994e-07,-1.35854e-07,3.86994e-07,5.39894e-07,0.164856,2.19148e-07,3.07283e-07,2.19148e-07,0.0677211,0.0785989,2.16568e-08,0.0785989,5.25579e-07,0.0785991,1.34152e-07,6.7459e-08,0.0785989,5.25579e-07,0.164856
0.142704,0.0840736,-3.45034e-07,-1.24573e-08,-3.45034e-07,0.0371481,6.35826e-09,-1.24573e-08,6.35826e-09,0.0371483,0.0392434,3.00316e-07,0.0392434,-1.18125e-08,1.99368e-07,3.00316e-07,1.99368e-07,-5.05629e-07,0.0392435,2.79561e-07,-1.45224e-07,-1.68203e-07,0.0392435,-1.68203e-07,2.49536e-07,0.0392434,-1.18125e-08,1.99368e-07,3.00316e-07,1.99368e-07,-5.05629e-07,0.0840742,-4.86178e-08,-1.45439e-10,-4.86178e-08,0.037148,0.0392436,-8.6106e-08,0.0392436,-5.6144e-08,0.0392435,-1.68203e-07,2.49536e-07,0.0392436,-5.6144e-08,0.0840741
0.447485,1.19609,-7.00147e-09,6.85766e-09,-7.00147e-09,0.340068,-3.52865e-08,6.85766e-09,-3.52865e-08,0.340067,0.512081,-1.05246e-08,0.512081,-4.16517e-09,3.79693e-08,-1.05246e-08,3.79693e-08,2.20871e-08,0.512081,9.07922e-09,-5.67343e-08,-2.63585e-08,0.512081,-2.63585e-08,1.98267e-08,0.512081,-4.16517e-09,3.79693e-08,-1.05246e-08,3.79693e-08,2.20871e-08,1.19609,1.42098e-07,-2.90131e-08,1.42098e-07,0.340068,0.512081,-4.04571e-08,0.512081,8.17546e-09,0.512081,-2.63585e-08,1.98267e-08,0.512081,8.17546e-09,1.19609
0.402265,1.06589,9.29114e-08,-4.18743e-08,9.29114e-08,0.304467,3.82353e-08,-4.18743e-08,3.82353e-08,0.304466,0.459915,-5.51833e-08,0.459915,1.05064e-07,1.06007e-07,-5.51833e-08,1.06007e-07,3.27748e-08,0.459915,-6.30361e-08,-5.94527e-08,-6.15412e-08,0.459915,-6.15412e-08,4.54377e-08,0.459915,1.05064e-07,1.06007e-07,-5.51833e-08,1.06007e-07,3.27748e-08,1.06589,1.70752e-07,4.70624e-08,1.70752e-07,0.304468,0.459915,6.9275e-09,0.459915,-1.98108e-08,0.459915,-6.15412e-08,4.54377e-08,0.459915,-1.98108e-08,1.06589
0.357046,0.895574,2.09001e-07,-2.35818e-07,2.09001e-07,0.261467,7.25611e-08,-2.35818e-07,7.25611e-08,0.261467,0.393715,-5.44437e-08,0.393715,1.45788e-07,1.11724e-09,-5.44437e-08,1.11724e-09,4.54841e-08,0.393715,-7.91144e-08,5.84194e-08,-5.69037e-08,0.393715,-5.69037e-08,-6.87824e-09,0.393715,1.45788e-07,1.11724e-09,-5.44437e-08,1.11724e-09,4.54841e-08,0.895574,-8.60825e-09,5.82402e-08,-8.60825e-09,0.261468,0.393715,1.07357e-07,0.393715,9.63787e-08,0.393715,-5.69037e-08,-6.87824e-09,0.393715,9.63787e-08,0.895574
0.311827,0.673413,2.83321e-07,2.15768e-08,2.83321e-07,0.206032,3.35163e-09,2.15768e-08,3.35163e-09,0.206033,0.305308,-2.35774e-08,0.305308,2.47683e-08,-8.3626e-08,-2.35774e-08,-8.3626e-08,-4.81853e-07,0.305308,-3.77095e-08,2.40508e-07,2.56483e-08,0.305308,2.56483e-08,1.25425e-08,0.305308,2.47683e-08,-8.3626e-08,-2.35774e-08,-8.3626e-08,-4.81853e-07,0.673413,-3.55228e-07,-1.4024e-07,-3.55228e-07,0.206032,0.305308,-6.17565e-08,0.305308,-3.66563e-07,0.305308,2.56483e-08,1.25425e-08,0.305308,-3.66563e-07,0.673413
0.266608,0.364506,2.28021e-07,2.81052e-07,2.28021e-07,0.127648,-2.59338e-08,2.81052e-07,-2.59338e-08,0.127648,0.173534,-2.36077e-07,0.173534,-2.27371e-07,3.416e-07,-2.36077e-07,3.416e-07,3.59199e-07,0.173534,-1.53397e-07,-2.26947e-07,-4.37409e-07,0.173534,-4.37409e-07,1.90085e-07,0.173534,-2.27371e-07,3.416e-07,-2.36077e-07,3.416e-07,3.59199e-07,0.364506,-3.27475e-07,-3.2258e-07,-3.27475e-07,0.127648,0.173534,-2.36864e-07,0.173534,-1.64397e-07,0.173534,-4.37409e-07,1.90085e-07,0.173534,-1.64397e-07,0.364506
0.221389,0.219028,-2.63525e-07,-3.88798e-09,-2.63525e-07,0.0855547,7.48902e-08,-3.88798e-09,7.48902e-08,0.0855534,0.105067,-1.64842e-07,0.105067,-6.38575e-08,3.18099e-07,-1.64842e-07,3.18099e-07,4.77797e-07,0.105067,2.34441e-07,-2.4432e-07,1.02727e-07,0.105067,1.02727e-07,1.43763e-07,0.105067,-6.38575e-08,3.18099e-07,-1.64842e-07,3.18099e-07,4.77797e-07,0.219029,1.91153e-08,-8.79878e-08,1.91153e-08,0.0855546,0.105067,3.14094e-07,0.105067,1.06792e-07,0.105067,1.02727e-07,1.43763e-07,0.105067,1.06792e-07,0.219029
0.17617,0.126402,-3.07036e-07,1.10879e-07,-3.07036e-07,0.054975,-5.19483e-08,1.10879e-07,-5.19483e-08,0.0549745,0.0616083,6.53022e-09,0.0616083,-1.70379e-07,3.10684e-07,6.53022e-09,3.10684e-07,1.40747e-07,0.0616087,1.28751e-08,-2.04413e-07,-6.70757e-08,0.0616087,-6.70757e-08,1.44832e-07,0.0616083,-1.70379e-07,3.10684e-07,6.53022e-09,3.10684e-07,1.40747e-07,0.126403,2.74514e-07,6.5894e-08,2.74514e-07,0.0549749,0.0616086,-3.59104e-08,0.0616086,5.66523e-07,0.0616087,-6.70757e-08,1.44832e-07,0.0616086,5.66523e-07,0.126403
0.13095,0.0677711,-2.09579e-07,-8.68479e-08,-2.09579e-07,0.0314462,2.23153e-07,-8.68479e-08,2.23153e-07,0.0314469,0.0330134,1.79248e-07,0.0330134,1.67973e-07,2.67023e-07,1.79248e-07,2.67023e-07,-7.26568e-07,0.0330135,1.58314e-07,-2.8179e-07,-1.78189e-08,0.0330135,-1.78189e-08,2.13699e-08,0.0330134,1.67973e-07,2.67023e-07,1.79248e-07,2.67023e-07,-7.26568e-07,0.0677715,-6.035e-08,8.3159e-08,-6.035e-08,0.0314466,0.0330135,-1.13369e-08,0.0330135,3.52524e-07,0.0330135,-1.78189e-08,2.13699e-08,0.0330135,3.52524e-07,0.0677711
0.435731,1.16528,3.13303e-08,1.41409e-08,3.13303e-08,0.332106,-2.98626e-08,1.41409e-08,-2.98626e-08,0.332106,0.498916,-2.01434e-08,0.498916,2.26234e-08,5.45922e-08,-2.01434e-08,5.45922e-08,3.697e-08,0.498915,-4.63619e-08,-7.45354e-08,-1.40605e-08,0.498915,-1.40605e-08,2.93335e-09,0.498916,2.26234e-08,5.45922e-08,-2.01434e-08,5.45922e-08,3.697e-08,1.16528,1.37335e-07,-1.21953e-08,1.37335e-07,0.332107,0.498915,-2.47158e-08,0.498915,5.6783e-08,0.498915,-1.40605e-08,2.93335e-09,0.498915,5.6783e-08,1.16528
0.390512,1.03364,1.65199e-07,-5.3234e-08,1.65199e-07,0.29699,3.01941e-08,-5.3234e-08,3.01941e-08,0.296989,0.44678,-8.06141e-08,0.44678,1.16306e-07,9.87108e-08,-8.06141e-08,9.87108e-08,7.88711e-08,0.44678,-9.15749e-08,-6.59742e-08,-6.42318e-08,0.44678,-6.42318e-08,2.93591e-08,0.44678,1.16306e-07,9.87108e-08,-8.06141e-08,9.87108e-08,7.88711e-08,1.03364,1.43611e-07,8.53457e-08,1.43611e-07,0.296991,0.44678,3.59665e-08,0.44678,7.631e-08,0.44678,-6.42318e-08,2.93591e-08,0.44678,7.631e-08,1.03364
0.345293,0.781943,1.87422e-07,-3.0836e-07,1.87422e-07,0.234609,-5.82659e-09,-3.0836e-07,-5.82659e-09,0.234609,0.350348,-9.63393e-10,0.350348,1.86776e-07,-6.01189e-08,-9.63393e-10,-6.01189e-08,-2.43514e-07,0.350348,3.78632e-09,2.44292e-07,5.90387e-08,0.350348,5.90387e-08,-3.56009e-09,0.350348,1.86776e-07,-6.01189e-08,-9.63393e-10,-6.01189e-08,-2.43514e-07,0.781942,-2.74975e-07,7.25405e-08,-2.74975e-07,0.234608,0.350348,9.56731e-08,0.350348,-1.65411e-07,0.350348,5.90387e-08,-3.56009e-09,0.350348,-1.65411e-07,0.781943
0.300074,0.544223,3.06881e-07,3.27764e-07,3.06881e-07,0.176266,-7.89343e-10,3.27764e-07,-7.89343e-10,0.176269,0.254055,-3.20571e-07,0.254055,-5.99411e-07,-1.46863e-08,-3.20571e-07,-1.46863e-08,-5.36779e-07,0.254055,-3.95834e-07,-2.09391e-07,-1.17474e-07,0.254055,-1.17474e-07,2.27379e-07,0.254055,-5.99411e-07,-1.46863e-08,-3.20571e-07,-1.46863e-08,-5.36779e-07,0.544222,-4.02371e-07,-2.63831e-07,-4.02371e-07,0.176268,0.254055,-1.73493e-07,0.254055,-1.66264e-07,0.254055,-1.17474e-07,2.27379e-07,0.254055,-1.66264e-07,0.544222
0.254854,0.336971,3.72092e-07,3.80641e-07,3.72092e-07,0.118807,1.94136e-07,3.80641e-07,1.94136e-07,0.118806,0.159174,-1.6464e-07,0.159174,-1.98629e-07,3.08147e-07,-1.6464e-07,3.08147e-07,2.5428e-07,0.159174,-1.56798e-07,-1.79653e-07,-3.20525e-07,0.159174,-3.20525e-07,1.88433e-07,0.159174,-1.98629e-07,3.08147e-07,-1.6464e-07,3.08147e-07,2.5428e-07,0.336971,-1.38995e-07,-2.95408e-07,-1.38995e-07,0.118807,0.159175,-1.34745e-08,0.159175,-1.89573e-07,0.159174,-3.20525e-07,1.88433e-07,0.159175,-1.89573e-07,0.336972
0.209635,0.210114,-2.85242e-07,-5.35644e-08,-2.85242e-07,0.080739,7.45891e-08,-5.35644e-08,7.45891e-08,0.0807374,0.0986728,-1.95728e-07,0.0986728,-1.06034e-07,5.0723e-07,-1.95728e-07,5.0723e-07,5.8536e-07,0.098673,4.07431e-07,-3.07211e-08,1.82675e-08,0.098673,1.82675e-08,1.57511e-07,0.0986728,-1.06034e-07,5.0723e-07,-1.95728e-07,5.0723e-07,5.8536e-07,0.210114,1.33756e-07,-3.85813e-08,1.33756e-07,0.0807389,0.0986725,2.0281e-07,0.0986725,1.69224e-07,0.098673,1.82675e-08,1.57511e-07,0.0986725,1.69224e-07,0.210114
0.164416,0.126402,-3.07036e-07,1.10879e-07,-3.07036e-07,0.054975,-5.19483e-08,1.10879e-07,-5.19483e-08,0.0549745,0.0616083,6.53022e-09,0.0616083,-1.70379e-07,3.10684e-07,6.53022e-09,3.10684e-07,1.40747e-07,0.0616087,1.28751e-08,-2.04413e-07,-6.70757e-08,0.0616087,-6.70757e-08,1.44832e-07,0.0616083,-1.70379e-07,3.10684e-07,6.53022e-09,3.10684e-07,1.40747e-07,0.126403,2.74514e-07,6.5894e-08,2.74514e-07,0.0549749,0.0616086,-3.59104e-08,0.0616086,5.66523e-07,0.0616087,-6.70757e-08,1.44832e-07,0.0616086,5.66523e-07,0.126403
0.119197,0.0519367,-1.059e-08,-2.12185e-07,-1.059e-08,0.0248186,1.04479e-07,-2.12185e-07,1.04479e-07,0.0248191,0.0253704,7.63374e-09,0.0253704,-1.53191e-07,6.79247e-08,7.63374e-09,6.79247e-08,-1.33168e-07,0.0253705,5.72067e-08,-2.69055e-07,-6.73889e-08,0.0253705,-6.73889e-08,1.96921e-08,0.0253704,-1.53191e-07,6.79247e-08,7.63374e-09,6.79247e-08,-1.33168e-07,0.0519366,8.93521e-08,7.00736e-08,8.93521e-08,0.0248187,0.0253705,-5.23859e-08,0.0253705,6.67189e-08,0.0253705,-6.73889e-08,1.96921e-08,0.0253705,6.67189e-08,0.0519366
0.423978,1.14302,5.78461e-08,-1.29745e-08,5.78461e-08,0.325453,-1.93903e-08,-1.29745e-08,-1.93903e-08,0.325453,0.489927,-4.99613e-08,0.489927,3.30212e-08,7.77683e-08,-4.99613e-08,7.77683e-08,2.54721e-08,0.489927,-4.58984e-08,-7.30658e-08,-2.18055e-08,0.489927,-2.18055e-08,1.67776e-08,0.489927,3.30212e-08,7.77683e-08,-4.99613e-08,7.77683e-08,2.54721e-08,1.14302,1.62006e-07,2.45265e-08,1.62006e-07,0.325454,0.489927,2.08841e-08,0.489927,4.18462e-08,0.489927,-2.18055e-08,1.67776e-08,0.489927,4.18462e-08,1.14302
0.378758,0.966929,1.99152e-07,-1.06297e-07,1.99152e-07,0.279417,-6.59364e-10,-1.06297e-07,-6.59364e-10,0.279417,0.421528,-7.47895e-08,0.421528,9.54423e-08,-1.63225e-08,-7.47895e-08,-1.63225e-08,7.92364e-08,0.421528,-1.21936e-07,9.56348e-09,-2.51243e-08,0.421528,-2.51243e-08,-6.94174e-09,0.421528,9.54423e-08,-1.63225e-08,-7.47895e-08,-1.63225e-08,7.92364e-08,0.966929,-2.27047e-08,4.12859e-08,-2.27047e-08,0.279417,0.421528,8.70712e-09,0.421528,1.64903e-07,0.421528,-2.51243e-08,-6.94174e-09,0.421528,1.64903e-07,0.966929
0.333539,0.736144,1.59553e-07,-4.72598e-08,1.59553e-07,0.221211,4.44328e-09,-4.72598e-08,4.44328e-09,0.221212,0.330971,1.29953e-08,0.330971,5.17781e-08,-7.49223e-08,1.29953e-08,-7.49223e-08,-3.92548e-07,0.330971,1.82457e-09,2.04569e-07,5.79699e-08,0.330971,5.79699e-08,8.11887e-09,0.330971,5.17781e-08,-7.49223e-08,1.29953e-08,-7.49223e-08,-3.92548e-07,0.736144,-3.54283e-07,-4.38045e-08,-3.54283e-07,0.221211,0.330971,7.64692e-09,0.330971,-2.8744e-07,0.330971,5.79699e-08,8.11887e-09,0.330971,-2.8744e-07,0.736144
0.28832,0.517335,3.39085e-07,2.92425e-07,3.39085e-07,0.167623,-6.46621e-08,2.92425e-07,-6.46621e-08,0.167624,0.241304,-3.70913e-07,0.241304,-2.70268e-07,1.36286e-08,-3.70913e-07,1.36286e-08,-6.59171e-07,0.241304,-4.76944e-07,-3.32628e-07,-1.28953e-07,0.241304,-1.28953e-07,2.89698e-07,0.241304,-2.70268e-07,1.36286e-08,-3.70913e-07,1.36286e-08,-6.59171e-07,0.517334,-4.54062e-07,-2.87388e-07,-4.54062e-07,0.167624,0.241304,-2.75106e-07,0.241304,-2.22659e-07,0.241304,-1.28953e-07,2.89698e-07,0.241304,-2.22659e-07,0.517335
0.243101,0.336971,3.72092e-07,3.80641e-07,3.72092e-07,0.118807,1.94136e-07,3.80641e-07,1.94136e-07,0.118806,0.159174,-1.6464e-07,0.159174,-1.98629e-07,3.08147e-07,-1.6464e-07,3.08147e-07,2.5428e-07,0.159174,-1.56798e-07,-1.79653e-07,-3.20525e-07,0.159174,-3.20525e-07,1.88433e-07,0.159174,-1.98629e-07,3.08147e-07,-1.6464e-07,3.08147e-07,2.5428e-07,0.336971,-1.38995e-07,-2.95408e-07,-1.38995e-07,0.118807,0.159175,-1.34745e-08,0.159175,-1.89573e-07,0.159174,-3.20525e-07,1.88433e-07,0.159175,-1.89573e-07,0.336972
0.197882,0.164856,-5.61245e-07,-9.86359e-08,-5.61245e-07,0.0677216,1.0778e-07,-9.86359e-08,1.0778e-07,0.0677206,0.0785988,-1.35854e-07,0.0785988,-3.23099e-07,3.86994e-07,-1.35854e-07,3.86994e-07,5.39894e-07,0.0785991,2.41368e-07,4.71822e-07,1.34152e-07,0.0785991,1.34152e-07,6.7459e-08,0.0785988,-3.23099e-07,3.86994e-07,-1.35854e-07,3.86994e-07,5.39894e-07,0.164856,2.19148e-07,3.07283e-07,2.19148e-07,0.0677211,0.0785989,2.16568e-08,0.0785989,5.25579e-07,0.0785991,1.34152e-07,6.7459e-08,0.0785989,5.25579e-07,0.164856
0.152662,0.0840736,-3.45034e-07,-1.24573e-08,-3.45034e-07,0.0371481,6.35826e-09,-1.24573e-08,6.35826e-09,0.0371483,0.0392434,3.00316e-07,0.0392434,-1.18125e-08,1.99368e-07,3.00316e-07,1.99368e-07,-5.05629e-07,0.0392435,2.79561e-07,-1.45224e-07,-1.68203e-07,0.0392435,-1.68203e-07,2.49536e-07,0.0392434,-1.18125e-08,1.99368e-07,3.00316e-07,1.99368e-07,-5.05629e-07,0.0840742,-4.86178e-08,-1.45439e-10,-4.86178e-08,0.037148,0.0392436,-8.6106e-08,0.0392436,-5.6144e-08,0.0392435,-1.68203e-07,2.49536e-07,0.0392436,-5.6144e-08,0.0840741
0.107443,0.0519367,-1.059e-08,-2.12185e-07,-1.059e-08,0.0248186,1.04479e-07,-2.12185e-07,1.04479e-07,0.0248191,0.0253704,7.63374e-09,0.0253704,-1.53191e-07,6.79247e-08,7.63374e-09,6.79247e-08,-1.33168e-07,0.0253705,5.72067e-08,-2.69055e-07,-6.73889e-08,0.0253705,-6.73889e-08,1.96921e-08,0.0253704,-1.53191e-07,6.79247e-08,7.63374e-09,6.79247e-08,-1.33168e-07,0.0519366,8.93521e-08,7.00736e-08,8.93521e-08,0.0248187,0.0253705,-5.23859e-08,0.0253705,6.67189e-08,0.0253705,-6.73889e-08,1.96921e-08,0.0253705,6.67189e-08,0.0519366
0.412224,1.1251,6.25613e-08,-2.11678e-08,6.25613e-08,0.320746,-2.03003e-08,-2.11678e-08,-2.03003e-08,0.320746,0.483527,-5.12956e-08,0.483527,4.9425e-08,9.06209e-08,-5.12956e-08,9.06209e-08,3.08308e-08,0.483527,-5.02884e-08,-7.85382e-08,-3.57075e-08,0.483527,-3.57075e-08,1.83874e-08,0.483527,4.9425e-08,9.06209e-08,-5.12956e-08,9.06209e-08,3.08308e-08,1.1251,1.69974e-07,1.73474e-08,1.69974e-07,0.320747,0.483527,1.27731e-08,0.483527,2.91644e-08,0.483527,-3.57075e-08,1.83874e-08,0.483527,2.91644e-08,1.1251
0.367005,0.948658,1.06838e-07,-1.10602e-07,1.06838e-07,0.274803,1.38795e-08,-1.10602e-07,1.38795e-08,0.274802,0.415002,-5.18158e-08,0.415002,1.01165e-07,-6.82361e-10,-5.18158e-08,-6.82361e-10,8.01721e-08,0.415003,-9.32274e-08,1.49272e-08,-5.16367e-08,0.415003,-5.16367e-08,-2.07975e-08,0.415002,1.01165e-07,-6.82361e-10,-5.18158e-08,-6.82361e-10,8.01721e-08,0.948658,-2.38076e-08,2.32945e-08,-2.38076e-08,0.274803,0.415002,-1.57145e-08,0.415002,1.54395e-07,0.415003,-5.16367e-08,-2.07975e-08,0.415002,1.54395e-07,0.948658
0.321786,0.673413,2.83321e-07,2.15768e-08,2.83321e-07,0.206032,3.35163e-09,2.15768e-08,3.35163e-09,0.206033,0.305308,-2.35774e-08,0.305308,2.47683e-08,-8.3626e-08,-2.35774e-08,-8.3626e-08,-4.81853e-07,0.305308,-3.77095e-08,2.40508e-07,2.56483e-08,0.305308,2.56483e-08,1.25425e-08,0.305308,2.47683e-08,-8.3626e-08,-2.35774e-08,-8.3626e-08,-4.81853e-07,0.673413,-3.55228e-07,-1.4024e-07,-3.55228e-07,0.206032,0.305308,-6.17565e-08,0.305308,-3.66563e-07,0.305308,2.56483e-08,1.25425e-08,0.305308,-3.66563e-07,0.673413
0.276566,0.423054,4.58332e-07,2.65398e-07,4.58332e-07,0.138634,-1.76497e-07,2.65398e-07,-1.76497e-07,0.138633,0.194781,-3.88414e-07,0.194781,-4.01834e-09,2.02983e-07,-3.88414e-07,2.02983e-07,-3.75272e-07,0.194781,-3.58539e-07,-1.45381e-07,-3.4025e-07,0.194781,-3.4025e-07,1.89815e-07,0.194781,-4.01834e-09,2.02983e-07,-3.88414e-07,2.02983e-07,-3.75272e-07,0.423052,-3.6037e-07,-3.52081e-07,-3.6037e-07,0.138634,0.194781,-2.08791e-07,0.194781,-3.36052e-08,0.194781,-3.4025e-07,1.89815e-07,0.194781,-3.36052e-08,0.423053
0.231347,0.261061,9.71779e-09,-1.30279e-07,9.71779e-09,0.0984203,-1.07957e-07,-1.30279e-07,-1.07957e-07,0.0984193,0.124456,2.8984e-08,0.124456,-7.88217e-08,3.87587e-07,2.8984e-08,3.87587e-07,5.17884e-07,0.124456,2.64789e-08,-1.78925e-07,-3.36902e-07,0.124456,-3.36902e-07,1.1865e-07,0.124456,-7.88217e-08,3.87587e-07,2.8984e-08,3.87587e-07,5.17884e-07,0.26106,1.19146e-07,-2.54164e-08,1.19146e-07,0.0984209,0.124456,4.26298e-07,0.124456,2.1928e-07,0.124456,-3.36902e-07,1.1865e-07,0.124456,2.1928e-07,0.26106
0.186128,0.164856,-5.61245e-07,-9.86359e-08,-5.61245e-07,0.0677216,1.0778e-07,-9.86359e-08,1.0778e-07,0.0677206,0.0785988,-1.35854e-07,0.0785988,-3.23099e-07,3.86994e-07,-1.35854e-07,3.86994e-07,5.39894e-07,0.0785991,2.41368e-07,4.71822e-07,1.34152e-07,0.0785991,1.34152e-07,6.7459e-08,0.0785988,-3.23099e-07,3.86994e-07,-1.35854e-07,3.86994e-07,5.39894e-07,0.164856,2.19148e-07,3.07283e-07,2.19148e-07,0.0677211,0.0785989,2.16568e-08,0.0785989,5.25579e-07,0.0785991,1.34152e-07,6.7459e-08,0.0785989,5.25579e-07,0.164856
0.140909,0.0840736,-3.45034e-07,-1.24573e-08,-3.45034e-07,0.0371481,6.35826e-09,-1.24573e-08,6.35826e-09,0.0371483,0.0392434,3.00316e-07,0.0392434,-1.18125e-08,1.99368e-07,3.00316e-07,1.99368e-07,-5.05629e-07,0.0392435,2.79561e-07,-1.45224e-07,-1.68203e-07,0.0392435,-1.68203e-07,2.49536e-07,0.0392434,-1.18125e-08,1.99368e-07,3.00316e-07,1.99368e-07,-5.05629e-07,0.0840742,-4.86178e-08,-1.45439e-10,-4.86178e-08,0.037148,0.0392436,-8.6106e-08,0.0392436,-5.6144e-08,0.0392435,-1.68203e-07,2.49536e-07,0.0392436,-5.6144e-08,0.0840741
0.44569,1.19609,-7.00147e-09,6.85766e-09,-7.00147e-09,0.340068,-3.52865e-08,6.85766e-09,-3.52865e-08,0.340067,0.512081,-1.05246e-08,0.512081,-4.16517e-09,3.79693e-08,-1.05246e-08,3.79693e-08,2.20871e-08,0.512081,9.07922e-09,-5.67343e-08,-2.63585e-08,0.512081,-2.63585e-08,1.98267e-08,0.512081,-4.16517e-09,3.79693e-08,-1.05246e-08,3.79693e-08,2.20871e-08,1.19609,1.42098e-07,-2.90131e-08,1.42098e-07,0.340068,0.512081,-4.04571e-08,0.512081,8.17546e-09,0.512081,-2.63585e-08,1.98267e-08,0.512081,8.17546e-09,1.19609
0.400471,1.06589,9.29114e-08,-4.18743e-08,9.29114e-08,0.304467,3.82353e-08,-4.18743e-08,3.82353e-08,0.304466,0.459915,-5.51833e-08,0.459915,1.05064e-07,1.06007e-07,-5.51833e-08,1.06007e-07,3.27748e-08,0.459915,-6.30361e-08,-5.94527e-08,-6.15412e-08,0.459915,-6.15412e-08,4.54377e-08,0.459915,1.05064e-07,1.06007e-07,-5.51833e-08,1.06007e-07,3.27748e-08,1.06589,1.70752e-07,4.70624e-08,1.70752e-07,0.304468,0.459915,6.9275e-09,0.459915,-1.98108e-08,0.459915,-6.15412e-08,4.54377e-08,0.459915,-1.98108e-08,1.06589
0.355251,0.895574,2.09001e-07,-2.35818e-07,2.09001e-07,0.261467,7.25611e-08,-2.35818e-07,7.25611e-08,0.261467,0.393715,-5.44437e-08,0.393715,1.45788e-07,1.11724e-09,-5.44437e-08,1.11724e-09,4.54841e-08,0.393715,-7.91144e-08,5.84194e-08,-5.69037e-08,0.393715,-5.69037e-08,-6.87824e-09,0.393715,1.45788e-07,1.11724e-09,-5.44437e-08,1.11724e-09,4.54841e-08,0.895574,-8.60825e-09,5.82402e-08,-8.60825e-09,0.261468,0.393715,1.07357e-07,0.393715,9.63787e-08,0.393715,-5.69037e-08,-6.87824e-09,0.393715,9.63787e-08,0.895574
0.310032,0.579668,3.52156e-07,1.14057e-07,3.52156e-07,0.183724,-5.52255e-09,1.14057e-07,-5.52255e-09,0.183726,0.268076,-4.74357e-08,0.268076,-3.97806e-07,1.4343e-10,-4.74357e-08,1.4343e-10,-5.11603e-07,0.268076,-2.65275e-07,-2.24882e-07,-1.09976e-07,0.268076,-1.09976e-07,3.05701e-07,0.268076,-3.97806e-07,1.4343e-10,-4.74357e-08,1.4343e-10,-5.11603e-07,0.579667,-3.63514e-07,-2.73547e-07,-3.63514e-07,0.183726,0.268076,-1.75772e-07,0.268076,-3.32527e-08,0.268076,-1.09976e-07,3.05701e-07,0.268076,-3.32527e-08,0.579667
0.264813,0.364506,2.28021e-07,2.81052e-07,2.28021e-07,0.127648,-2.59338e-08,2.81052e-07,-2.59338e-08,0.127648,0.173534,-2.36077e-07,0.173534,-2.27371e-07,3.416e-07,-2.36077e-07,3.416e-07,3.59199e-07,0.173534,-1.53397e-07,-2.26947e-07,-4.37409e-07,0.173534,-4.37409e-07,1.90085e-07,0.173534,-2.27371e-07,3.416e-07,-2.36077e-07,3.416e-07,3.59199e-07,0.364506,-3.27475e-07,-3.2258e-07,-3.27475e-07,0.127648,0.173534,-2.36864e-07,0.173534,-1.64397e-07,0.173534,-4.37409e-07,1.90085e-07,0.173534,-1.64397e-07,0.364506
0.219594,0.219028,-2.63525e-07,-3.88798e-09,-2.63525e-07,0.0855547,7.48902e-08,-3.88798e-09,7.48902e-08,0.0855534,0.105067,-1.64842e-07,0.105067,-6.38575e-08,3.18099e-07,-1.64842e-07,3.18099e-07,4.77797e-07,0.105067,2.34441e-07,-2.4432e-07,1.02727e-07,0.105067,1.02727e-07,1.43763e-07,0.105067,-6.38575e-08,3.18099e-07,-1.64842e-07,3.18099e-07,4.77797e-07,0.219029,1.91153e-08,-8.79878e-08,1.91153e-08,0.0855546,0.105067,3.14094e-07,0.105067,1.06792e-07,0.105067,1.02727e-07,1.43763e-07,0.105067,1.06792e-07,0.219029
0.174375,0.126402,-3.07036e-07,1.10879e-07,-3.07036e-07,0.054975,-5.19483e-08,1.10879e-07,-5.19483e-08,0.0549745,0.0616083,6.53022e-09,0.0616083,-1.70379e-07,3.10684e-07,6.53022e-09,3.10684e-07,1.40747e-07,0.0616087,1.28751e-08,-2.04413e-07,-6.70757e-08,0.0616087,-6.70757e-08,1.44832e-07,0.0616083,-1.70379e-07,3.10684e-07,6.53022e-09,3.10684e-07,1.40747e-07,0.126403,2.74514e-07,6.5894e-08,2.74514e-07,0.0549749,0.0616086,-3.59104e-08,0.0616086,5.66523e-07,0.0616087,-6.70757e-08,1.44832e-07,0.0616086,5.66523e-07,0.126403
0.129155,0.0677711,-2.09579e-07,-8.68479e-08,-2.09579e-07,0.0314462,2.23153e-07,-8.68479e-08,2.23153e-07,0.0314469,0.0330134,1.79248e-07,0.0330134,1.67973e-07,2.67023e-07,1.79248e-07,2.67023e-07,-7.26568e-07,0.0330135,1.58314e-07,-2.8179e-07,-1.78189e-08,0.0330135,-1.78189e-08,2.13699e-08,0.0330134,1.67973e-07,2.67023e-07,1.79248e-07,2.67023e-07,-7.26568e-07,0.0677715,-6.035e-08,8.3159e-08,-6.035e-08,0.0314466,0.0330135,-1.13369e-08,0.0330135,3.52524e-07,0.0330135,-1.78189e-08,2.13699e-08,0.0330135,3.52524e-07,0.0677711
0.433936,1.16528,3.13303e-08,1.41409e-08,3.13303e-08,0.332106,-2.98626e-08,1.41409e-08,-2.98626e-08,0.332106,0.498916,-2.01434e-08,0.498916,2.26234e-08,5.45922e-08,-2.01434e-08,5.45922e-08,3.697e-08,0.498915,-4.63619e-08,-7.45354e-08,-1.40605e-08,0.498915,-1.40605e-08,2.93335e-09,0.498916,2.26234e-08,5.45922e-08,-2.01434e-08,5.45922e-08,3.697e-08,1.16528,1.37335e-07,-1.21953e-08,1.37335e-07,0.332107,0.498915,-2.47158e-08,0.498915,5.6783e-08,0.498915,-1.40605e-08,2.93335e-09,0.498915,5.6783e-08,1.16528
0.388717,1.03364,1.65199e-07,-5.3234e-08,1.65199e-07,0.29699,3.01941e-08,-5.3234e-08,3.01941e-08,0.296989,0.44678,-8.06141e-08,0.44678,1.16306e-07,9.87108e-08,-8.06141e-08,9.87108e-08,7.88711e-08,0.44678,-9.15749e-08,-6.59742e-08,-6.42318e-08,0.44678,-6.42318e-08,2.93591e-08,0.44678,1.16306e-07,9.87108e-08,-8.06141e-08,9.87108e-08,7.88711e-08,1.03364,1.43611e-07,8.53457e-08,1.43611e-07,0.296991,0.44678,3.59665e-08,0.44678,7.631e-08,0.44678,-6.42318e-08,2.93591e-08,0.44678,7.631e-08,1.03364
0.343498,0.736144,1.59553e-07,-4.72598e-08,1.59553e-07,0.221211,4.44328e-09,-4.72598e-08,4.44328e-09,0.221212,0.330971,1.29953e-08,0.330971,5.17781e-08,-7.49223e-08,1.29953e-08,-7.49223e-08,-3.92548e-07,0.330971,1.82457e-09,2.04569e-07,5.79699e-08,0.330971,5.79699e-08,8.11887e-09,0.330971,5.17781e-08,-7.49223e-08,1.29953e-08,-7.49223e-08,-3.92548e-07,0.736144,-3.54283e-07,-4.38045e-08,-3.54283e-07,0.221211,0.330971,7.64692e-09,0.330971,-2.8744e-07,0.330971,5.79699e-08,8.11887e-09,0.330971,-2.8744e-07,0.736144
0.298279,0.544223,3.06881e-07,3.27764e-07,3.06881e-07,0.176266,-7.89343e-10,3.27764e-07,-7.89343e-10,0.176269,0.254055,-3.20571e-07,0.254055,-5.99411e-07,-1.46863e-08,-3.20571e-07,-1.46863e-08,-5.36779e-07,0.254055,-3.95834e-07,-2.09391e-07,-1.17474e-07,0.254055,-1.17474e-07,2.27379e-07,0.254055,-5.99411e-07,-1.46863e-08,-3.20571e-07,-1.46863e-08,-5.36779e-07,0.544222,-4.02371e-07,-2.63831e-07,-4.02371e-07,0.176268,0.254055,-1.73493e-07,0.254055,-1.66264e-07,0.254055,-1.17474e-07,2.27379e-07,0.254055,-1.66264e-07,0.544222
0.253059,0.336971,3.72092e-07,3.80641e-07,3.72092e-07,0.118807,1.94136e-07,3.80641e-07,1.94136e-07,0.118806,0.159174,-1.6464e-07,0.159174,-1.98629e-07,3.08147e-07,-1.6464e-07,3.08147e-07,2.5428e-07,0.159174,-1.56798e-07,-1.79653e-07,-3.20525e-07,0.159174,-3.20525e-07,1.88433e-07,0.159174,-1.98629e-07,3.08147e-07,-1.6464e-07,3.08147e-07,2.5428e-07,0.336971,-1.38995e-07,-2.95408e-07,-1.38995e-07,0.118807,0.159175,-1.34745e-08,0.159175,-1.89573e-07,0.159174,-3.20525e-07,1.88433e-07,0.159175,-1.89573e-07,0.336972
0.20784,0.210114,-2.85242e-07,-5.35644e-08,-2.85242e-07,0.080739,7.45891e-08,-5.35644e-08,7.45891e-08,0.0807374,0.0986728,-1.95728e-07,0.0986728,-1.06034e-07,5.0723e-07,-1.95728e-07,5.0723e-07,5.8536e-07,0.098673,4.07431e-07,-3.07211e-08,1.82675e-08,0.098673,1.82675e-08,1.57511e-07,0.0986728,-1.06034e-07,5.0723e-07,-1.95728e-07,5.0723e-07,5.8536e-07,0.210114,1.33756e-07,-3.85813e-08,1.33756e-07,0.0807389,0.0986725,2.0281e-07,0.0986725,1.69224e-07,0.098673,1.82675e-08,1.57511e-07,0.0986725,1.69224e-07,0.210114
0.162621,0.126402,-3.07036e-07,1.10879e-07,-3.07036e-07,0.054975,-5.19483e-08,1.10879e-07,-5.19483e-08,0.0549745,0.0616083,6.53022e-09,0.0616083,-1.70379e-07,3.10684e-07,6.53022e-09,3.10684e-07,1.40747e-07,0.0616087,1.28751e-08,-2.04413e-07,-6.70757e-08,0.0616087,-6.70757e-08,1.44832e-07,0.0616083,-1.70379e-07,3.10684e-07,6.53022e-09,3.10684e-07,1.40747e-07,0.126403,2.74514e-07,6.5894e-08,2.74514e-07,0.0549749,0.0616086,-3.59104e-08,0.0616086,5.66523e-07,0.0616087,-6.70757e-08,1.44832e-07,0.0616086,5.66523e-07,0.126403
0.117402,0.0519367,-1.059e-08,-2.12185e-07,-1.059e-08,0.0248186,1.04479e-07,-2.12185e-07,1.04479e-07,0.0248191,0.0253704,7.63374e-09,0.0253704,-1.53191e-07,6.79247e-08,7.63374e-09,6.79247e-08,-1.33168e-07,0.0253705,5.72067e-08,-2.69055e-07,-6.73889e-08,0.0253705,-6.73889e-08,1.96921e-08,0.0253704,-1.53191e-07,6.79247e-08,7.63374e-09,6.79247e-08,-1.33168e-07,0.0519366,8.93521e-08,7.00736e-08,8.93521e-08,0.0248187,0.0253705,-5.23859e-08,0.0253705,6.67189e-08,0.0253705,-6.73889e-08,1.96921e-08,0.0253705,6.67189e-08,0.0519366
0.422183,1.14302,5.78461e-08,-1.29745e-08,5.78461e-08,0.325453,-1.93903e-08,-1.29745e-08,-1.93903e-08,0.325453,0.489927,-4.99613e-08,0.489927,3.30212e-08,7.77683e-08,-4.99613e-08,7.77683e-08,2.54721e-08,0.489927,-4.58984e-08,-7.30658e-08,-2.18055e-08,0.489927,-2.18055e-08,1.67776e-08,0.489927,3.30212e-08,7.77683e-08,-4.99613e-08,7.77683e-08,2.54721e-08,1.14302,1.62006e-07,2.45265e-08,1.62006e-07,0.325454,0.489927,2.08841e-08,0.489927,4.18462e-08,0.489927,-2.18055e-08,1.67776e-08,0.489927,4.18462e-08,1.14302
0.376963,0.966929,1.99152e-07,-1.06297e-07,1.99152e-07,0.279417,-6.59364e-10,-1.06297e-07,-6.59364e-10,0.279417,0.421528,-7.47895e-08,0.421528,9.54423e-08,-1.63225e-08,-7.47895e-08,-1.63225e-08,7.92364e-08,0.421528,-1.21936e-07,9.56348e-09,-2.51243e-08,0.421528,-2.51243e-08,-6.94174e-09,0.421528,9.54423e-08,-1.63225e-08,-7.47895e-08,-1.63225e-08,7.92364e-08,0.966929,-2.27047e-08,4.12859e-08,-2.27047e-08,0.279417,0.421528,8.70712e-09,0.421528,1.64903e-07,0.421528,-2.51243e-08,-6.94174e-09,0.421528,1.64903e-07,0.966929
0.331744,0.704711,8.89649e-08,-3.34247e-08,8.89649e-08,0.21247,-4.98058e-08,-3.34247e-08,-4.98058e-08,0.212471,0.317261,-1.95722e-09,0.317261,3.81472e-08,-3.55154e-08,-1.95722e-09,-3.55154e-08,-5.0057e-07,0.317261,-1.43074e-08,2.16395e-07,-3.31006e-08,0.317261,-3.31006e-08,3.87306e-08,0.317261,3.81472e-08,-3.55154e-08,-1.95722e-09,-3.55154e-08,-5.0057e-07,0.704711,-3.59012e-07,-6.08585e-08,-3.59012e-07,0.21247,0.317261,-2.24959e-08,0.317261,-3.65157e-07,0.317261,-3.31006e-08,3.87306e-08,0.317261,-3.65157e-07,0.704711
0.286525,0.517335,3.39085e-07,2.92425e-07,3.39085e-07,0.167623,-6.46621e-08,2.92425e-07,-6.46621e-08,0.167624,0.241304,-3.70913e-07,0.241304,-2.70268e-07,1.36286e-08,-3.70913e-07,1.36286e-08,-6.59171e-07,0.241304,-4.76944e-07,-3.32628e-07,-1.28953e-07,0.241304,-1.28953e-07,2.89698e-07,0.241304,-2.70268e-07,1.36286e-08,-3.70913e-07,1.36286e-08,-6.59171e-07,0.517334,-4.54062e-07,-2.87388e-07,-4.54062e-07,0.167624,0.241304,-2.75106e-07,0.241304,-2.22659e-07,0.241304,-1.28953e-07,2.89698e-07,0.241304,-2.22659e-07,0.517335
0.241306,0.336971,3.72092e-07,3.80641e-07,3.72092e-07,0.118807,1.94136e-07,3.80641e-07,1.94136e-07,0.118806,0.159174,-1.6464e-07,0.159174,-1.98629e-07,3.08147e-07,-1.6464e-07,3.08147e-07,2.5428e-07,0.159174,-1.56798e-07,-1.79653e-07,-3.20525e-07,0.159174,-3.20525e-07,1.88433e-07,0.159174,-1.98629e-07,3.08147e-07,-1.6464e-07,3.08147e-07,2.5428e-07,0.336971,-1.38995e-07,-2.95408e-07,-1.38995e-07,0.118807,0.159175,-1.34745e-08,0.159175,-1.89573e-07,0.159174,-3.20525e-07,1.88433e-07,0.159175,-1.89573e-07,0.336972
0.196087,0.164856,-5.61245e-07,-9.86359e-08,-5.61245e-07,0.0677216,1.0778e-07,-9.86359e-08,1.0778e-07,0.0677206,0.0785988,-1.35854e-07,0.0785988,-3.23099e-07,3.86994e-07,-1.35854e-07,3.86994e-07,5.39894e-07,0.0785991,2.41368e-07,4.71822e-07,1.34152e-07,0.0785991,1.34152e-07,6.7459e-08,0.0785988,-3.23099e-07,3.86994e-07,-1.35854e-07,3.86994e-07,5.39894e-07,0.164856,2.19148e-07,3.07283e-07,2.19148e-07,0.0677211,0.0785989,2.16568e-08,0.0785989,5.25579e-07,0.0785991,1.34152e-07,6.7459e-08,0.0785989,5.25579e-07,0.164856
0.150867,0.0840736,-3.45034e-07,-1.24573e-08,-3.45034e-07,0.0371481,6.35826e-09,-1.24573e-08,6.35826e-09,0.0371483,0.0392434,3.00316e-07,0.0392434,-1.18125e-08,1.99368e-07,3.00316e-07,1.99368e-07,-5.05629e-07,0.0392435,2.79561e-07,-1.45224e-07,-1.68203e-07,0.0392435,-1.68203e-07,2.49536e-07,0.0392434,-1.18125e-08,1.99368e-07,3.00316e-07,1.99368e-07,-5.05629e-07,0.0840742,-4.86178e-08,-1.45439e-10,-4.86178e-08,0.037148,0.0392436,-8.6106e-08,0.0392436,-5.6144e-08,0.0392435,-1.68203e-07,2.49536e-07,0.0392436,-5.6144e-08,0.0840741
0.105648,0.0519367,-1.059e-08,-2.12185e-07,-1.059e-08,0.0248186,1.04479e-07,-2.12185e-07,1.04479e-07,0.0248191,0.0253704,7.63374e-09,0.0253704,-1.53191e-07,6.79247e-08,7.63374e-09,6.79247e-08,-1.33168e-07,0.0253705,5.72067e-08,-2.69055e-07,-6.73889e-08,0.0253705,-6.73889e-08,1.96921e-08,0.0253704,-1.53191e-07,6.79247e-08,7.63374e-09,6.79247e-08,-1.33168e-07,0.0519366,8.93521e-08,7.00736e-08,8.93521e-08,0.0248187,0.0253705,-5.23859e-08,0.0253705,6.67189e-08,0.0253705,-6.73889e-08,1.96921e-08,0.0253705,6.67189e-08,0.0519366
0.410429,1.1251,6.25613e-08,-2.11678e-08,6.25613e-08,0.320746,-2.03003e-08,-2.11678e-08,-2.03003e-08,0.320746,0.483527,-5.12956e-08,0.483527,4.9425e-08,9.06209e-08,-5.12956e-08,9.06209e-08,3.08308e-08,0.483527,-5.02884e-08,-7.85382e-08,-3.57075e-08,0.483527,-3.57075e-08,1.83874e-08,0.483527,4.9425e-08,9.06209e-08,-5.12956e-08,9.06209e-08,3.08308e-08,1.1251,1.69974e-07,1.73474e-08,1.69974e-07,0.320747,0.483527,1.27731e-08,0.483527,2.91644e-08,0.483527,-3.57075e-08,1.83874e-08,0.483527,2.91644e-08,1.1251
0.36521,0.916487,2.47827e-07,-2.09412e-07,2.47827e-07,0.26671,5.43274e-08,-2.09412e-07,5.43274e-08,0.26671,0.401697,-6.23895e-08,0.401697,1.1692e-07,-4.56979e-09,-6.23895e-08,-4.56979e-09,5.95346e-08,0.401697,-8.72003e-08,4.56485e-08,-3.67171e-08,0.401697,-3.67171e-08,2.26067e-10,0.401697,1.1692e-07,-4.56979e-09,-6.23895e-08,-4.56979e-09,5.95346e-08,0.916487,5.73277e-09,5.99588e-08,5.73277e-09,0.266711,0.401697,9.81361e-08,0.401697,1.14716e-07,0.401697,-3.67171e-08,2.26067e-10,0.401697,1.14716e-07,0.916487
0.319991,0.673413,2.83321e-07,2.15768e-08,2.83321e-07,0.206032,3.35163e-09,2.15768e-08,3.35163e-09,0.206033,0.305308,-2.35774e-08,0.305308,2.47683e-08,-8.3626e-08,-2.35774e-08,-8.3626e-08,-4.81853e-07,0.305308,-3.77095e-08,2.40508e-07,2.56483e-08,0.305308,2.56483e-08,1.25425e-08,0.305308,2.47683e-08,-8.3626e-08,-2.35774e-08,-8.3626e-08,-4.81853e-07,0.673413,-3.55228e-07,-1.4024e-07,-3.55228e-07,0.206032,0.305308,-6.17565e-08,0.305308,-3.66563e-07,0.305308,2.56483e-08,1.25425e-08,0.305308,-3.66563e-07,0.673413
0.274772,0.423054,4.58332e-07,2.65398e-07,4.58332e-07,0.138634,-1.76497e-07,2.65398e-07,-1.76497e-07,0.138633,0.194781,-3.88414e-07,0.194781,-4.01834e-09,2.02983e-07,-3.88414e-07,2.02983e-07,-3.75272e-07,0.194781,-3.58539e-07,-1.45381e-07,-3.4025e-07,0.194781,-3.4025e-07,1.89815e-07,0.194781,-4.01834e-09,2.02983e-07,-3.88414e-07,2.02983e-07,-3.75272e-07,0.423052,-3.6037e-07,-3.52081e-07,-3.6037e-07,0.138634,0.194781,-2.08791e-07,0.194781,-3.36052e-08,0.194781,-3.4025e-07,1.89815e-07,0.194781,-3.36052e-08,0.423053
0.229552,0.261061,9.71779e-09,-1.30279e-07,9.71779e-09,0.0984203,-1.07957e-07,-1.30279e-07,-1.07957e-07,0.0984193,0.124456,2.8984e-08,0.124456,-7.88217e-08,3.87587e-07,2.8984e-08,3.87587e-07,5.17884e-07,0.124456,2.64789e-08,-1.78925e-07,-3.36902e-07,0.124456,-3.36902e-07,1.1865e-07,0.124456,-7.88217e-08,3.87587e-07,2.8984e-08,3.87587e-07,5.17884e-07,0.26106,1.19146e-07,-2.54164e-08,1.19146e-07,0.0984209,0.124456,4.26298e-07,0.124456,2.1928e-07,0.124456,-3.36902e-07,1.1865e-07,0.124456,2.1928e-07,0.26106
0.184333,0.164856,-5.61245e-07,-9.86359e-08,-5.61245e-07,0.0677216,1.0778e-07,-9.86359e-08,1.0778e-07,0.0677206,0.0785988,-1.35854e-07,0.0785988,-3.23099e-07,3.86994e-07,-1.35854e-07,3.86994e-07,5.39894e-07,0.0785991,2.41368e-07,4.71822e-07,1.34152e-07,0.0785991,1.34152e-07,6.7459e-08,0.0785988,-3.23099e-07,3.86994e-07,-1.35854e-07,3.86994e-07,5.39894e-07,0.164856,2.19148e-07,3.07283e-07,2.19148e-07,0.0677211,0.0785989,2.16568e-08,0.0785989,5.25579e-07,0.0785991,1.34152e-07,6.7459e-08,0.0785989,5.25579e-07,0.164856
0.139114,0.0840736,-3.45034e-07,-1.24573e-08,-3.45034e-07,0.0371481,6.35826e-09,-1.24573e-08,6.35826e-09,0.0371483,0.0392434,3.00316e-07,0.0392434,-1.18125e-08,1.99368e-07,3.00316e-07,1.99368e-07,-5.05629e-07,0.0392435,2.79561e-07,-1.45224e-07,-1.68203e-07,0.0392435,-1.68203e-07,2.49536e-07,0.0392434,-1.18125e-08,1.99368e-07,3.00316e-07,1.99368e-07,-5.05629e-07,0.0840742,-4.86178e-08,-1.45439e-10,-4.86178e-08,0.037148,0.0392436,-8.6106e-08,0.0392436,-5.6144e-08,0.0392435,-1.68203e-07,2.49536e-07,0.0392436,-5.6144e-08,0.0840741
0.443895,1.19609,-7.00147e-09,6.85766e-09,-7.00147e-09,0.340068,-3.52865e-08,6.85766e-09,-3.52865e-08,0.340067,0.512081,-1.05246e-08,0.512081,-4.16517e-09,3.79693e-08,-1.05246e-08,3.79693e-08,2.20871e-08,0.512081,9.07922e-09,-5.67343e-08,-2.63585e-08,0.512081,-2.63585e-08,1.98267e-08,0.512081,-4.16517e-09,3.79693e-08,-1.05246e-08,3.79693e-08,2.20871e-08,1.19609,1.42098e-07,-2.90131e-08,1.42098e-07,0.340068,0.512081,-4.04571e-08,0.512081,8.17546e-09,0.512081,-2.63585e-08,1.98267e-08,0.512081,8.17546e-09,1.19609
0.398676,1.03364,1.65199e-07,-5.3234e-08,1.65199e-07,0.29699,3.01941e-08,-5.3234e-08,3.01941e-08,0.296989,0.44678,-8.06141e-08,0.44678,1.16306e-07,9.87108e-08,-8.06141e-08,9.87108e-08,7.88711e-08,0.44678,-9.15749e-08,-6.59742e-08,-6.42318e-08,0.44678,-6.42318e-08,2.93591e-08,0.44678,1.16306e-07,9.87108e-08,-8.06141e-08,9.87108e-08,7.88711e-08,1.03364,1.43611e-07,8.53457e-08,1.43611e-07,0.296991,0.44678,3.59665e-08,0.44678,7.631e-08,0.44678,-6.42318e-08,2.93591e-08,0.44678,7.631e-08,1.03364
0.353456,0.838354,2.55701e-07,-2.34326e-07,2.55701e-07,0.24913,6.21509e-08,-2.34326e-07,6.21509e-08,0.24913,0.37241,-2.04678e-09,0.37241,1.60601e-07,-5.00914e-08,-2.04678e-09,-5.00914e-08,3.38878e-08,0.37241,-4.24624e-09,1.18674e-07,-1.16554e-08,0.37241,-1.16554e-08,1.13767e-08,0.37241,1.60601e-07,-5.00914e-08,-2.04678e-09,-5.00914e-08,3.38878e-08,0.838354,-1.0678e-07,8.1344e-08,-1.0678e-07,0.24913,0.37241,1.32446e-07,0.37241,3.81222e-08,0.37241,-1.16554e-08,1.13767e-08,0.37241,3.81222e-08,0.838354
0.308237,0.579668,3.52156e-07,1.14057e-07,3.52156e-07,0.183724,-5.52255e-09,1.14057e-07,-5.52255e-09,0.183726,0.268076,-4.74357e-08,0.268076,-3.97806e-07,1.4343e-10,-4.74357e-08,1.4343e-10,-5.11603e-07,0.268076,-2.65275e-07,-2.24882e-07,-1.09976e-07,0.268076,-1.09976e-07,3.05701e-07,0.268076,-3.97806e-07,1.4343e-10,-4.74357e-08,1.4343e-10,-5.11603e-07,0.579667,-3.63514e-07,-2.73547e-07,-3.63514e-07,0.183726,0.268076,-1.75772e-07,0.268076,-3.32527e-08,0.268076,-1.09976e-07,3.05701e-07,0.268076,-3.32527e-08,0.579667
0.263018,0.364506,2.28021e-07,2.81052e-07,2.28021e-07,0.127648,-2.59338e-08,2.81052e-07,-2.59338e-08,0.127648,0.173534,-2.36077e-07,0.173534,-2.27371e-07,3.416e-07,-2.36077e-07,3.416e-07,3.59199e-07,0.173534,-1.53397e-07,-2.26947e-07,-4.37409e-07,0.173534,-4.37409e-07,1.90085e-07,0.173534,-2.27371e-07,3.416e-07,-2.36077e-07,3.416e-07,3.59199e-07,0.364506,-3.27475e-07,-3.2258e-07,-3.27475e-07,0.127648,0.173534,-2.36864e-07,0.173534,-1.64397e-07,0.173534,-4.37409e-07,1.90085e-07,0.173534,-1.64397e-07,0.364506
0.217799,0.210114,-2.85242e-07,-5.35644e-08,-2.85242e-07,0.080739,7.45891e-08,-5.35644e-08,7.45891e-08,0.0807374,0.0986728,-1.95728e-07,0.0986728,-1.06034e-07,5.0723e-07,-1.95728e-07,5.0723e-07,5.8536e-07,0.098673,4.07431e-07,-3.07211e-08,1.82675e-08,0.098673,1.82675e-08,1.57511e-07,0.0986728,-1.06034e-07,5.0723e-07,-1.95728e-07,5.0723e-07,5.8536e-07,0.210114,1.33756e-07,-3.85813e-08,1.33756e-07,0.0807389,0.0986725,2.0281e-07,0.0986725,1.69224e-07,0.098673,1.82675e-08,1.57511e-07,0.0986725,1.69224e-07,0.210114
0.17258,0.126402,-3.07036e-07,1.10879e-07,-3.07036e-07,0.054975,-5.19483e-08,1.10879e-07,-5.19483e-08,0.0549745,0.0616083,6.53022e-09,0.0616083,-1.70379e-07,3.10684e-07,6.53022e-09,3.10684e-07,1.40747e-07,0.0616087,1.28751e-08,-2.04413e-07,-6.70757e-08,0.0616087,-6.70757e-08,1.44832e-07,0.0616083,-1.70379e-07,3.10684e-07,6.53022e-09,3.10684e-07,1.40747e-07,0.126403,2.74514e-07,6.5894e-08,2.74514e-07,0.0549749,0.0616086,-3.59104e-08,0.0616086,5.66523e-07,0.0616087,-6.70757e-08,1.44832e-07,0.0616086,5.66523e-07,0.126403
0.12736,0.0519367,-1.059e-08,-2.12185e-07,-1.059e-08,0.0248186,1.04479e-07,-2.12185e-07,1.04479e-07,0.0248191,0.0253704,7.63374e-09,0.0253704,-1.53191e-07,6.79247e-08,7.63374e-09,6.79247e-08,-1.33168e-07,0.0253705,5.72067e-08,-2.69055e-07,-6.73889e-08,0.0253705,-6.73889e-08,1.96921e-08,0.0253704,-1.53191e-07,6.79247e-08,7.63374e-09,6.79247e-08,-1.33168e-07,0.0519366,8.93521e-08,7.00736e-08,8.93521e-08,0.0248187,0.0253705,-5.23859e-08,0.0253705,6.67189e-08,0.0253705,-6.73889e-08,1.96921e-08,0.0253705,6.67189e-08,0.0519366
0.432141,1.16528,3.13303e-08,1.41409e-08,3.13303e-08,0.332106,-2.98626e-08,1.41409e-08,-2.98626e-08,0.332106,0.498916,-2.01434e-08,0.498916,2.26234e-08,5.45922e-08,-2.01434e-08,5.45922e-08,3.697e-08,0.498915,-4.63619e-08,-7.45354e-08,-1.40605e-08,0.498915,-1.40605e-08,2.93335e-09,0.498916,2.26234e-08,5.45922e-08,-2.01434e-08,5.45922e-08,3.697e-08,1.16528,1.37335e-07,-1.21953e-08,1.37335e-07,0.332107,0.498915,-2.47158e-08,0.498915,5.6783e-08,0.498915,-1.40605e-08,2.93335e-09,0.498915,5.6783e-08,1.16528
0.386922,1.03364,1.65199e-07,-5.3234e-08,1.65199e-07,0.29699,3.01941e-08,-5.3234e-08,3.01941e-08,0.296989,0.44678,-8.06141e-08,0.44678,1.16306e-07,9.87108e-08,-8.06141e-08,9.87108e-08,7.88711e-08,0.44678,-9.15749e-08,-6.59742e-08,-6.42318e-08,0.44678,-6.42318e-08,2.93591e-08,0.44678,1.16306e-07,9.87108e-08,-8.06141e-08,9.87108e-08,7.88711e-08,1.03364,1.43611e-07,8.53457e-08,1.43611e-07,0.296991,0.44678,3.59665e-08,0.44678,7.631e-08,0.44678,-6.42318e-08,2.93591e-08,0.44678,7.631e-08,1.03364
0.341703,0.736144,1.59553e-07,-4.72598e-08,1.59553e-07,0.221211,4.44328e-09,-4.72598e-08,4.44328e-09,0.221212,0.330971,1.29953e-08,0.330971,5.17781e-08,-7.49223e-08,1.29953e-08,-7.49223e-08,-3.92548e-07,0.330971,1.82457e-09,2.04569e-07,5.79699e-08,0.330971,5.79699e-08,8.11887e-09,0.330971,5.17781e-08,-7.49223e-08,1.29953e-08,-7.49223e-08,-3.92548e-07,0.736144,-3.54283e-07,-4.38045e-08,-3.54283e-07,0.221211,0.330971,7.64692e-09,0.330971,-2.8744e-07,0.330971,5.79699e-08,8.11887e-09,0.330971,-2.8744e-07,0.736144
0.296484,0.544223,3.06881e-07,3.27764e-07,3.06881e-07,0.176266,-7.89343e-10,3.27764e-07,-7.89343e-10,0.176269,0.254055,-3.20571e-07,0.254055,-5.99411e-07,-1.46863e-08,-3.20571e-07,-1.46863e-08,-5.36779e-07,0.254055,-3.95834e-07,-2.09391e-07,-1.17474e-07,0.254055,-1.17474e-07,2.27379e-07,0.254055,-5.99411e-07,-1.46863e-08,-3.20571e-07,-1.46863e-08,-5.36779e-07,0.544222,-4.02371e-07,-2.63831e-07,-4.02371e-07,0.176268,0.254055,-1.73493e-07,0.254055,-1.66264e-07,0.254055,-1.17474e-07,2.27379e-07,0.254055,-1.66264e-07,0.544222
0.251264,0.336971,3.72092e-07,3.80641e-07,3.72092e-07,0.118807,1.94136e-07,3.80641e-07,1.94136e-07,0.118806,0.159174,-1.6464e-07,0.159174,-1.98629e-07,3.08147e-07,-1.6464e-07,3.08147e-07,2.5428e-07,0.159174,-1.56798e-07,-1.79653e-07,-3.20525e-07,0.159174,-3.20525e-07,1.88433e-07,0.159174,-1.98629e-07,3.08147e-07,-1.6464e-07,3.08147e-07,2.5428e-07,0.336971,-1.38995e-07,-2.95408e-07,-1.38995e-07,0.118807,0.159175,-1.34745e-08,0.159175,-1.89573e-07,0.159174,-3.20525e-07,1.88433e-07,0.159175,-1.89573e-07,0.336972
0.206045,0.210114,-2.85242e-07,-5.35644e-08,-2.85242e-07,0.080739,7.45891e-08,-5.35644e-08,7.45891e-08,0.0807374,0.0986728,-1.95728e-07,0.0986728,-1.06034e-07,5.0723e-07,-1.95728e-07,5.0723e-07,5.8536e-07,0.098673,4.07431e-07,-3.07211e-08,1.82675e-08,0.098673,1.82675e-08,1.57511e-07,0.0986728,-1.06034e-07,5.0723e-07,-1.95728e-07,5.0723e-07,5.8536e-07,0.210114,1.33756e-07,-3.85813e-08,1.33756e-07,0.0807389,0.0986725,2.0281e-07,0.0986725,1.69224e-07,0.098673,1.82675e-08,1.57511e-07,0.0986725,1.69224e-07,0.210114
0.160826,0.0918008,-2.84429e-07,-9.07326e-08,-2.84429e-07,0.041319,1.82388e-08,-9.07326e-08,1.82388e-08,0.0413195,0.044073,2.96407e-07,0.044073,-1.35435e-07,2.25846e-07,2.96407e-07,2.25846e-07,-4.56919e-07,0.0440732,2.39609e-07,1.85313e-08,-2.04935e-07,0.0440732,-2.04935e-07,5.99149e-08,0.044073,-1.35435e-07,2.25846e-07,2.96407e-07,2.25846e-07,-4.56919e-07,0.091802,6.29211e-08,-3.12901e-08,6.29211e-08,0.0413192,0.0440732,-1.60724e-07,0.0440732,2.3817e-07,0.0440732,-2.04935e-07,5.99149e-08,0.0440732,2.3817e-07,0.0918022
0.115607,0.0519367,-1.059e-08,-2.12185e-07,-1.059e-08,0.0248186,1.04479e-07,-2.12185e-07,1.04479e-07,0.0248191,0.0253704,7.63374e-09,0.0253704,-1.53191e-07,6.79247e-08,7.63374e-09,6.79247e-08,-1.33168e-07,0.0253705,5.72067e-08,-2.69055e-07,-6.73889e-08,0.0253705,-6.73889e-08,1.96921e-08,0.0253704,-1.53191e-07,6.79247e-08,7.63374e-09,6.79247e-08,-1.33168e-07,0.0519366,8.93521e-08,7.00736e-08,8.93521e-08,0.0248187,0.0253705,-5.23859e-08,0.0253705,6.67189e-08,0.0253705,-6.73889e-08,1.96921e-08,0.0253705,6.67189e-08,0.0519366
0.420388,1.14302,5.78461e-08,-1.29745e-08,5.78461e-08,0.325453,-1.93903e-08,-1.29745e-08,-1.93903e-08,0.325453,0.489927,-4.99613e-08,0.489927,3.30212e-08,7.77683e-08,-4.99613e-08,7.77683e-08,2.54721e-08,0.489927,-4.58984e-08,-7.30658e-08,-2.18055e-08,0.489927,-2.18055e-08,1.67776e-08,0.489927,3.30212e-08,7.77683e-08,-4.99613e-08,7.77683e-08,2.54721e-08,1.14302,1.62006e-07,2.45265e-08,1.62006e-07,0.325454,0.489927,2.08841e-08,0.489927,4.18462e-08,0.489927,-2.18055e-08,1.67776e-08,0.489927,4.18462e-08,1.14302
0.375168,0.966929,1.99152e-07,-1.06297e-07,1.99152e-07,0.279417,-6.59364e-10,-1.06297e-07,-6.59364e-10,0.279417,0.421528,-7.47895e-08,0.421528,9.54423e-08,-1.63225e-08,-7.47895e-08,-1.63225e-08,7.92364e-08,0.421528,-1.21936e-07,9.56348e-09,-2.51243e-08,0.421528,-2.51243e-08,-6.94174e-09,0.421528,9.54423e-08,-1.63225e-08,-7.47895e-08,-1.63225e-08,7.92364e-08,0.966929,-2.27047e-08,4.12859e-08,-2.27047e-08,0.279417,0.421528,8.70712e-09,0.421528,1.64903e-07,0.421528,-2.51243e-08,-6.94174e-09,0.421528,1.64903e-07,0.966929
0.329949,0.704711,8.89649e-08,-3.34247e-08,8.89649e-08,0.21247,-4.98058e-08,-3.34247e-08,-4.98058e-08,0.212471,0.317261,-1.95722e-09,0.317261,3.81472e-08,-3.55154e-08,-1.95722e-09,-3.55154e-08,-5.0057e-07,0.317261,-1.43074e-08,2.16395e-07,-3.31006e-08,0.317261,-3.31006e-08,3.87306e-08,0.317261,3.81472e-08,-3.55154e-08,-1.95722e-09,-3.55154e-08,-5.0057e-07,0.704711,-3.59012e-07,-6.08585e-08,-3.59012e-07,0.21247,0.317261,-2.24959e-08,0.317261,-3.65157e-07,0.317261,-3.31006e-08,3.87306e-08,0.317261,-3.65157e-07,0.704711
0.28473,0.517335,3.39085e-07,2.92425e-07,3.39085e-07,0.167623,-6.46621e-08,2.92425e-07,-6.46621e-08,0.167624,0.241304,-3.70913e-07,0.241304,-2.70268e-07,1.36286e-08,-3.70913e-07,1.36286e-08,-6.59171e-07,0.241304,-4.76944e-07,-3.32628e-07,-1.28953e-07,0.241304,-1.28953e-07,2.89698e-07,0.241304,-2.70268e-07,1.36286e-08,-3.70913e-07,1.36286e-08,-6.59171e-07,0.517334,-4.54062e-07,-2.87388e-07,-4.54062e-07,0.167624,0.241304,-2.75106e-07,0.241304,-2.22659e-07,0.241304,-1.28953e-07,2.89698e-07,0.241304,-2.22659e-07,0.517335
0.239511,0.311099,3.3488e-07,3.5098e-07,3.3488e-07,0.113615,1.05623e-07,3.5098e-07,1.05623e-07,0.113615,0.14947,-1.10596e-07,0.14947,-2.27441e-07,3.4063e-07,-1.10596e-07,3.4063e-07,3.12741e-07,0.14947,-9.67596e-08,-1.21688e-07,-4.11233e-07,0.14947,-4.11233e-07,1.61229e-07,0.14947,-2.27441e-07,3.4063e-07,-1.10596e-07,3.4063e-07,3.12741e-07,0.3111,-6.24446e-08,-2.6863e-07,-6.24446e-08,0.113616,0.149471,-1.63318e-09,0.149471,-1.76076e-07,0.14947,-4.11233e-07,1.61229e-07,0.149471,-1.76076e-07,0.3111
0.194292,0.164856,-5.61245e-07,-9.86359e-08,-5.61245e-07,0.0677216,1.0778e-07,-9.86359e-08,1.0778e-07,0.0677206,0.0785988,-1.35854e-07,0.0785988,-3.23099e-07,3.86994e-07,-1.35854e-07,3.86994e-07,5.39894e-07,0.0785991,2.41368e-07,4.71822e-07,1.34152e-07,0.0785991,1.34152e-07,6.7459e-08,0.0785988,-3.23099e-07,3.86994e-07,-1.35854e-07,3.86994e-07,5.39894e-07,0.164856,2.19148e-07,3.07283e-07,2.19148e-07,0.0677211,0.0785989,2.16568e-08,0.0785989,5.25579e-07,0.0785991,1.34152e-07,6.7459e-08,0.0785989,5.25579e-07,0.164856
0.149073,0.0840736,-3.45034e-07,-1.24573e-08,-3.45034e-07,0.0371481,6.35826e-09,-1.24573e-08,6.35826e-09,0.0371483,0.0392434,3.00316e-07,0.0392434,-1.18125e-08,1.99368e-07,3.00316e-07,1.99368e-07,-5.05629e-07,0.0392435,2.79561e-07,-1.45224e-07,-1.68203e-07,0.0392435,-1.68203e-07,2.49536e-07,0.0392434,-1.18125e-08,1.99368e-07,3.00316e-07,1.99368e-07,-5.05629e-07,0.0840742,-4.86178e-08,-1.45439e-10,-4.86178e-08,0.037148,0.0392436,-8.6106e-08,0.0392436,-5.6144e-08,0.0392435,-1.68203e-07,2.49536e-07,0.0392436,-5.6144e-08,0.0840741
0.103853,0.0519367,-1.059e-08,-2.12185e-07,-1.059e-08,0.0248186,1.04479e-07,-2.12185e-07,1.04479e-07,0.0248191,0.0253704,7.63374e-09,0.0253704,-1.53191e-07,6.79247e-08,7.63374e-09,6.79247e-08,-1.33168e-07,0.0253705,5.72067e-08,-2.69055e-07,-6.73889e-08,0.0253705,-6.73889e-08,1.96921e-08,0.0253704,-1.53191e-07,6.79247e-08,7.63374e-09,6.79247e-08,-1.33168e-07,0.0519366,8.93521e-08,7.00736e-08,8.93521e-08,0.0248187,0.0253705,-5.23859e-08,0.0253705,6.67189e-08,0.0253705,-6.73889e-08,1.96921e-08,0.0253705,6.67189e-08,0.0519366
0.408634,1.07717,1.05631e-07,-4.58973e-08,1.05631e-07,0.308108,1.92582e-08,-4.58973e-08,1.92582e-08,0.308108,0.464599,-6.43636e-08,0.464599,8.03793e-08,9.91853e-08,-6.43636e-08,9.91853e-08,2.71256e-08,0.464599,-6.78742e-08,-5.53988e-08,-5.31801e-08,0.464599,-5.31801e-08,4.56383e-08,0.464599,8.03793e-08,9.91853e-08,-6.43636e-08,9.91853e-08,2.71256e-08,1.07717,1.76684e-07,4.31342e-08,1.76684e-07,0.308109,0.464599,1.77858e-08,0.464599,-7.96289e-10,0.464599,-5.31801e-08,4.56383e-08,0.464599,-7.96289e-10,1.07717
0.363415,0.916487,2.47827e-07,-2.09412e-07,2.47827e-07,0.26671,5.43274e-08,-2.09412e-07,5.43274e-08,0.26671,0.401697,-6.23895e-08,0.401697,1.1692e-07,-4.56979e-09,-6.23895e-08,-4.56979e-09,5.95346e-08,0.401697,-8.72003e-08,4.56485e-08,-3.67171e-08,0.401697,-3.67171e-08,2.26067e-10,0.401697,1.1692e-07,-4.56979e-09,-6.23895e-08,-4.56979e-09,5.95346e-08,0.916487,5.73277e-09,5.99588e-08,5.73277e-09,0.266711,0.401697,9.81361e-08,0.401697,1.14716e-07,0.401697,-3.67171e-08,2.26067e-10,0.401697,1.14716e-07,0.916487
0.318196,0.673413,2.83321e-07,2.15768e-08,2.83321e-07,0.206032,3.35163e-09,2.15768e-08,3.35163e-09,0.206033,0.305308,-2.35774e-08,0.305308,2.47683e-08,-8.3626e-08,-2.35774e-08,-8.3626e-08,-4.81853e-07,0.305308,-3.77095e-08,2.40508e-07,2.56483e-08,0.305308,2.56483e-08,1.25425e-08,0.305308,2.47683e-08,-8.3626e-08,-2.35774e-08,-8.3626e-08,-4.81853e-07,0.673413,-3.55228e-07,-1.4024e-07,-3.55228e-07,0.206032,0.305308,-6.17565e-08,0.305308,-3.66563e-07,0.305308,2.56483e-08,1.25425e-08,0.305308,-3.66563e-07,0.673413
0.272977,0.423054,4.58332e-07,2.65398e-07,4.58332e-07,0.138634,-1.76497e-07,2.65398e-07,-1.76497e-07,0.138633,0.194781,-3.88414e-07,0.194781,-4.01834e-09,2.02983e-07,-3.88414e-07,2.02983e-07,-3.75272e-07,0.194781,-3.58539e-07,-1.45381e-07,-3.4025e-07,0.194781,-3.4025e-07,1.89815e-07,0.194781,-4.01834e-09,2.02983e-07,-3.88414e-07,2.02983e-07,-3.75272e-07,0.423052,-3.6037e-07,-3.52081e-07,-3.6037e-07,0.138634,0.194781,-2.08791e-07,0.194781,-3.36052e-08,0.194781,-3.4025e-07,1.89815e-07,0.194781,-3.36052e-08,0.423053
0.227757,0.261061,9.71779e-09,-1.30279e-07,9.71779e-09,0.0984203,-1.07957e-07,-1.30279e-07,-1.07957e-07,0.0984193,0.124456,2.8984e-08,0.124456,-7.88217e-08,3.87587e-07,2.8984e-08,3.87587e-07,5.17884e-07,0.124456,2.64789e-08,-1.78925e-07,-3.36902e-07,0.124456,-3.36902e-07,1.1865e-07,0.124456,-7.88217e-08,3.87587e-07,2.8984e-08,3.87587e-07,5.17884e-07,0.26106,1.19146e-07,-2.54164e-08,1.19146e-07,0.0984209,0.124456,4.26298e-07,0.124456,2.1928e-07,0.124456,-3.36902e-07,1.1865e-07,0.124456,2.1928e-07,0.26106
0.182538,0.164856,-5.61245e-07,-9.86359e-08,-5.61245e-07,0.0677216,1.0778e-07,-9.86359e-08,1.0778e-07,0.0677206,0.0785988,-1.35854e-07,0.0785988,-3.23099e-07,3.86994e-07,-1.35854e-07,3.86994e-07,5.39894e-07,0.0785991,2.41368e-07,4.71822e-07,1.34152e-07,0.0785991,1.34152e-07,6.7459e-08,0.0785988,-3.23099e-07,3.86994e-07,-1.35854e-07,3.86994e-07,5.39894e-07,0.164856,2.19148e-07,3.07283e-07,2.19148e-07,0.0677211,0.0785989,2.16568e-08,0.0785989,5.25579e-07,0.0785991,1.34152e-07,6.7459e-08,0.0785989,5.25579e-07,0.164856
0.137319,0.0840736,-3.45034e-07,-1.24573e-08,-3.45034e-07,0.0371481,6.35826e-09,-1.24573e-08,6.35826e-09,0.0371483,0.0392434,3.00316e-07,0.0392434,-1.18125e-08,1.99368e-07,3.00316e-07,1.99368e-07,-5.05629e-07,0.0392435,2.79561e-07,-1.45224e-07,-1.68203e-07,0.0392435,-1.68203e-07,2.49536e-07,0.0392434,-1.18125e-08,1.99368e-07,3.00316e-07,1.99368e-07,-5.05629e-07,0.0840742,-4.86178e-08,-1.45439e-10,-4.86178e-08,0.037148,0.0392436,-8.6106e-08,0.0392436,-5.6144e-08,0.0392435,-1.68203e-07,2.49536e-07,0.0392436,-5.6144e-08,0.0840741
0.4421,1.16528,3.13303e-08,1.41409e-08,3.13303e-08,0.332106,-2.98626e-08,1.41409e-08,-2.98626e-08,0.332106,0.498916,-2.01434e-08,0.498916,2.26234e-08,5.45922e-08,-2.01434e-08,5.45922e-08,3.697e-08,0.498915,-4.63619e-08,-7.45354e-08,-1.40605e-08,0.498915,-1.40605e-08,2.93335e-09,0.498916,2.26234e-08,5.45922e-08,-2.01434e-08,5.45922e-08,3.697e-08,1.16528,1.37335e-07,-1.21953e-08,1.37335e-07,0.332107,0.498915,-2.47158e-08,0.498915,5.6783e-08,0.498915,-1.40605e-08,2.93335e-09,0.498915,5.6783e-08,1.16528
0.396881,1.03364,1.65199e-07,-5.3234e-08,1.65199e-07,0.29699,3.01941e-08,-5.3234e-08,3.01941e-08,0.296989,0.44678,-8.06141e-08,0.44678,1.16306e-07,9.87108e-08,-8.06141e-08,9.87108e-08,7.88711e-08,0.44678,-9.15749e-08,-6.59742e-08,-6.42318e-08,0.44678,-6.42318e-08,2.93591e-08,0.44678,1.16306e-07,9.87108e-08,-8.06141e-08,9.87108e-08,7.88711e-08,1.03364,1.43611e-07,8.53457e-08,1.43611e-07,0.296991,0.44678,3.59665e-08,0.44678,7.631e-08,0.44678,-6.42318e-08,2.93591e-08,0.44678,7.631e-08,1.03364
0.351661,0.838354,2.55701e-07,-2.34326e-07,2.55701e-07,0.24913,6.21509e-08,-2.34326e-07,6.21509e-08,0.24913,0.37241,-2.04678e-09,0.37241,1.60601e-07,-5.00914e-08,-2.04678e-09,-5.00914e-08,3.38878e-08,0.37241,-4.24624e-09,1.18674e-07,-1.16554e-08,0.37241,-1.16554e-08,1.13767e-08,0.37241,1.60601e-07,-5.00914e-08,-2.04678e-09,-5.00914e-08,3.38878e-08,0.838354,-1.0678e-07,8.1344e-08,-1.0678e-07,0.24913,0.37241,1.32446e-07,0.37241,3.81222e-08,0.37241,-1.16554e-08,1.13767e-08,0.37241,3.81222e-08,0.838354
0.306442,0.544223,3.06881e-07,3.27764e-07,3.06881e-07,0.176266,-7.89343e-10,3.27764e-07,-7.89343e-10,0.176269,0.254055,-3.20571e-07,0.254055,-5.99411e-07,-1.46863e-08,-3.20571e-07,-1.46863e-08,-5.36779e-07,0.254055,-3.95834e-07,-2.09391e-07,-1.17474e-07,0.254055,-1.17474e-07,2.27379e-07,0.254055,-5.99411e-07,-1.46863e-08,-3.20571e-07,-1.46863e-08,-5.36779e-07,0.544222,-4.02371e-07,-2.63831e-07,-4.02371e-07,0.176268,0.254055,-1.73493e-07,0.254055,-1.66264e-07,0.254055,-1.17474e-07,2.27379e-07,0.254055,-1.66264e-07,0.544222
0.261223,0.364506,2.28021e-07,2.81052e-07,2.28021e-07,0.127648,-2.59338e-08,2.81052e-07,-2.59338e-08,0.127648,0.173534,-2.36077e-07,0.173534,-2.27371e-07,3.416e-07,-2.36077e-07,3.416e-07,3.59199e-07,0.173534,-1.53397e-07,-2.26947e-07,-4.37409e-07,0.173534,-4.37409e-07,1.90085e-07,0.173534,-2.27371e-07,3.416e-07,-2.36077e-07,3.416e-07,3.59199e-07,0.364506,-3.27475e-07,-3.2258e-07,-3.27475e-07,0.127648,0.173534,-2.36864e-07,0.173534,-1.64397e-07,0.173534,-4.37409e-07,1.90085e-07,0.173534,-1.64397e-07,0.364506
0.216004,0.210114,-2.85242e-07,-5.35644e-08,-2.85242e-07,0.080739,7.45891e-08,-5.35644e-08,7.45891e-08,0.0807374,0.0986728,-1.95728e-07,0.0986728,-1.06034e-07,5.0723e-07,-1.95728e-07,5.0723e-07,5.8536e-07,0.098673,4.07431e-07,-3.07211e-08,1.82675e-08,0.098673,1.82675e-08,1.57511e-07,0.0986728,-1.06034e-07,5.0723e-07,-1.95728e-07,5.0723e-07,5.8536e-07,0.210114,1.33756e-07,-3.85813e-08,1.33756e-07,0.0807389,0.0986725,2.0281e-07,0.0986725,1.69224e-07,0.098673,1.82675e-08,1.57511e-07,0.0986725,1.69224e-07,0.210114
0.170785,0.126402,-3.07036e-07,1.10879e-07,-3.07036e-07,0.054975,-5.19483e-08,1.10879e-07,-5.19483e-08,0.0549745,0.0616083,6.53022e-09,0.0616083,-1.70379e-07,3.10684e-07,6.53022e-09,3.10684e-07,1.40747e-07,0.0616087,1.28751e-08,-2.04413e-07,-6.70757e-08,0.0616087,-6.70757e-08,1.44832e-07,0.0616083,-1.70379e-07,3.10684e-07,6.53022e-09,3.10684e-07,1.40747e-07,0.126403,2.74514e-07,6.5894e-08,2.74514e-07,0.0549749,0.0616086,-3.59104e-08,0.0616086,5.66523e-07,0.0616087,-6.70757e-08,1.44832e-07,0.0616086,5.66523e-07,0.126403
0.125565,0.0519367,-1.059e-08,-2.12185e-07,-1.059e-08,0.0248186,1.04479e-07,-2.12185e-07,1.04479e-07,0.0248191,0.0253704,7.63374e-09,0.0253704,-1.53191e-07,6.79247e-08,7.63374e-09,6.79247e-08,-1.33168e-07,0.0253705,5.72067e-08,-2.69055e-07,-6.73889e-08,0.0253705,-6.73889e-08,1.96921e-08,0.0253704,-1.53191e-07,6.79247e-08,7.63374e-09,6.79247e-08,-1.33168e-07,0.0519366,8.93521e-08,7.00736e-08,8.93521e-08,0.0248187,0.0253705,-5.23859e-08,0.0253705,6.67189e-08,0.0253705,-6.73889e-08,1.96921e-08,0.0253705,6.67189e-08,0.0519366
0.430346,1.16528,3.13303e-08,1.41409e-08,3.13303e-08,0.332106,-2.98626e-08,1.41409e-08,-2.98626e-08,0.332106,0.498916,-2.01434e-08,0.498916,2.26234e-08,5.45922e-08,-2.01434e-08,5.45922e-08,3.697e-08,0.498915,-4.63619e-08,-7.45354e-08,-1.40605e-08,0.498915,-1.40605e-08,2.93335e-09,0.498916,2.26234e-08,5.45922e-08,-2.01434e-08,5.45922e-08,3.697e-08,1.16528,1.37335e-07,-1.21953e-08,1.37335e-07,0.332107,0.498915,-2.47158e-08,0.498915,5.6783e-08,0.498915,-1.40605e-08,2.93335e-09,0.498915,5.6783e-08,1.16528
0.385127,0.989919,2.12686e-07,-9.82704e-08,2.12686e-07,0.285764,-1.63464e-09,-9.82704e-08,-1.63464e-09,0.285765,0.430522,-7.05608e-08,0.430522,1.42295e-07,-1.53133e-08,-7.05608e-08,-1.53133e-08,8.51035e-08,0.430522,-1.027e-07,-4.51747e-08,-3.97938e-09,0.430522,-3.97938e-09,-3.69857e-09,0.430522,1.42295e-07,-1.53133e-08,-7.05608e-08,-1.53133e-08,8.51035e-08,0.989919,-2.10244e-08,6.79487e-08,-2.10244e-08,0.285765,0.430522,2.20211e-08,0.430522,1.82189e-07,0.430522,-3.97938e-09,-3.69857e-09,0.430522,1.82189e-07,0.989919
0.339908,0.736144,1.59553e-07,-4.72598e-08,1.59553e-07,0.221211,4.44328e-09,-4.72598e-08,4.44328e-09,0.221212,0.330971,1.29953e-08,0.330971,5.17781e-08,-7.49223e-08,1.29953e-08,-7.49223e-08,-3.92548e-07,0.330971,1.82457e-09,2.04569e-07,5.79699e-08,0.330971,5.79699e-08,8.11887e-09,0.330971,5.17781e-08,-7.49223e-08,1.29953e-08,-7.49223e-08,-3.92548e-07,0.736144,-3.54283e-07,-4.38045e-08,-3.54283e-07,0.221211,0.330971,7.64692e-09,0.330971,-2.8744e-07,0.330971,5.79699e-08,8.11887e-09,0.330971,-2.8744e-07,0.736144
0.294689,0.517335,3.39085e-07,2.92425e-07,3.39085e-07,0.167623,-6.46621e-08,2.92425e-07,-6.46621e-08,0.167624,0.241304,-3.70913e-07,0.241304,-2.70268e-07,1.36286e-08,-3.70913e-07,1.36286e-08,-6.59171e-07,0.241304,-4.76944e-07,-3.32628e-07,-1.28953e-07,0.241304,-1.28953e-07,2.89698e-07,0.241304,-2.70268e-07,1.36286e-08,-3.70913e-07,1.36286e-08,-6.59171e-07,0.517334,-4.54062e-07,-2.87388e-07,-4.54062e-07,0.167624,0.241304,-2.75106e-07,0.241304,-2.22659e-07,0.241304,-1.28953e-07,2.89698e-07,0.241304,-2.22659e-07,0.517335
0.249469,0.336971,3.72092e-07,3.80641e-07,3.72092e-07,0.118807,1.94136e-07,3.80641e-07,1.94136e-07,0.118806,0.159174,-1.6464e-07,0.159174,-1.98629e-07,3.08147e-07,-1.6464e-07,3.08147e-07,2.5428e-07,0.159174,-1.56798e-07,-1.79653e-07,-3.20525e-07,0.159174,-3.20525e-07,1.88433e-07,0.159174,-1.98629e-07,3.08147e-07,-1.6464e-07,3.08147e-07,2.5428e-07,0.336971,-1.38995e-07,-2.95408e-07,-1.38995e-07,0.118807,0.159175,-1.34745e-08,0.159175,-1.89573e-07,0.159174,-3.20525e-07,1.88433e-07,0.159175,-1.89573e-07,0.336972
0.20425,0.187535,-5.77438e-07,-2.44391e-07,-5.77438e-07,0.0733647,1.70475e-07,-2.44391e-07,1.70475e-07,0.0733632,0.0873752,-1.08431e-07,0.0873752,-1.23269e-07,4.74594e-07,-1.08431e-07,4.74594e-07,5.03632e-07,0.0873755,4.91494e-07,2.64182e-07,1.26099e-07,0.0873755,1.26099e-07,-4.9764e-09,0.0873752,-1.23269e-07,4.74594e-07,-1.08431e-07,4.74594e-07,5.03632e-07,0.187535,2.53064e-07,2.97986e-07,2.53064e-07,0.0733641,0.0873754,5.97345e-08,0.0873754,3.53554e-07,0.0873755,1.26099e-07,-4.9764e-09,0.0873754,3.53554e-07,0.187535
0.159031,0.0918008,-2.84429e-07,-9.07326e-08,-2.84429e-07,0.041319,1.82388e-08,-9.07326e-08,1.82388e-08,0.0413195,0.044073,2.96407e-07,0.044073,-1.35435e-07,2.25846e-07,2.96407e-07,2.25846e-07,-4.56919e-07,0.0440732,2.39609e-07,1.85313e-08,-2.04935e-07,0.0440732,-2.04935e-07,5.99149e-08,0.044073,-1.35435e-07,2.25846e-07,2.96407e-07,2.25846e-07,-4.56919e-07,0.091802,6.29211e-08,-3.12901e-08,6.29211e-08,0.0413192,0.0440732,-1.60724e-07,0.0440732,2.3817e-07,0.0440732,-2.04935e-07,5.99149e-08,0.0440732,2.3817e-07,0.0918022
0.113812,0.0519367,-1.059e-08,-2.12185e-07,-1.059e-08,0.0248186,1.04479e-07,-2.12185e-07,1.04479e-07,0.0248191,0.0253704,7.63374e-09,0.0253704,-1.53191e-07,6.79247e-08,7.63374e-09,6.79247e-08,-1.33168e-07,0.0253705,5.72067e-08,-2.69055e-07,-6.73889e-08,0.0253705,-6.73889e-08,1.96921e-08,0.0253704,-1.53191e-07,6.79247e-08,7.63374e-09,6.79247e-08,-1.33168e-07,0.0519366,8.93521e-08,7.00736e-08,8.93521e-08,0.0248187,0.0253705,-5.23859e-08,0.0253705,6.67189e-08,0.0253705,-6.73889e-08,1.96921e-08,0.0253705,6.67189e-08,0.0519366
0.418593,1.14302,5.78461e-08,-1.29745e-08,5.78461e-08,0.325453,-1.93903e-08,-1.29745e-08,-1.93903e-08,0.325453,0.489927,-4.99613e-08,0.489927,3.30212e-08,7.77683e-08,-4.99613e-08,7.77683e-08,2.54721e-08,0.489927,-4.58984e-08,-7.30658e-08,-2.18055e-08,0.489927,-2.18055e-08,1.67776e-08,0.489927,3.30212e-08,7.77683e-08,-4.99613e-08,7.77683e-08,2.54721e-08,1.14302,1.62006e-07,2.45265e-08,1.62006e-07,0.325454,0.489927,2.08841e-08,0.489927,4.18462e-08,0.489927,-2.18055e-08,1.67776e-08,0.489927,4.18462e-08,1.14302
0.373374,0.966929,1.99152e-07,-1.06297e-07,1.99152e-07,0.279417,-6.59364e-10,-1.06297e-07,-6.59364e-10,0.279417,0.421528,-7.47895e-08,0.421528,9.54423e-08,-1.63225e-08,-7.47895e-08,-1.63225e-08,7.92364e-08,0.421528,-1.21936e-07,9.56348e-09,-2.51243e-08,0.421528,-2.51243e-08,-6.94174e-09,0.421528,9.54423e-08,-1.63225e-08,-7.47895e-08,-1.63225e-08,7.92364e-08,0.966929,-2.27047e-08,4.12859e-08,-2.27047e-08,0.279417,0.421528,8.70712e-09,0.421528,1.64903e-07,0.421528,-2.51243e-08,-6.94174e-09,0.421528,1.64903e-07,0.966929
0.328154,0.704711,8.89649e-08,-3.34247e-08,8.89649e-08,0.21247,-4.98058e-08,-3.34247e-08,-4.98058e-08,0.212471,0.317261,-1.95722e-09,0.317261,3.81472e-08,-3.55154e-08,-1.95722e-09,-3.55154e-08,-5.0057e-07,0.317261,-1.43074e-08,2.16395e-07,-3.31006e-08,0.317261,-3.31006e-08,3.87306e-08,0.317261,3.81472e-08,-3.55154e-08,-1.95722e-09,-3.55154e-08,-5.0057e-07,0.704711,-3.59012e-07,-6.08585e-08,-3.59012e-07,0.21247,0.317261,-2.24959e-08,0.317261,-3.65157e-07,0.317261,-3.31006e-08,3.87306e-08,0.317261,-3.65157e-07,0.704711
0.282935,0.494644,2.21701e-07,3.18243e-07,2.21701e-07,0.159054,-2.02243e-07,3.18243e-07,-2.02243e-07,0.159055,0.228403,-3.60945e-07,0.228403,-2.0591e-07,4.80195e-08,-3.60945e-07,4.80195e-08,-3.71301e-08,0.228403,-3.71274e-07,-4.01483e-07,-2.12352e-07,0.228403,-2.12352e-07,2.35681e-07,0.228403,-2.0591e-07,4.80195e-08,-3.60945e-07,4.80195e-08,-3.71301e-08,0.494643,-2.81667e-07,-4.33275e-07,-2.81667e-07,0.159055,0.228403,-3.03566e-07,0.228403,9.2342e-08,0.228403,-2.12352e-07,2.35681e-07,0.228403,9.2342e-08,0.494643
0.237716,0.311099,3.3488e-07,3.5098e-07,3.3488e-07,0.113615,1.05623e-07,3.5098e-07,1.05623e-07,0.113615,0.14947,-1.10596e-07,0.14947,-2.27441e-07,3.4063e-07,-1.10596e-07,3.4063e-07,3.12741e-07,0.14947,-9.67596e-08,-1.21688e-07,-4.11233e-07,0.14947,-4.11233e-07,1.61229e-07,0.14947,-2.27441e-07,3.4063e-07,-1.10596e-07,3.4063e-07,3.12741e-07,0.3111,-6.24446e-08,-2.6863e-07,-6.24446e-08,0.113616,0.149471,-1.63318e-09,0.149471,-1.76076e-07,0.14947,-4.11233e-07,1.61229e-07,0.149471,-1.76076e-07,0.3111
0.192497,0.164856,-5.61245e-07,-9.86359e-08,-5.61245e-07,0.0677216,1.0778e-07,-9.86359e-08,1.0778e-07,0.0677206,0.0785988,-1.35854e-07,0.0785988,-3.23099e-07,3.86994e-07,-1.35854e-07,3.86994e-07,5.39894e-07,0.0785991,2.41368e-07,4.71822e-07,1.34152e-07,0.0785991,1.34152e-07,6.7459e-08,0.0785988,-3.23099e-07,3.86994e-07,-1.35854e-07,3.86994e-07,5.39894e-07,0.164856,2.19148e-07,3.07283e-07,2.19148e-07,0.0677211,0.0785989,2.16568e-08,0.0785989,5.25579e-07,0.0785991,1.34152e-07,6.7459e-08,0.0785989,5.25579e-07,0.164856
0.147278,0.0840736,-3.45034e-07,-1.24573e-08,-3.45034e-07,0.0371481,6.35826e-09,-1.24573e-08,6.35826e-09,0.0371483,0.0392434,3.00316e-07,0.0392434,-1.18125e-08,1.99368e-07,3.00316e-07,1.99368e-07,-5.05629e-07,0.0392435,2.79561e-07,-1.45224e-07,-1.68203e-07,0.0392435,-1.68203e-07,2.49536e-07,0.0392434,-1.18125e-08,1.99368e-07,3.00316e-07,1.99368e-07,-5.05629e-07,0.0840742,-4.86178e-08,-1.45439e-10,-4.86178e-08,0.037148,0.0392436,-8.6106e-08,0.0392436,-5.6144e-08,0.0392435,-1.68203e-07,2.49536e-07,0.0392436,-5.6144e-08,0.0840741
0.102058,0.0382465,-5.8275e-08,-7.41829e-08,-5.8275e-08,0.0181721,2.63409e-08,-7.41829e-08,2.63409e-08,0.0181719,0.0182847,1.94463e-08,0.0182847,7.7086e-08,-7.57211e-08,1.94463e-08,-7.57211e-08,-6.05818e-08,0.0182849,-1.09007e-07,6.55496e-09,-2.36174e-08,0.0182849,-2.36174e-08,-7.978e-08,0.0182847,7.7086e-08,-7.57211e-08,1.94463e-08,-7.57211e-08,-6.05818e-08,0.0382465,-8.8898e-08,7.23672e-08,-8.8898e-08,0.0181719,0.0182847,2.39884e-08,0.0182847,1.41723e-07,0.0182849,-2.36174e-08,-7.978e-08,0.0182847,1.41723e-07,0.0382466
0.406839,1.07717,1.05631e-07,-4.58973e-08,1.05631e-07,0.308108,1.92582e-08,-4.58973e-08,1.92582e-08,0.308108,0.464599,-6.43636e-08,0.464599,8.03793e-08,9.91853e-08,-6.43636e-08,9.91853e-08,2.71256e-08,0.464599,-6.78742e-08,-5.53988e-08,-5.31801e-08,0.464599,-5.31801e-08,4.56383e-08,0.464599,8.03793e-08,9.91853e-08,-6.43636e-08,9.91853e-08,2.71256e-08,1.07717,1.76684e-07,4.31342e-08,1.76684e-07,0.308109,0.464599,1.77858e-08,0.464599,-7.96289e-10,0.464599,-5.31801e-08,4.56383e-08,0.464599,-7.96289e-10,1.07717
0.36162,0.916487,2.47827e-07,-2.09412e-07,2.47827e-07,0.26671,5.43274e-08,-2.09412e-07,5.43274e-08,0.26671,0.401697,-6.23895e-08,0.401697,1.1692e-07,-4.56979e-09,-6.23895e-08,-4.56979e-09,5.95346e-08,0.401697,-8.72003e-08,4.56485e-08,-3.67171e-08,0.401697,-3.67171e-08,2.26067e-10,0.401697,1.1692e-07,-4.56979e-09,-6.23895e-08,-4.56979e-09,5.95346e-08,0.916487,5.73277e-09,5.99588e-08,5.73277e-09,0.266711,0.401697,9.81361e-08,0.401697,1.14716e-07,0.401697,-3.67171e-08,2.26067e-10,0.401697,1.14716e-07,0.916487
0.316401,0.673413,2.83321e-07,2.15768e-08,2.83321e-07,0.206032,3.35163e-09,2.15768e-08,3.35163e-09,0.206033,0.305308,-2.35774e-08,0.305308,2.47683e-08,-8.3626e-08,-2.35774e-08,-8.3626e-08,-4.81853e-07,0.305308,-3.77095e-08,2.40508e-07,2.56483e-08,0.305308,2.56483e-08,1.25425e-08,0.305308,2.47683e-08,-8.3626e-08,-2.35774e-08,-8.3626e-08,-4.81853e-07,0.673413,-3.55228e-07,-1.4024e-07,-3.55228e-07,0.206032,0.305308,-6.17565e-08,0.305308,-3.66563e-07,0.305308,2.56483e-08,1.25425e-08,0.305308,-3.66563e-07,0.673413
0.271182,0.423054,4.58332e-07,2.65398e-07,4.58332e-07,0.138634,-1.76497e-07,2.65398e-07,-1.76497e-07,0.138633,0.194781,-3.88414e-07,0.194781,-4.01834e-09,2.02983e-07,-3.88414e-07,2.02983e-07,-3.75272e-07,0.194781,-3.58539e-07,-1.45381e-07,-3.4025e-07,0.194781,-3.4025e-07,1.89815e-07,0.194781,-4.01834e-09,2.02983e-07,-3.88414e-07,2.02983e-07,-3.75272e-07,0.423052,-3.6037e-07,-3.52081e-07,-3.6037e-07,0.138634,0.194781,-2.08791e-07,0.194781,-3.36052e-08,0.194781,-3.4025e-07,1.89815e-07,0.194781,-3.36052e-08,0.423053
0.225962,0.261061,9.71779e-09,-1.30279e-07,9.71779e-09,0.0984203,-1.07957e-07,-1.30279e-07,-1.07957e-07,0.0984193,0.124456,2.8984e-08,0.124456,-7.88217e-08,3.87587e-07,2.8984e-08,3.87587e-07,5.17884e-07,0.124456,2.64789e-08,-1.78925e-07,-3.36902e-07,0.124456,-3.36902e-07,1.1865e-07,0.124456,-7.88217e-08,3.87587e-07,2.8984e-08,3.87587e-07,5.17884e-07,0.26106,1.19146e-07,-2.54164e-08,1.19146e-07,0.0984209,0.124456,4.26298e-07,0.124456,2.1928e-07,0.124456,-3.36902e-07,1.1865e-07,0.124456,2.1928e-07,0.26106
0.180743,0.164856,-5.61245e-07,-9.86359e-08,-5.61245e-07,0.0677216,1.0778e-07,-9.86359e-08,1.0778e-07,0.0677206,0.0785988,-1.35854e-07,0.0785988,-3.23099e-07,3.86994e-07,-1.35854e-07,3.86994e-07,5.39894e-07,0.0785991,2.41368e-07,4.71822e-07,1.34152e-07,0.0785991,1.34152e-07,6.7459e-08,0.0785988,-3.23099e-07,3.86994e-07,-1.35854e-07,3.86994e-07,5.39894e-07,0.164856,2.19148e-07,3.07283e-07,2.19148e-07,0.0677211,0.0785989,2.16568e-08,0.0785989,5.25579e-07,0.0785991,1.34152e-07,6.7459e-08,0.0785989,5.25579e-07,0.164856
0.135524,0.0677711,-2.09579e-07,-8.68479e-08,-2.09579e-07,0.0314462,2.23153e-07,-8.68479e-08,2.23153e-07,0.0314469,0.0330134,1.79248e-07,0.0330134,1.67973e-07,2.67023e-07,1.79248e-07,2.67023e-07,-7.26568e-07,0.0330135,1.58314e-07,-2.8179e-07,-1.78189e-08,0.0330135,-1.78189e-08,2.13699e-08,0.0330134,1.67973e-07,2.67023e-07,1.79248e-07,2.67023e-07,-7.26568e-07,0.0677715,-6.035e-08,8.3159e-08,-6.035e-08,0.0314466,0.0330135,-1.13369e-08,0.0330135,3.52524e-07,0.0330135,-1.78189e-08,2.13699e-08,0.0330135,3.52524e-07,0.0677711
0.440305,1.16528,3.13303e-08,1.41409e-08,3.13303e-08,0.332106,-2.98626e-08,1.41409e-08,-2.98626e-08,0.332106,0.498916,-2.01434e-08,0.498916,2.26234e-08,5.45922e-08,-2.01434e-08,5.45922e-08,3.697e-08,0.498915,-4.63619e-08,-7.45354e-08,-1.40605e-08,0.498915,-1.40605e-08,2.93335e-09,0.498916,2.26234e-08,5.45922e-08,-2.01434e-08,5.45922e-08,3.697e-08,1.16528,1.37335e-07,-1.21953e-08,1.37335e-07,0.332107,0.498915,-2.47158e-08,0.498915,5.6783e-08,0.498915,-1.40605e-08,2.93335e-09,0.498915,5.6783e-08,1.16528
0.395086,1.03364,1.65199e-07,-5.3234e-08,1.65199e-07,0.29699,3.01941e-08,-5.3234e-08,3.01941e-08,0.296989,0.44678,-8.06141e-08,0.44678,1.16306e-07,9.87108e-08,-8.06141e-08,9.87108e-08,7.88711e-08,0.44678,-9.15749e-08,-6.59742e-08,-6.42318e-08,0.44678,-6.42318e-08,2.93591e-08,0.44678,1.16306e-07,9.87108e-08,-8.06141e-08,9.87108e-08,7.88711e-08,1.03364,1.43611e-07,8.53457e-08,1.43611e-07,0.296991,0.44678,3.59665e-08,0.44678,7.631e-08,0.44678,-6.42318e-08,2.93591e-08,0.44678,7.631e-08,1.03364
0.349866,0.838354,2.55701e-07,-2.34326e-07,2.55701e-07,0.24913,6.21509e-08,-2.34326e-07,6.21509e-08,0.24913,0.37241,-2.04678e-09,0.37241,1.60601e-07,-5.00914e-08,-2.04678e-09,-5.00914e-08,3.38878e-08,0.37241,-4.24624e-09,1.18674e-07,-1.16554e-08,0.37241,-1.16554e-08,1.13767e-08,0.37241,1.60601e-07,-5.00914e-08,-2.04678e-09,-5.00914e-08,3.38878e-08,0.838354,-1.0678e-07,8.1344e-08,-1.0678e-07,0.24913,0.37241,1.32446e-07,0.37241,3.81222e-08,0.37241,-1.16554e-08,1.13767e-08,0.37241,3.81222e-08,0.838354
0.304647,0.544223,3.06881e-07,3.27764e-07,3.06881e-07,0.176266,-7.89343e-10,3.27764e-07,-7.89343e-10,0.176269,0.254055,-3.20571e-07,0.254055,-5.99411e-07,-1.46863e-08,-3.20571e-07,-1.46863e-08,-5.36779e-07,0.254055,-3.95834e-07,-2.09391e-07,-1.17474e-07,0.254055,-1.17474e-07,2.27379e-07,0.254055,-5.99411e-07,-1.46863e-08,-3.20571e-07,-1.46863e-08,-5.36779e-07,0.544222,-4.02371e-07,-2.63831e-07,-4.02371e-07,0.176268,0.254055,-1.73493e-07,0.254055,-1.66264e-07,0.254055,-1.17474e-07,2.27379e-07,0.254055,-1.66264e-07,0.544222
0.259428,0.364506,2.28021e-07,2.81052e-07,2.28021e-07,0.127648,-2.59338e-08,2.81052e-07,-2.59338e-08,0.127648,0.173534,-2.36077e-07,0.173534,-2.27371e-07,3.416e-07,-2.36077e-07,3.416e-07,3.59199e-07,0.173534,-1.53397e-07,-2.26947e-07,-4.37409e-07,0.173534,-4.37409e-07,1.90085e-07,0.173534,-2.27371e-07,3.416e-07,-2.36077e-07,3.416e-07,3.59199e-07,0.364506,-3.27475e-07,-3.2258e-07,-3.27475e-07,0.127648,0.173534,-2.36864e-07,0.173534,-1.64397e-07,0.173534,-4.37409e-07,1.90085e-07,0.173534,-1.64397e-07,0.364506
0.214209,0.210114,-2.85242e-07,-5.35644e-08,-2.85242e-07,0.080739,7.45891e-08,-5.35644e-08,7.45891e-08,0.0807374,0.0986728,-1.95728e-07,0.0986728,-1.06034e-07,5.0723e-07,-1.95728e-07,5.0723e-07,5.8536e-07,0.098673,4.07431e-07,-3.07211e-08,1.82675e-08,0.098673,1.82675e-08,1.57511e-07,0.0986728,-1.06034e-07,5.0723e-07,-1.95728e-07,5.0723e-07,5.8536e-07,0.210114,1.33756e-07,-3.85813e-08,1.33756e-07,0.0807389,0.0986725,2.0281e-07,0.0986725,1.69224e-07,0.098673,1.82675e-08,1.57511e-07,0.0986725,1.69224e-07,0.210114
0.16899,0.126402,-3.07036e-07,1.10879e-07,-3.07036e-07,0.054975,-5.19483e-08,1.10879e-07,-5.19483e-08,0.0549745,0.0616083,6.53022e-09,0.0616083,-1.70379e-07,3.10684e-07,6.53022e-09,3.10684e-07,1.40747e-07,0.0616087,1.28751e-08,-2.04413e-07,-6.70757e-08,0.0616087,-6.70757e-08,1.44832e-07,0.0616083,-1.70379e-07,3.10684e-07,6.53022e-09,3.10684e-07,1.40747e-07,0.126403,2.74514e-07,6.5894e-08,2.74514e-07,0.0549749,0.0616086,-3.59104e-08,0.0616086,5.66523e-07,0.0616087,-6.70757e-08,1.44832e-07,0.0616086,5.66523e-07,0.126403
0.123771,0.0519367,-1.059e-08,-2.12185e-07,-1.059e-08,0.0248186,1.04479e-07,-2.12185e-07,1.04479e-07,0.0248191,0.0253704,7.63374e-09,0.0253704,-1.53191e-07,6.79247e-08,7.63374e-09,6.79247e-08,-1.33168e-07,0.0253705,5.72067e-08,-2.69055e-07,-6.73889e-08,0.0253705,-6.73889e-08,1.96921e-08,0.0253704,-1.53191e-07,6.79247e-08,7.63374e-09,6.79247e-08,-1.33168e-07,0.0519366,8.93521e-08,7.00736e-08,8.93521e-08,0.0248187,0.0253705,-5.23859e-08,0.0253705,6.67189e-08,0.0253705,-6.73889e-08,1.96921e-08,0.0253705,6.67189e-08,0.0519366
0.428551,1.16528,3.13303e-08,1.41409e-08,3.13303e-08,0.332106,-2.98626e-08,1.41409e-08,-2.98626e-08,0.332106,0.498916,-2.01434e-08,0.498916,2.26234e-08,5.45922e-08,-2.01434e-08,5.45922e-08,3.697e-08,0.498915,-4.63619e-08,-7.45354e-08,-1.40605e-08,0.498915,-1.40605e-08,2.93335e-09,0.498916,2.26234e-08,5.45922e-08,-2.01434e-08,5.45922e-08,3.697e-08,1.16528,1.37335e-07,-1.21953e-08,1.37335e-07,0.332107,0.498915,-2.47158e-08,0.498915,5.6783e-08,0.498915,-1.40605e-08,2.93335e-09,0.498915,5.6783e-08,1.16528
0.383332,0.989919,2.12686e-07,-9.82704e-08,2.12686e-07,0.285764,-1.63464e-09,-9.82704e-08,-1.63464e-09,0.285765,0.430522,-7.05608e-08,0.430522,1.42295e-07,-1.53133e-08,-7.05608e-08,-1.53133e-08,8.51035e-08,0.430522,-1.027e-07,-4.51747e-08,-3.97938e-09,0.430522,-3.97938e-09,-3.69857e-09,0.430522,1.42295e-07,-1.53133e-08,-7.05608e-08,-1.53133e-08,8.51035e-08,0.989919,-2.10244e-08,6.79487e-08,-2.10244e-08,0.285765,0.430522,2.20211e-08,0.430522,1.82189e-07,0.430522,-3.97938e-09,-3.69857e-09,0.430522,1.82189e-07,0.989919
0.338113,0.736144,1.59553e-07,-4.72598e-08,1.59553e-07,0.221211,4.44328e-09,-4.72598e-08,4.44328e-09,0.221212,0.330971,1.29953e-08,0.330971,5.17781e-08,-7.49223e-08,1.29953e-08,-7.49223e-08,-3.92548e-07,0.330971,1.82457e-09,2.04569e-07,5.79699e-08,0.330971,5.79699e-08,8.11887e-09,0.330971,5.17781e-08,-7.49223e-08,1.29953e-08,-7.49223e-08,-3.92548e-07,0.736144,-3.54283e-07,-4.38045e-08,-3.54283e-07,0.221211,0.330971,7.64692e-09,0.330971,-2.8744e-07,0.330971,5.79699e-08,8.11887e-09,0.330971,-2.8744e-07,0.736144
0.292894,0.517335,3.39085e-07,2.92425e-07,3.39085e-07,0.167623,-6.46621e-08,2.92425e-07,-6.46621e-08,0.167624,0.241304,-3.70913e-07,0.241304,-2.70268e-07,1.36286e-08,-3.70913e-07,1.36286e-08,-6.59171e-07,0.241304,-4.76944e-07,-3.32628e-07,-1.28953e-07,0.241304,-1.28953e-07,2.89698e-07,0.241304,-2.70268e-07,1.36286e-08,-3.70913e-07,1.36286e-08,-6.59171e-07,0.517334,-4.54062e-07,-2.87388e-07,-4.54062e-07,0.167624,0.241304,-2.75106e-07,0.241304,-2.22659e-07,0.241304,-1.28953e-07,2.89698e-07,0.241304,-2.22659e-07,0.517335
0.247675,0.336971,3.72092e-07,3.80641e-07,3.72092e-07,0.118807,1.94136e-07,3.80641e-07,1.94136e-07,0.118806,0.159174,-1.6464e-07,0.159174,-1.98629e-07,3.08147e-07,-1.6464e-07,3.08147e-07,2.5428e-07,0.159174,-1.56798e-07,-1.79653e-07,-3.20525e-07,0.159174,-3.20525e-07,1.88433e-07,0.159174,-1.98629e-07,3.08147e-07,-1.6464e-07,3.08147e-07,2.5428e-07,0.336971,-1.38995e-07,-2.95408e-07,-1.38995e-07,0.118807,0.159175,-1.34745e-08,0.159175,-1.89573e-07,0.159174,-3.20525e-07,1.88433e-07,0.159175,-1.89573e-07,0.336972
0.202455,0.187535,-5.77438e-07,-2.44391e-07,-5.77438e-07,0.0733647,1.70475e-07,-2.44391e-07,1.70475e-07,0.0733632,0.0873752,-1.08431e-07,0.0873752,-1.23269e-07,4.74594e-07,-1.08431e-07,4.74594e-07,5.03632e-07,0.0873755,4.91494e-07,2.64182e-07,1.26099e-07,0.0873755,1.26099e-07,-4.9764e-09,0.0873752,-1.23269e-07,4.74594e-07,-1.08431e-07,4.74594e-07,5.03632e-07,0.187535,2.53064e-07,2.97986e-07,2.53064e-07,0.0733641,0.0873754,5.97345e-08,0.0873754,3.53554e-07,0.0873755,1.26099e-07,-4.9764e-09,0.0873754,3.53554e-07,0.187535
0.157236,0.0918008,-2.84429e-07,-9.07326e-08,-2.84429e-07,0.041319,1.82388e-08,-9.07326e-08,1.82388e-08,0.0413195,0.044073,2.96407e-07,0.044073,-1.35435e-07,2.25846e-07,2.96407e-07,2.25846e-07,-4.56919e-07,0.0440732,2.39609e-07,1.85313e-08,-2.04935e-07,0.0440732,-2.04935e-07,5.99149e-08,0.044073,-1.35435e-07,2.25846e-07,2.96407e-07,2.25846e-07,-4.56919e-07,0.091802,6.29211e-08,-3.12901e-08,6.29211e-08,0.0413192,0.0440732,-1.60724e-07,0.0440732,2.3817e-07,0.0440732,-2.04935e-07,5.99149e-08,0.0440732,2.3817e-07,0.0918022
0.112017,0.0519367,-1.059e-08,-2.12185e-07,-1.059e-08,0.0248186,1.04479e-07,-2.12185e-07,1.04479e-07,0.0248191,0.0253704,7.63374e-09,0.0253704,-1.53191e-07,6.79247e-08,7.63374e-09,6.79247e-08,-1.33168e-07,0.0253705,5.72067e-08,-2.69055e-07,-6.73889e-08,0.0253705,-6.73889e-08,1.96921e-08,0.0253704,-1.53191e-07,6.79247e-08,7.63374e-09,6.79247e-08,-1.33168e-07,0.0519366,8.93521e-08,7.00736e-08,8.93521e-08,0.0248187,0.0253705,-5.23859e-08,0.0253705,6.67189e-08,0.0253705,-6.73889e-08,1.96921e-08,0.0253705,6.67189e-08,0.0519366
0.416798,1.14103,5.72757e-08,-1.40236e-08,5.72757e-08,0.324977,-2.22672e-08,-1.40236e-08,-2.22672e-08,0.324977,0.489245,-5.03492e-08,0.489245,3.4962e-08,7.89773e-08,-5.03492e-08,7.89773e-08,2.67783e-08,0.489245,-4.64475e-08,-7.51886e-08,-2.33453e-08,0.489245,-2.33453e-08,1.51414e-08,0.489245,3.4962e-08,7.89773e-08,-5.03492e-08,7.89773e-08,2.67783e-08,1.14103,1.62779e-07,2.42896e-08,1.62779e-07,0.324978,0.489245,2.01611e-08,0.489245,3.98594e-08,0.489245,-2.33453e-08,1.51414e-08,0.489245,3.98594e-08,1.14103
0.371579,0.966929,1.99152e-07,-1.06297e-07,1.99152e-07,0.279417,-6.59364e-10,-1.06297e-07,-6.59364e-10,0.279417,0.421528,-7.47895e-08,0.421528,9.54423e-08,-1.63225e-08,-7.47895e-08,-1.63225e-08,7.92364e-08,0.421528,-1.21936e-07,9.56348e-09,-2.51243e-08,0.421528,-2.51243e-08,-6.94174e-09,0.421528,9.54423e-08,-1.63225e-08,-7.47895e-08,-1.63225e-08,7.92364e-08,0.966929,-2.27047e-08,4.12859e-08,-2.27047e-08,0.279417,0.421528,8.70712e-09,0.421528,1.64903e-07,0.421528,-2.51243e-08,-6.94174e-09,0.421528,1.64903e-07,0.966929
0.326359,0.704711,8.89649e-08,-3.34247e-08,8.89649e-08,0.21247,-4.98058e-08,-3.34247e-08,-4.98058e-08,0.212471,0.317261,-1.95722e-09,0.317261,3.81472e-08,-3.55154e-08,-1.95722e-09,-3.55154e-08,-5.0057e-07,0.317261,-1.43074e-08,2.16395e-07,-3.31006e-08,0.317261,-3.31006e-08,3.87306e-08,0.317261,3.81472e-08,-3.55154e-08,-1.95722e-09,-3.55154e-08,-5.0057e-07,0.704711,-3.59012e-07,-6.08585e-08,-3.59012e-07,0.21247,0.317261,-2.24959e-08,0.317261,-3.65157e-07,0.317261,-3.31006e-08,3.87306e-08,0.317261,-3.65157e-07,0.704711
0.28114,0.423054,4.58332e-07,2.65398e-07,4.58332e-07,0.138634,-1.76497e-07,2.65398e-07,-1.76497e-07,0.138633,0.194781,-3.88414e-07,0.194781,-4.01834e-09,2.02983e-07,-3.88414e-07,2.02983e-07,-3.75272e-07,0.194781,-3.58539e-07,-1.45381e-07,-3.4025e-07,0.194781,-3.4025e-07,1.89815e-07,0.194781,-4.01834e-09,2.02983e-07,-3.88414e-07,2.02983e-07,-3.75272e-07,0.423052,-3.6037e-07,-3.52081e-07,-3.6037e-07,0.138634,0.194781,-2.08791e-07,0.194781,-3.36052e-08,0.194781,-3.4025e-07,1.89815e-07,0.194781,-3.36052e-08,0.423053
0.235921,0.261061,9.71779e-09,-1.30279e-07,9.71779e-09,0.0984203,-1.07957e-07,-1.30279e-07,-1.07957e-07,0.0984193,0.124456,2.8984e-08,0.124456,-7.88217e-08,3.87587e-07,2.8984e-08,3.87587e-07,5.17884e-07,0.124456,2.64789e-08,-1.78925e-07,-3.36902e-07,0.124456,-3.36902e-07,1.1865e-07,0.124456,-7.88217e-08,3.87587e-07,2.8984e-08,3.87587e-07,5.17884e-07,0.26106,1.19146e-07,-2.54164e-08,1.19146e-07,0.0984209,0.124456,4.26298e-07,0.124456,2.1928e-07,0.124456,-3.36902e-07,1.1865e-07,0.124456,2.1928e-07,0.26106
0.190702,0.164856,-5.61245e-07,-9.86359e-08,-5.61245e-07,0.0677216,1.0778e-07,-9.86359e-08,1.0778e-07,0.0677206,0.0785988,-1.35854e-07,0.0785988,-3.23099e-07,3.86994e-07,-1.35854e-07,3.86994e-07,5.39894e-07,0.0785991,2.41368e-07,4.71822e-07,1.34152e-07,0.0785991,1.34152e-07,6.7459e-08,0.0785988,-3.23099e-07,3.86994e-07,-1.35854e-07,3.86994e-07,5.39894e-07,0.164856,2.19148e-07,3.07283e-07,2.19148e-07,0.0677211,0.0785989,2.16568e-08,0.0785989,5.25579e-07,0.0785991,1.34152e-07,6.7459e-08,0.0785989,5.25579e-07,0.164856
0.145483,0.0840736,-3.45034e-07,-1.24573e-08,-3.45034e-07,0.0371481,6.35826e-09,-1.24573e-08,6.35826e-09,0.0371483,0.0392434,3.00316e-07,0.0392434,-1.18125e-08,1.99368e-07,3.00316e-07,1.99368e-07,-5.05629e-07,0.0392435,2.79561e-07,-1.45224e-07,-1.68203e-07,0.0392435,-1.68203e-07,2.49536e-07,0.0392434,-1.18125e-08,1.99368e-07,3.00316e-07,1.99368e-07,-5.05629e-07,0.0840742,-4.86178e-08,-1.45439e-10,-4.86178e-08,0.037148,0.0392436,-8.6106e-08,0.0392436,-5.6144e-08,0.0392435,-1.68203e-07,2.49536e-07,0.0392436,-5.6144e-08,0.0840741
0.100263,0.0382465,-5.8275e-08,-7.41829e-08,-5.8275e-08,0.0181721,2.63409e-08,-7.41829e-08,2.63409e-08,0.0181719,0.0182847,1.94463e-08,0.0182847,7.7086e-08,-7.57211e-08,1.94463e-08,-7.57211e-08,-6.05818e-08,0.0182849,-1.09007e-07,6.55496e-09,-2.36174e-08,0.0182849,-2.36174e-08,-7.978e-08,0.0182847,7.7086e-08,-7.57211e-08,1.94463e-08,-7.57211e-08,-6.05818e-08,0.0382465,-8.8898e-08,7.23672e-08,-8.8898e-08,0.0181719,0.0182847,2.39884e-08,0.0182847,1.41723e-07,0.0182849,-2.36174e-08,-7.978e-08,0.0182847,1.41723e-07,0.0382466
0.405044,1.06589,9.29114e-08,-4.18743e-08,9.29114e-08,0.304467,3.82353e-08,-4.18743e-08,3.82353e-08,0.304466,0.459915,-5.51833e-08,0.459915,1.05064e-07,1.06007e-07,-5.51833e-08,1.06007e-07,3.27748e-08,0.459915,-6.30361e-08,-5.94527e-08,-6.15412e-08,0.459915,-6.15412e-08,4.54377e-08,0.459915,1.05064e-07,1.06007e-07,-5.51833e-08,1.06007e-07,3.27748e-08,1.06589,1.70752e-07,4.70624e-08,1.70752e-07,0.304468,0.459915,6.9275e-09,0.459915,-1.98108e-08,0.459915,-6.15412e-08,4.54377e-08,0.459915,-1.98108e-08,1.06589
0.359825,0.916487,2.47827e-07,-2.09412e-07,2.47827e-07,0.26671,5.43274e-08,-2.09412e-07,5.43274e-08,0.26671,0.401697,-6.23895e-08,0.401697,1.1692e-07,-4.56979e-09,-6.23895e-08,-4.56979e-09,5.95346e-08,0.401697,-8.72003e-08,4.56485e-08,-3.67171e-08,0.401697,-3.67171e-08,2.26067e-10,0.401697,1.1692e-07,-4.56979e-09,-6.23895e-08,-4.56979e-09,5.95346e-08,0.916487,5.73277e-09,5.99588e-08,5.73277e-09,0.266711,0.401697,9.81361e-08,0.401697,1.14716e-07,0.401697,-3.67171e-08,2.26067e-10,0.401697,1.14716e-07,0.916487
0.314606,0.673413,2.83321e-07,2.15768e-08,2.83321e-07,0.206032,3.35163e-09,2.15768e-08,3.35163e-09,0.206033,0.305308,-2.35774e-08,0.305308,2.47683e-08,-8.3626e-08,-2.35774e-08,-8.3626e-08,-4.81853e-07,0.305308,-3.77095e-08,2.40508e-07,2.56483e-08,0.305308,2.56483e-08,1.25425e-08,0.305308,2.47683e-08,-8.3626e-08,-2.35774e-08,-8.3626e-08,-4.81853e-07,0.673413,-3.55228e-07,-1.4024e-07,-3.55228e-07,0.206032,0.305308,-6.17565e-08,0.305308,-3.66563e-07,0.305308,2.56483e-08,1.25425e-08,0.305308,-3.66563e-07,0.673413
0.269387,0.391782,4.52714e-07,2.4034e-07,4.52714e-07,0.131707,-2.07485e-07,2.4034e-07,-2.07485e-07,0.131706,0.181803,-3.37731e-07,0.181803,-2.21199e-08,3.6116e-07,-3.37731e-07,3.6116e-07,3.66148e-07,0.181804,-2.60811e-07,-1.13643e-07,-4.82358e-07,0.181804,-4.82358e-07,6.7231e-08,0.181803,-2.21199e-08,3.6116e-07,-3.37731e-07,3.6116e-07,3.66148e-07,0.391782,-3.68441e-07,-2.64359e-07,-3.68441e-07,0.131707,0.181803,-2.53527e-07,0.181803,-1.68717e-07,0.181804,-4.82358e-07,6.7231e-08,0.181803,-1.68717e-07,0.391782
0.224167,0.261061,9.71779e-09,-1.30279e-07,9.71779e-09,0.0984203,-1.07957e-07,-1.30279e-07,-1.07957e-07,0.0984193,0.124456,2.8984e-08,0.124456,-7.88217e-08,3.87587e-07,2.8984e-08,3.87587e-07,5.17884e-07,0.124456,2.64789e-08,-1.78925e-07,-3.36902e-07,0.124456,-3.36902e-07,1.1865e-07,0.124456,-7.88217e-08,3.87587e-07,2.8984e-08,3.87587e-07,5.17884e-07,0.26106,1.19146e-07,-2.54164e-08,1.19146e-07,0.0984209,0.124456,4.26298e-07,0.124456,2.1928e-07,0.124456,-3.36902e-07,1.1865e-07,0.124456,2.1928e-07,0.26106
0.178948,0.126402,-3.07036e-07,1.10879e-07,-3.07036e-07,0.054975,-5.19483e-08,1.10879e-07,-5.19483e-08,0.0549745,0.0616083,6.53022e-09,0.0616083,-1.70379e-07,3.10684e-07,6.53022e-09,3.10684e-07,1.40747e-07,0.0616087,1.28751e-08,-2.04413e-07,-6.70757e-08,0.0616087,-6.70757e-08,1.44832e-07,0.0616083,-1.70379e-07,3.10684e-07,6.53022e-09,3.10684e-07,1.40747e-07,0.126403,2.74514e-07,6.5894e-08,2.74514e-07,0.0549749,0.0616086,-3.59104e-08,0.0616086,5.66523e-07,0.0616087,-6.70757e-08,1.44832e-07,0.0616086,5.66523e-07,0.126403
0.133729,0.0677711,-2.09579e-07,-8.68479e-08,-2.09579e-07,0.0314462,2.23153e-07,-8.68479e-08,2.23153e-07,0.0314469,0.0330134,1.79248e-07,0.0330134,1.67973e-07,2.67023e-07,1.79248e-07,2.67023e-07,-7.26568e-07,0.0330135,1.58314e-07,-2.8179e-07,-1.78189e-08,0.0330135,-1.78189e-08,2.13699e-08,0.0330134,1.67973e-07,2.67023e-07,1.79248e-07,2.67023e-07,-7.26568e-07,0.0677715,-6.035e-08,8.3159e-08,-6.035e-08,0.0314466,0.0330135,-1.13369e-08,0.0330135,3.52524e-07,0.0330135,-1.78189e-08,2.13699e-08,0.0330135,3.52524e-07,0.0677711
0.43851,1.16528,3.13303e-08,1.41409e-08,3.13303e-08,0.332106,-2.98626e-08,1.41409e-08,-2.98626e-08,0.332106,0.498916,-2.01434e-08,0.498916,2.26234e-08,5.45922e-08,-2.01434e-08,5.45922e-08,3.697e-08,0.498915,-4.63619e-08,-7.45354e-08,-1.40605e-08,0.498915,-1.40605e-08,2.93335e-09,0.498916,2.26234e-08,5.45922e-08,-2.01434e-08,5.45922e-08,3.697e-08,1.16528,1.37335e-07,-1.21953e-08,1.37335e-07,0.332107,0.498915,-2.47158e-08,0.498915,5.6783e-08,0.498915,-1.40605e-08,2.93335e-09,0.498915,5.6783e-08,1.16528
0.393291,1.03364,1.65199e-07,-5.3234e-08,1.65199e-07,0.29699,3.01941e-08,-5.3234e-08,3.01941e-08,0.296989,0.44678,-8.06141e-08,0.44678,1.16306e-07,9.87108e-08,-8.06141e-08,9.87108e-08,7.88711e-08,0.44678,-9.15749e-08,-6.59742e-08,-6.42318e-08,0.44678,-6.42318e-08,2.93591e-08,0.44678,1.16306e-07,9.87108e-08,-8.06141e-08,9.87108e-08,7.88711e-08,1.03364,1.43611e-07,8.53457e-08,1.43611e-07,0.296991,0.44678,3.59665e-08,0.44678,7.631e-08,0.44678,-6.42318e-08,2.93591e-08,0.44678,7.631e-08,1.03364
0.348072,0.838354,2.55701e-07,-2.34326e-07,2.55701e-07,0.24913,6.21509e-08,-2.34326e-07,6.21509e-08,0.24913,0.37241,-2.04678e-09,0.37241,1.60601e-07,-5.00914e-08,-2.04678e-09,-5.00914e-08,3.38878e-08,0.37241,-4.24624e-09,1.18674e-07,-1.16554e-08,0.37241,-1.16554e-08,1.13767e-08,0.37241,1.60601e-07,-5.00914e-08,-2.04678e-09,-5.00914e-08,3.38878e-08,0.838354,-1.0678e-07,8.1344e-08,-1.0678e-07,0.24913,0.37241,1.32446e-07,0.37241,3.81222e-08,0.37241,-1.16554e-08,1.13767e-08,0.37241,3.81222e-08,0.838354
0.302852,0.544223,3.06881e-07,3.27764e-07,3.06881e-07,0.176266,-7.89343e-10,3.27764e-07,-7.89343e-10,0.176269,0.254055,-3.20571e-07,0.254055,-5.99411e-07,-1.46863e-08,-3.20571e-07,-1.46863e-08,-5.36779e-07,0.254055,-3.95834e-07,-2.09391e-07,-1.17474e-07,0.254055,-1.17474e-07,2.27379e-07,0.254055,-5.99411e-07,-1.46863e-08,-3.20571e-07,-1.46863e-08,-5.36779e-07,0.544222,-4.02371e-07,-2.63831e-07,-4.02371e-07,0.176268,0.254055,-1.73493e-07,0.254055,-1.66264e-07,0.254055,-1.17474e-07,2.27379e-07,0.254055,-1.66264e-07,0.544222
0.257633,0.364506,2.28021e-07,2.81052e-07,2.28021e-07,0.127648,-2.59338e-08,2.81052e-07,-2.59338e-08,0.127648,0.173534,-2.36077e-07,0.173534,-2.27371e-07,3.416e-07,-2.36077e-07,3.416e-07,3.59199e-07,0.173534,-1.53397e-07,-2.26947e-07,-4.37409e-07,0.173534,-4.37409e-07,1.90085e-07,0.173534,-2.27371e-07,3.416e-07,-2.36077e-07,3.416e-07,3.59199e-07,0.364506,-3.27475e-07,-3.2258e-07,-3.27475e-07,0.127648,0.173534,-2.36864e-07,0.173534,-1.64397e-07,0.173534,-4.37409e-07,1.90085e-07,0.173534,-1.64397e-07,0.364506
0.212414,0.210114,-2.85242e-07,-5.35644e-08,-2.85242e-07,0.080739,7.45891e-08,-5.35644e-08,7.45891e-08,0.0807374,0.0986728,-1.95728e-07,0.0986728,-1.06034e-07,5.0723e-07,-1.95728e-07,5.0723e-07,5.8536e-07,0.098673,4.07431e-07,-3.07211e-08,1.82675e-08,0.098673,1.82675e-08,1.57511e-07,0.0986728,-1.06034e-07,5.0723e-07,-1.95728e-07,5.0723e-07,5.8536e-07,0.210114,1.33756e-07,-3.85813e-08,1.33756e-07,0.0807389,0.0986725,2.0281e-07,0.0986725,1.69224e-07,0.098673,1.82675e-08,1.57511e-07,0.0986725,1.69224e-07,0.210114
0.167195,0.126402,-3.07036e-07,1.10879e-07,-3.07036e-07,0.054975,-5.19483e-08,1.10879e-07,-5.19483e-08,0.0549745,0.0616083,6.53022e-09,0.0616083,-1.70379e-07,3.10684e-07,6.53022e-09,3.10684e-07,1.40747e-07,0.0616087,1.28751e-08,-2.04413e-07,-6.70757e-08,0.0616087,-6.70757e-08,1.44832e-07,0.0616083,-1.70379e-07,3.10684e-07,6.53022e-09,3.10684e-07,1.40747e-07,0.126403,2.74514e-07,6.5894e-08,2.74514e-07,0.0549749,0.0616086,-3.59104e-08,0.0616086,5.66523e-07,0.0616087,-6.70757e-08,1.44832e-07,0.0616086,5.66523e-07,0.126403
0.121976,0.0519367,-1.059e-08,-2.12185e-07,-1.059e-08,0.0248186,1.04479e-07,-2.12185e-07,1.04479e-07,0.0248191,0.0253704,7.63374e-09,0.0253704,-1.53191e-07,6.79247e-08,7.63374e-09,6.79247e-08,-1.33168e-07,0.0253705,5.72067e-08,-2.69055e-07,-6.73889e-08,0.0253705,-6.73889e-08,1.96921e-08,0.0253704,-1.53191e-07,6.79247e-08,7.63374e-09,6.79247e-08,-1.33168e-07,0.0519366,8.93521e-08,7.00736e-08,8.93521e-08,0.0248187,0.0253705,-5.23859e-08,0.0253705,6.67189e-08,0.0253705,-6.73889e-08,1.96921e-08,0.0253705,6.67189e-08,0.0519366
0.426756,1.14302,5.78461e-08,-1.29745e-08,5.78461e-08,0.325453,-1.93903e-08,-1.29745e-08,-1.93903e-08,0.325453,0.489927,-4.99613e-08,0.489927,3.30212e-08,7.77683e-08,-4.99613e-08,7.77683e-08,2.54721e-08,0.489927,-4.58984e-08,-7.30658e-08,-2.18055e-08,0.489927,-2.18055e-08,1.67776e-08,0.489927,3.30212e-08,7.77683e-08,-4.99613e-08,7.77683e-08,2.54721e-08,1.14302,1.62006e-07,2.45265e-08,1.62006e-07,0.325454,0.489927,2.08841e-08,0.489927,4.18462e-08,0.489927,-2.18055e-08,1.67776e-08,0.489927,4.18462e-08,1.14302
0.381537,0.989919,2.12686e-07,-9.82704e-08,2.12686e-07,0.285764,-1.63464e-09,-9.82704e-08,-1.63464e-09,0.285765,0.430522,-7.05608e-08,0.430522,1.42295e-07,-1.53133e-08,-7.05608e-08,-1.53133e-08,8.51035e-08,0.430522,-1.027e-07,-4.51747e-08,-3.97938e-09,0.430522,-3.97938e-09,-3.69857e-09,0.430522,1.42295e-07,-1.53133e-08,-7.05608e-08,-1.53133e-08,8.51035e-08,0.989919,-2.10244e-08,6.79487e-08,-2.10244e-08,0.285765,0.430522,2.20211e-08,0.430522,1.82189e-07,0.430522,-3.97938e-09,-3.69857e-09,0.430522,1.82189e-07,0.989919
0.336318,0.736144,1.59553e-07,-4.72598e-08,1.59553e-07,0.221211,4.44328e-09,-4.72598e-08,4.44328e-09,0.221212,0.330971,1.29953e-08,0.330971,5.17781e-08,-7.49223e-08,1.29953e-08,-7.49223e-08,-3.92548e-07,0.330971,1.82457e-09,2.04569e-07,5.79699e-08,0.330971,5.79699e-08,8.11887e-09,0.330971,5.17781e-08,-7.49223e-08,1.29953e-08,-7.49223e-08,-3.92548e-07,0.736144,-3.54283e-07,-4.38045e-08,-3.54283e-07,0.221211,0.330971,7.64692e-09,0.330971,-2.8744e-07,0.330971,5.79699e-08,8.11887e-09,0.330971,-2.8744e-07,0.736144
0.291099,0.517335,3.39085e-07,2.92425e-07,3.39085e-07,0.167623,-6.46621e-08,2.92425e-07,-6.46621e-08,0.167624,0.241304,-3.70913e-07,0.241304,-2.70268e-07,1.36286e-08,-3.70913e-07,1.36286e-08,-6.59171e-07,0.241304,-4.76944e-07,-3.32628e-07,-1.28953e-07,0.241304,-1.28953e-07,2.89698e-07,0.241304,-2.70268e-07,1.36286e-08,-3.70913e-07,1.36286e-08,-6.59171e-07,0.517334,-4.54062e-07,-2.87388e-07,-4.54062e-07,0.167624,0.241304,-2.75106e-07,0.241304,-2.22659e-07,0.241304,-1.28953e-07,2.89698e-07,0.241304,-2.22659e-07,0.517335
0.24588,0.336971,3.72092e-07,3.80641e-07,3.72092e-07,0.118807,1.94136e-07,3.80641e-07,1.94136e-07,0.118806,0.159174,-1.6464e-07,0.159174,-1.98629e-07,3.08147e-07,-1.6464e-07,3.08147e-07,2.5428e-07,0.159174,-1.56798e-07,-1.79653e-07,-3.20525e-07,0.159174,-3.20525e-07,1.88433e-07,0.159174,-1.98629e-07,3.08147e-07,-1.6464e-07,3.08147e-07,2.5428e-07,0.336971,-1.38995e-07,-2.95408e-07,-1.38995e-07,0.118807,0.159175,-1.34745e-08,0.159175,-1.89573e-07,0.159174,-3.20525e-07,1.88433e-07,0.159175,-1.89573e-07,0.336972
0.20066,0.187535,-5.77438e-07,-2.44391e-07,-5.77438e-07,0.0733647,1.70475e-07,-2.44391e-07,1.70475e-07,0.0733632,0.0873752,-1.08431e-07,0.0873752,-1.23269e-07,4.74594e-07,-1.08431e-07,4.74594e-07,5.03632e-07,0.0873755,4.91494e-07,2.64182e-07,1.26099e-07,0.0873755,1.26099e-07,-4.9764e-09,0.0873752,-1.23269e-07,4.74594e-07,-1.08431e-07,4.74594e-07,5.03632e-07,0.187535,2.53064e-07,2.97986e-07,2.53064e-07,0.0733641,0.0873754,5.97345e-08,0.0873754,3.53554e-07,0.0873755,1.26099e-07,-4.9764e-09,0.0873754,3.53554e-07,0.187535
0.155441,0.0840736,-3.45034e-07,-1.24573e-08,-3.45034e-07,0.0371481,6.35826e-09,-1.24573e-08,6.35826e-09,0.0371483,0.0392434,3.00316e-07,0.0392434,-1.18125e-08,1.99368e-07,3.00316e-07,1.99368e-07,-5.05629e-07,0.0392435,2.79561e-07,-1.45224e-07,-1.68203e-07,0.0392435,-1.68203e-07,2.49536e-07,0.0392434,-1.18125e-08,1.99368e-07,3.00316e-07,1.99368e-07,-5.05629e-07,0.0840742,-4.86178e-08,-1.45439e-10,-4.86178e-08,0.037148,0.0392436,-8.6106e-08,0.0392436,-5.6144e-08,0.0392435,-1.68203e-07,2.49536e-07,0.0392436,-5.6144e-08,0.0840741
0.110222,0.0519367,-1.059e-08,-2.12185e-07,-1.059e-08,0.0248186,1.04479e-07,-2.12185e-07,1.04479e-07,0.0248191,0.0253704,7.63374e-09,0.0253704,-1.53191e-07,6.79247e-08,7.63374e-09,6.79247e-08,-1.33168e-07,0.0253705,5.72067e-08,-2.69055e-07,-6.73889e-08,0.0253705,-6.73889e-08,1.96921e-08,0.0253704,-1.53191e-07,6.79247e-08,7.63374e-09,6.79247e-08,-1.33168e-07,0.0519366,8.93521e-08,7.00736e-08,8.93521e-08,0.0248187,0.0253705,-5.23859e-08,0.0253705,6.67189e-08,0.0253705,-6.73889e-08,1.96921e-08,0.0253705,6.67189e-08,0.0519366
0.415003,1.1251,6.25613e-08,-2.11678e-08,6.25613e-08,0.320746,-2.03003e-08,-2.11678e-08,-2.03003e-08,0.320746,0.483527,-5.12956e-08,0.483527,4.9425e-08,9.06209e-08,-5.12956e-08,9.06209e-08,3.08308e-08,0.483527,-5.02884e-08,-7.85382e-08,-3.57075e-08,0.483527,-3.57075e-08,1.83874e-08,0.483527,4.9425e-08,9.06209e-08,-5.12956e-08,9.06209e-08,3.08308e-08,1.1251,1.69974e-07,1.73474e-08,1.69974e-07,0.320747,0.483527,1.27731e-08,0.483527,2.91644e-08,0.483527,-3.57075e-08,1.83874e-08,0.483527,2.91644e-08,1.1251
0.369784,0.966929,1.99152e-07,-1.06297e-07,1.99152e-07,0.279417,-6.59364e-10,-1.06297e-07,-6.59364e-10,0.279417,0.421528,-7.47895e-08,0.421528,9.54423e-08,-1.63225e-08,-7.47895e-08,-1.63225e-08,7.92364e-08,0.421528,-1.21936e-07,9.56348e-09,-2.51243e-08,0.421528,-2.51243e-08,-6.94174e-09,0.421528,9.54423e-08,-1.63225e-08,-7.47895e-08,-1.63225e-08,7.92364e-08,0.966929,-2.27047e-08,4.12859e-08,-2.27047e-08,0.279417,0.421528,8.70712e-09,0.421528,1.64903e-07,0.421528,-2.51243e-08,-6.94174e-09,0.421528,1.64903e-07,0.966929
0.324564,0.704711,8.89649e-08,-3.34247e-08,8.89649e-08,0.21247,-4.98058e-08,-3.34247e-08,-4.98058e-08,0.212471,0.317261,-1.95722e-09,0.317261,3.81472e-08,-3.55154e-08,-1.95722e-09,-3.55154e-08,-5.0057e-07,0.317261,-1.43074e-08,2.16395e-07,-3.31006e-08,0.317261,-3.31006e-08,3.87306e-08,0.317261,3.81472e-08,-3.55154e-08,-1.95722e-09,-3.55154e-08,-5.0057e-07,0.704711,-3.59012e-07,-6.08585e-08,-3.59012e-07,0.21247,0.317261,-2.24959e-08,0.317261,-3.65157e-07,0.317261,-3.31006e-08,3.87306e-08,0.317261,-3.65157e-07,0.704711
0.279345,0.423054,4.58332e-07,2.65398e-07,4.58332e-07,0.138634,-1.76497e-07,2.65398e-07,-1.76497e-07,0.138633,0.194781,-3.88414e-07,0.194781,-4.01834e-09,2.02983e-07,-3.88414e-07,2.02983e-07,-3.75272e-07,0.194781,-3.58539e-07,-1.45381e-07,-3.4025e-07,0.194781,-3.4025e-07,1.89815e-07,0.194781,-4.01834e-09,2.02983e-07,-3.88414e-07,2.02983e-07,-3.75272e-07,0.423052,-3.6037e-07,-3.52081e-07,-3.6037e-07,0.138634,0.194781,-2.08791e-07,0.194781,-3.36052e-08,0.194781,-3.4025e-07,1.89815e-07,0.194781,-3.36052e-08,0.423053
0.234126,0.261061,9.71779e-09,-1.30279e-07,9.71779e-09,0.0984203,-1.07957e-07,-1.30279e-07,-1.07957e-07,0.0984193,0.124456,2.8984e-08,0.124456,-7.88217e-08,3.87587e-07,2.8984e-08,3.87587e-07,5.17884e-07,0.124456,2.64789e-08,-1.78925e-07,-3.36902e-07,0.124456,-3.36902e-07,1.1865e-07,0.124456,-7.88217e-08,3.87587e-07,2.8984e-08,3.87587e-07,5.17884e-07,0.26106,1.19146e-07,-2.54164e-08,1.19146e-07,0.0984209,0.124456,4.26298e-07,0.124456,2.1928e-07,0.124456,-3.36902e-07,1.1865e-07,0.124456,2.1928e-07,0.26106
0.188907,0.164856,-5.61245e-07,-9.86359e-08,-5.61245e-07,0.0677216,1.0778e-07,-9.86359e-08,1.0778e-07,0.0677206,0.0785988,-1.35854e-07,0.0785988,-3.23099e-07,3.86994e-07,-1.35854e-07,3.86994e-07,5.39894e-07,0.0785991,2.41368e-07,4.71822e-07,1.34152e-07,0.0785991,1.34152e-07,6.7459e-08,0.0785988,-3.23099e-07,3.86994e-07,-1.35854e-07,3.86994e-07,5.39894e-07,0.164856,2.19148e-07,3.07283e-07,2.19148e-07,0.0677211,0.0785989,2.16568e-08,0.0785989,5.25579e-07,0.0785991,1.34152e-07,6.7459e-08,0.0785989,5.25579e-07,0.164856
0.143688,0.0840736,-3.45034e-07,-1.24573e-08,-3.45034e-07,0.0371481,6.35826e-09,-1.24573e-08,6.35826e-09,0.0371483,0.0392434,3.00316e-07,0.0392434,-1.18125e-08,1.99368e-07,3.00316e-07,1.99368e-07,-5.05629e-07,0.0392435,2.79561e-07,-1.45224e-07,-1.68203e-07,0.0392435,-1.68203e-07,2.49536e-07,0.0392434,-1.18125e-08,1.99368e-07,3.00316e-07,1.99368e-07,-5.05629e-07,0.0840742,-4.86178e-08,-1.45439e-10,-4.86178e-08,0.037148,0.0392436,-8.6106e-08,0.0392436,-5.6144e-08,0.0392435,-1.68203e-07,2.49536e-07,0.0392436,-5.6144e-08,0.0840741
0.448468,1.19609,-7.00147e-09,6.85766e-09,-7.00147e-09,0.340068,-3.52865e-08,6.85766e-09,-3.52865e-08,0.340067,0.512081,-1.05246e-08,0.512081,-4.16517e-09,3.79693e-08,-1.05246e-08,3.79693e-08,2.20871e-08,0.512081,9.07922e-09,-5.67343e-08,-2.63585e-08,0.512081,-2.63585e-08,1.98267e-08,0.512081,-4.16517e-09,3.79693e-08,-1.05246e-08,3.79693e-08,2.20871e-08,1.19609,1.42098e-07,-2.90131e-08,1.42098e-07,0.340068,0.512081,-4.04571e-08,0.512081,8.17546e-09,0.512081,-2.63585e-08,1.98267e-08,0.512081,8.17546e-09,1.19609
0.403249,1.06589,9.29114e-08,-4.18743e-08,9.29114e-08,0.304467,3.82353e-08,-4.18743e-08,3.82353e-08,0.304466,0.459915,-5.51833e-08,0.459915,1.05064e-07,1.06007e-07,-5.51833e-08,1.06007e-07,3.27748e-08,0.459915,-6.30361e-08,-5.94527e-08,-6.15412e-08,0.459915,-6.15412e-08,4.54377e-08,0.459915,1.05064e-07,1.06007e-07,-5.51833e-08,1.06007e-07,3.27748e-08,1.06589,1.70752e-07,4.70624e-08,1.70752e-07,0.304468,0.459915,6.9275e-09,0.459915,-1.98108e-08,0.459915,-6.15412e-08,4.54377e-08,0.459915,-1.98108e-08,1.06589
0.35803,0.916487,2.47827e-07,-2.09412e-07,2.47827e-07,0.26671,5.43274e-08,-2.09412e-07,5.43274e-08,0.26671,0.401697,-6.23895e-08,0.401697,1.1692e-07,-4.56979e-09,-6.23895e-08,-4.56979e-09,5.95346e-08,0.401697,-8.72003e-08,4.56485e-08,-3.67171e-08,0.401697,-3.67171e-08,2.26067e-10,0.401697,1.1692e-07,-4.56979e-09,-6.23895e-08,-4.56979e-09,5.95346e-08,0.916487,5.73277e-09,5.99588e-08,5.73277e-09,0.266711,0.401697,9.81361e-08,0.401697,1.14716e-07,0.401697,-3.67171e-08,2.26067e-10,0.401697,1.14716e-07,0.916487
0.312811,0.673413,2.83321e-07,2.15768e-08,2.83321e-07,0.206032,3.35163e-09,2.15768e-08,3.35163e-09,0.206033,0.305308,-2.35774e-08,0.305308,2.47683e-08,-8.3626e-08,-2.35774e-08,-8.3626e-08,-4.81853e-07,0.305308,-3.77095e-08,2.40508e-07,2.56483e-08,0.305308,2.56483e-08,1.25425e-08,0.305308,2.47683e-08,-8.3626e-08,-2.35774e-08,-8.3626e-08,-4.81853e-07,0.673413,-3.55228e-07,-1.4024e-07,-3.55228e-07,0.206032,0.305308,-6.17565e-08,0.305308,-3.66563e-07,0.305308,2.56483e-08,1.25425e-08,0.305308,-3.66563e-07,0.673413
0.267592,0.391782,4.52714e-07,2.4034e-07,4.52714e-07,0.131707,-2.07485e-07,2.4034e-07,-2.07485e-07,0.131706,0.181803,-3.37731e-07,0.181803,-2.21199e-08,3.6116e-07,-3.37731e-07,3.6116e-07,3.66148e-07,0.181804,-2.60811e-07,-1.13643e-07,-4.82358e-07,0.181804,-4.82358e-07,6.7231e-08,0.181803,-2.21199e-08,3.6116e-07,-3.37731e-07,3.6116e-07,3.66148e-07,0.391782,-3.68441e-07,-2.64359e-07,-3.68441e-07,0.131707,0.181803,-2.53527e-07,0.181803,-1.68717e-07,0.181804,-4.82358e-07,6.7231e-08,0.181803,-1.68717e-07,0.391782
0.222373,0.219028,-2.63525e-07,-3.88798e-09,-2.63525e-07,0.0855547,7.48902e-08,-3.88798e-09,7.48902e-08,0.0855534,0.105067,-1.64842e-07,0.105067,-6.38575e-08,3.18099e-07,-1.64842e-07,3.18099e-07,4.77797e-07,0.105067,2.34441e-07,-2.4432e-07,1.02727e-07,0.105067,1.02727e-07,1.43763e-07,0.105067,-6.38575e-08,3.18099e-07,-1.64842e-07,3.18099e-07,4.77797e-07,0.219029,1.91153e-08,-8.79878e-08,1.91153e-08,0.0855546,0.105067,3.14094e-07,0.105067,1.06792e-07,0.105067,1.02727e-07,1.43763e-07,0.105067,1.06792e-07,0.219029
0.177153,0.126402,-3.07036e-07,1.10879e-07,-3.07036e-07,0.054975,-5.19483e-08,1.10879e-07,-5.19483e-08,0.0549745,0.0616083,6.53022e-09,0.0616083,-1.70379e-07,3.10684e-07,6.53022e-09,3.10684e-07,1.40747e-07,0.0616087,1.28751e-08,-2.04413e-07,-6.70757e-08,0.0616087,-6.70757e-08,1.44832e-07,0.0616083,-1.70379e-07,3.10684e-07,6.53022e-09,3.10684e-07,1.40747e-07,0.126403,2.74514e-07,6.5894e-08,2.74514e-07,0.0549749,0.0616086,-3.59104e-08,0.0616086,5.66523e-07,0.0616087,-6.70757e-08,1.44832e-07,0.0616086,5.66523e-07,0.126403
0.131934,0.0677711,-2.09579e-07,-8.68479e-08,-2.09579e-07,0.0314462,2.23153e-07,-8.68479e-08,2.23153e-07,0.0314469,0.0330134,1.79248e-07,0.0330134,1.67973e-07,2.67023e-07,1.79248e-07,2.67023e-07,-7.26568e-07,0.0330135,1.58314e-07,-2.8179e-07,-1.78189e-08,0.0330135,-1.78189e-08,2.13699e-08,0.0330134,1.67973e-07,2.67023e-07,1.79248e-07,2.67023e-07,-7.26568e-07,0.0677715,-6.035e-08,8.3159e-08,-6.035e-08,0.0314466,0.0330135,-1.13369e-08,0.0330135,3.52524e-07,0.0330135,-1.78189e-08,2.13699e-08,0.0330135,3.52524e-07,0.0677711
0.436715,1.16528,3.13303e-08,1.41409e-08,3.13303e-08,0.332106,-2.98626e-08,1.41409e-08,-2.98626e-08,0.332106,0.498916,-2.01434e-08,0.498916,2.26234e-08,5.45922e-08,-2.01434e-08,5.45922e-08,3.697e-08,0.498915,-4.63619e-08,-7.45354e-08,-1.40605e-08,0.498915,-1.40605e-08,2.93335e-09,0.498916,2.26234e-08,5.45922e-08,-2.01434e-08,5.45922e-08,3.697e-08,1.16528,1.37335e-07,-1.21953e-08,1.37335e-07,0.332107,0.498915,-2.47158e-08,0.498915,5.6783e-08,0.498915,-1.40605e-08,2.93335e-09,0.498915,5.6783e-08,1.16528
0.391496,1.03364,1.65199e-07,-5.3234e-08,1.65199e-07,0.29699,3.01941e-08,-5.3234e-08,3.01941e-08,0.296989,0.44678,-8.06141e-08,0.44678,1.16306e-07,9.87108e-08,-8.06141e-08,9.87108e-08,7.88711e-08,0.44678,-9.15749e-08,-6.59742e-08,-6.42318e-08,0.44678,-6.42318e-08,2.93591e-08,0.44678,1.16306e-07,9.87108e-08,-8.06141e-08,9.87108e-08,7.88711e-08,1.03364,1.43611e-07,8.53457e-08,1.43611e-07,0.296991,0.44678,3.59665e-08,0.44678,7.631e-08,0.44678,-6.42318e-08,2.93591e-08,0.44678,7.631e-08,1.03364
0.346277,0.781943,1.87422e-07,-3.0836e-07,1.87422e-07,0.234609,-5.82659e-09,-3.0836e-07,-5.82659e-09,0.234609,0.350348,-9.63393e-10,0.350348,1.86776e-07,-6.01189e-08,-9.63393e-10,-6.01189e-08,-2.43514e-07,0.350348,3.78632e-09,2.44292e-07,5.90387e-08,0.350348,5.90387e-08,-3.56009e-09,0.350348,1.86776e-07,-6.01189e-08,-9.63393e-10,-6.01189e-08,-2.43514e-07,0.781942,-2.74975e-07,7.25405e-08,-2.74975e-07,0.234608,0.350348,9.56731e-08,0.350348,-1.65411e-07,0.350348,5.90387e-08,-3.56009e-09,0.350348,-1.65411e-07,0.781943
0.301057,0.544223,3.06881e-07,3.27764e-07,3.06881e-07,0.176266,-7.89343e-10,3.27764e-07,-7.89343e-10,0.176269,0.254055,-3.20571e-07,0.254055,-5.99411e-07,-1.46863e-08,-3.20571e-07,-1.46863e-08,-5.36779e-07,0.254055,-3.95834e-07,-2.09391e-07,-1.17474e-07,0.254055,-1.17474e-07,2.27379e-07,0.254055,-5.99411e-07,-1.46863e-08,-3.20571e-07,-1.46863e-08,-5.36779e-07,0.544222,-4.02371e-07,-2.63831e-07,-4.02371e-07,0.176268,0.254055,-1.73493e-07,0.254055,-1.66264e-07,0.254055,-1.17474e-07,2.27379e-07,0.254055,-1.66264e-07,0.544222
0.255838,0.364506,2.28021e-07,2.81052e-07,2.28021e-07,0.127648,-2.59338e-08,2.81052e-07,-2.59338e-08,0.127648,0.173534,-2.36077e-07,0.173534,-2.27371e-07,3.416e-07,-2.36077e-07,3.416e-07,3.59199e-07,0.173534,-1.53397e-07,-2.26947e-07,-4.37409e-07,0.173534,-4.37409e-07,1.90085e-07,0.173534,-2.27371e-07,3.416e-07,-2.36077e-07,3.416e-07,3.59199e-07,0.364506,-3.27475e-07,-3.2258e-07,-3.27475e-07,0.127648,0.173534,-2.36864e-07,0.173534,-1.64397e-07,0.173534,-4.37409e-07,1.90085e-07,0.173534,-1.64397e-07,0.364506
0.210619,0.210114,-2.85242e-07,-5.35644e-08,-2.85242e-07,0.080739,7.45891e-08,-5.35644e-08,7.45891e-08,0.0807374,0.0986728,-1.95728e-07,0.0986728,-1.06034e-07,5.0723e-07,-1.95728e-07,5.0723e-07,5.8536e-07,0.098673,4.07431e-07,-3.07211e-08,1.82675e-08,0.098673,1.82675e-08,1.57511e-07,0.0986728,-1.06034e-07,5.0723e-07,-1.95728e-07,5.0723e-07,5.8536e-07,0.210114,1.33756e-07,-3.85813e-08,1.33756e-07,0.0807389,0.0986725,2.0281e-07,0.0986725,1.69224e-07,0.098673,1.82675e-08,1.57511e-07,0.0986725,1.69224e-07,0.210114
0.1654,0.126402,-3.07036e-07,1.10879e-07,-3.07036e-07,0.054975,-5.19483e-08,1.10879e-07,-5.19483e-08,0.0549745,0.0616083,6.53022e-09,0.0616083,-1.70379e-07,3.10684e-07,6.53022e-09,3.10684e-07,1.40747e-07,0.0616087,1.28751e-08,-2.04413e-07,-6.70757e-08,0.0616087,-6.70757e-08,1.44832e-07,0.0616083,-1.70379e-07,3.10684e-07,6.53022e-09,3.10684e-07,1.40747e-07,0.126403,2.74514e-07,6.5894e-08,2.74514e-07,0.0549749,0.0616086,-3.59104e-08,0.0616086,5.66523e-07,0.0616087,-6.70757e-08,1.44832e-07,0.0616086,5.66523e-07,0.126403
0.120181,0.0519367,-1.059e-08,-2.12185e-07,-1.059e-08,0.0248186,1.04479e-07,-2.12185e-07,1.04479e-07,0.0248191,0.0253704,7.63374e-09,0.0253704,-1.53191e-07,6.79247e-08,7.63374e-09,6.79247e-08,-1.33168e-07,0.0253705,5.72067e-08,-2.69055e-07,-6.73889e-08,0.0253705,-6.73889e-08,1.96921e-08,0.0253704,-1.53191e-07,6.79247e-08,7.63374e-09,6.79247e-08,-1.33168e-07,0.0519366,8.93521e-08,7.00736e-08,8.93521e-08,0.0248187,0.0253705,-5.23859e-08,0.0253705,6.67189e-08,0.0253705,-6.73889e-08,1.96921e-08,0.0253705,6.67189e-08,0.0519366
0.424961,1.14302,5.78461e-08,-1.29745e-08,5.78461e-08,0.325453,-1.93903e-08,-1.29745e-08,-1.93903e-08,0.325453,0.489927,-4.99613e-08,0.489927,3.30212e-08,7.77683e-08,-4.99613e-08,7.77683e-08,2.54721e-08,0.489927,-4.58984e-08,-7.30658e-08,-2.18055e-08,0.489927,-2.18055e-08,1.67776e-08,0.489927,3.30212e-08,7.77683e-08,-4.99613e-08,7.77683e-08,2.54721e-08,1.14302,1.62006e-07,2.45265e-08,1.62006e-07,0.325454,0.489927,2.08841e-08,0.489927,4.18462e-08,0.489927,-2.18055e-08,1.67776e-08,0.489927,4.18462e-08,1.14302
0.379742,0.989919,2.12686e-07,-9.82704e-08,2.12686e-07,0.285764,-1.63464e-09,-9.82704e-08,-1.63464e-09,0.285765,0.430522,-7.05608e-08,0.430522,1.42295e-07,-1.53133e-08,-7.05608e-08,-1.53133e-08,8.51035e-08,0.430522,-1.027e-07,-4.51747e-08,-3.97938e-09,0.430522,-3.97938e-09,-3.69857e-09,0.430522,1.42295e-07,-1.53133e-08,-7.05608e-08,-1.53133e-08,8.51035e-08,0.989919,-2.10244e-08,6.79487e-08,-2.10244e-08,0.285765,0.430522,2.20211e-08,0.430522,1.82189e-07,0.430522,-3.97938e-09,-3.69857e-09,0.430522,1.82189e-07,0.989919
0.334523,0.736144,1.59553e-07,-4.72598e-08,1.59553e-07,0.221211,4.44328e-09,-4.72598e-08,4.44328e-09,0.221212,0.330971,1.29953e-08,0.330971,5.17781e-08,-7.49223e-08,1.29953e-08,-7.49223e-08,-3.92548e-07,0.330971,1.82457e-09,2.04569e-07,5.79699e-08,0.330971,5.79699e-08,8.11887e-09,0.330971,5.17781e-08,-7.49223e-08,1.29953e-08,-7.49223e-08,-3.92548e-07,0.736144,-3.54283e-07,-4.38045e-08,-3.54283e-07,0.221211,0.330971,7.64692e-09,0.330971,-2.8744e-07,0.330971,5.79699e-08,8.11887e-09,0.330971,-2.8744e-07,0.736144
0.289304,0.517335,3.39085e-07,2.92425e-07,3.39085e-07,0.167623,-6.46621e-08,2.92425e-07,-6.46621e-08,0.167624,0.241304,-3.70913e-07,0.241304,-2.70268e-07,1.36286e-08,-3.70913e-07,1.36286e-08,-6.59171e-07,0.241304,-4.76944e-07,-3.32628e-07,-1.28953e-07,0.241304,-1.28953e-07,2.89698e-07,0.241304,-2.70268e-07,1.36286e-08,-3.70913e-07,1.36286e-08,-6.59171e-07,0.517334,-4.54062e-07,-2.87388e-07,-4.54062e-07,0.167624,0.241304,-2.75106e-07,0.241304,-2.22659e-07,0.241304,-1.28953e-07,2.89698e-07,0.241304,-2.22659e-07,0.517335
0.244085,0.336971,3.72092e-07,3.80641e-07,3.72092e-07,0.118807,1.94136e-07,3.80641e-07,1.94136e-07,0.118806,0.159174,-1.6464e-07,0.159174,-1.98629e-07,3.08147e-07,-1.6464e-07,3.08147e-07,2.5428e-07,0.159174,-1.56798e-07,-1.79653e-07,-3.20525e-07,0.159174,-3.20525e-07,1.88433e-07,0.159174,-1.98629e-07,3.08147e-07,-1.6464e-07,3.08147e-07,2.5428e-07,0.336971,-1.38995e-07,-2.95408e-07,-1.38995e-07,0.118807,0.159175,-1.34745e-08,0.159175,-1.89573e-07,0.159174,-3.20525e-07,1.88433e-07,0.159175,-1.89573e-07,0.336972
0.198865,0.164856,-5.61245e-07,-9.86359e-08,-5.61245e-07,0.0677216,1.0778e-07,-9.86359e-08,1.0778e-07,0.0677206,0.0785988,-1.35854e-07,0.0785988,-3.23099e-07,3.86994e-07,-1.35854e-07,3.86994e-07,5.39894e-07,0.0785991,2.41368e-07,4.71822e-07,1.34152e-07,0.0785991,1.34152e-07,6.7459e-08,0.0785988,-3.23099e-07,3.86994e-07,-1.35854e-07,3.86994e-07,5.39894e-07,0.164856,2.19148e-07,3.07283e-07,2.19148e-07,0.0677211,0.0785989,2.16568e-08,0.0785989,5.25579e-07,0.0785991,1.34152e-07,6.7459e-08,0.0785989,5.25579e-07,0.164856
0.153646,0.0840736,-3.45034e-07,-1.24573e-08,-3.45034e-07,0.0371481,6.35826e-09,-1.24573e-08,6.35826e-09,0.0371483,0.0392434,3.00316e-07,0.0392434,-1.18125e-08,1.99368e-07,3.00316e-07,1.99368e-07,-5.05629e-07,0.0392435,2.79561e-07,-1.45224e-07,-1.68203e-07,0.0392435,-1.68203e-07,2.49536e-07,0.0392434,-1.18125e-08,1.99368e-07,3.00316e-07,1.99368e-07,-5.05629e-07,0.0840742,-4.86178e-08,-1.45439e-10,-4.86178e-08,0.037148,0.0392436,-8.6106e-08,0.0392436,-5.6144e-08,0.0392435,-1.68203e-07,2.49536e-07,0.0392436,-5.6144e-08,0.0840741
0.108427,0.0519367,-1.059e-08,-2.12185e-07,-1.059e-08,0.0248186,1.04479e-07,-2.12185e-07,1.04479e-07,0.0248191,0.0253704,7.63374e-09,0.0253704,-1.53191e-07,6.79247e-08,7.63374e-09,6.79247e-08,-1.33168e-07,0.0253705,5.72067e-08,-2.69055e-07,-6.73889e-08,0.0253705,-6.73889e-08,1.96921e-08,0.0253704,-1.53191e-07,6.79247e-08,7.63374e-09,6.79247e-08,-1.33168e-07,0.0519366,8.93521e-08,7.00736e-08,8.93521e-08,0.0248187,0.0253705,-5.23859e-08,0.0253705,6.67189e-08,0.0253705,-6.73889e-08,1.96921e-08,0.0253705,6.67189e-08,0.0519366
0.413208,1.1251,6.25613e-08,-2.11678e-08,6.25613e-08,0.320746,-2.03003e-08,-2.11678e-08,-2.03003e-08,0.320746,0.483527,-5.12956e-08,0.483527,4.9425e-08,9.06209e-08,-5.12956e-08,9.06209e-08,3.08308e-08,0.483527,-5.02884e-08,-7.85382e-08,-3.57075e-08,0.483527,-3.57075e-08,1.83874e-08,0.483527,4.9425e-08,9.06209e-08,-5.12956e-08,9.06209e-08,3.08308e-08,1.1251,1.69974e-07,1.73474e-08,1.69974e-07,0.320747,0.483527,1.27731e-08,0.483527,2.91644e-08,0.483527,-3.57075e-08,1.83874e-08,0.483527,2.91644e-08,1.1251
0.367989,0.948658,1.06838e-07,-1.10602e-07,1.06838e-07,0.274803,1.38795e-08,-1.10602e-07,1.38795e-08,0.274802,0.415002,-5.18158e-08,0.415002,1.01165e-07,-6.82361e-10,-5.18158e-08,-6.82361e-10,8.01721e-08,0.415003,-9.32274e-08,1.49272e-08,-5.16367e-08,0.415003,-5.16367e-08,-2.07975e-08,0.415002,1.01165e-07,-6.82361e-10,-5.18158e-08,-6.82361e-10,8.01721e-08,0.948658,-2.38076e-08,2.32945e-08,-2.38076e-08,0.274803,0.415002,-1.57145e-08,0.415002,1.54395e-07,0.415003,-5.16367e-08,-2.07975e-08,0.415002,1.54395e-07,0.948658
0.322769,0.673413,2.83321e-07,2.15768e-08,2.83321e-07,0.206032,3.35163e-09,2.15768e-08,3.35163e-09,0.206033,0.305308,-2.35774e-08,0.305308,2.47683e-08,-8.3626e-08,-2.35774e-08,-8.3626e-08,-4.81853e-07,0.305308,-3.77095e-08,2.40508e-07,2.56483e-08,0.305308,2.56483e-08,1.25425e-08,0.305308,2.47683e-08,-8.3626e-08,-2.35774e-08,-8.3626e-08,-4.81853e-07,0.673413,-3.55228e-07,-1.4024e-07,-3.55228e-07,0.206032,0.305308,-6.17565e-08,0.305308,-3.66563e-07,0.305308,2.56483e-08,1.25425e-08,0.305308,-3.66563e-07,0.673413
0.27755,0.423054,4.58332e-07,2.65398e-07,4.58332e-07,0.138634,-1.76497e-07,2.65398e-07,-1.76497e-07,0.138633,0.194781,-3.88414e-07,0.194781,-4.01834e-09,2.02983e-07,-3.88414e-07,2.02983e-07,-3.75272e-07,0.194781,-3.58539e-07,-1.45381e-07,-3.4025e-07,0.194781,-3.4025e-07,1.89815e-07,0.194781,-4.01834e-09,2.02983e-07,-3.88414e-07,2.02983e-07,-3.75272e-07,0.423052,-3.6037e-07,-3.52081e-07,-3.6037e-07,0.138634,0.194781,-2.08791e-07,0.194781,-3.36052e-08,0.194781,-3.4025e-07,1.89815e-07,0.194781,-3.36052e-08,0.423053
0.232331,0.261061,9.71779e-09,-1.30279e-07,9.71779e-09,0.0984203,-1.07957e-07,-1.30279e-07,-1.07957e-07,0.0984193,0.124456,2.8984e-08,0.124456,-7.88217e-08,3.87587e-07,2.8984e-08,3.87587e-07,5.17884e-07,0.124456,2.64789e-08,-1.78925e-07,-3.36902e-07,0.124456,-3.36902e-07,1.1865e-07,0.124456,-7.88217e-08,3.87587e-07,2.8984e-08,3.87587e-07,5.17884e-07,0.26106,1.19146e-07,-2.54164e-08,1.19146e-07,0.0984209,0.124456,4.26298e-07,0.124456,2.1928e-07,0.124456,-3.36902e-07,1.1865e-07,0.124456,2.1928e-07,0.26106
0.187112,0.164856,-5.61245e-07,-9.86359e-08,-5.61245e-07,0.0677216,1.0778e-07,-9.86359e-08,1.0778e-07,0.0677206,0.0785988,-1.35854e-07,0.0785988,-3.23099e-07,3.86994e-07,-1.35854e-07,3.86994e-07,5.39894e-07,0.0785991,2.41368e-07,4.71822e-07,1.34152e-07,0.0785991,1.34152e-07,6.7459e-08,0.0785988,-3.23099e-07,3.86994e-07,-1.35854e-07,3.86994e-07,5.39894e-07,0.164856,2.19148e-07,3.07283e-07,2.19148e-07,0.0677211,0.0785989,2.16568e-08,0.0785989,5.25579e-07,0.0785991,1.34152e-07,6.7459e-08,0.0785989,5.25579e-07,0.164856
0.141893,0.0840736,-3.45034e-07,-1.24573e-08,-3.45034e-07,0.0371481,6.35826e-09,-1.24573e-08,6.35826e-09,0.0371483,0.0392434,3.00316e-07,0.0392434,-1.18125e-08,1.99368e-07,3.00316e-07,1.99368e-07,-5.05629e-07,0.0392435,2.79561e-07,-1.45224e-07,-1.68203e-07,0.0392435,-1.68203e-07,2.49536e-07,0.0392434,-1.18125e-08,1.99368e-07,3.00316e-07,1.99368e-07,-5.05629e-07,0.0840742,-4.86178e-08,-1.45439e-10,-4.86178e-08,0.037148,0.0392436,-8.6106e-08,0.0392436,-5.6144e-08,0.0392435,-1.68203e-07,2.49536e-07,0.0392436,-5.6144e-08,0.0840741
0.446674,1.19609,-7.00147e-09,6.85766e-09,-7.00147e-09,0.340068,-3.52865e-08,6.85766e-09,-3.52865e-08,0.340067,0.512081,-1.05246e-08,0.512081,-4.16517e-09,3.79693e-08,-1.05246e-08,3.79693e-08,2.20871e-08,0.512081,9.07922e-09,-5.67343e-08,-2.63585e-08,0.512081,-2.63585e-08,1.98267e-08,0.512081,-4.16517e-09,3.79693e-08,-1.05246e-08,3.79693e-08,2.20871e-08,1.19609,1.42098e-07,-2.90131e-08,1.42098e-07,0.340068,0.512081,-4.04571e-08,0.512081,8.17546e-09,0.512081,-2.63585e-08,1.98267e-08,0.512081,8.17546e-09,1.19609
0.401454,1.06589,9.29114e-08,-4.18743e-08,9.29114e-08,0.304467,3.82353e-08,-4.18743e-08,3.82353e-08,0.304466,0.459915,-5.51833e-08,0.459915,1.05064e-07,1.06007e-07,-5.51833e-08,1.06007e-07,3.27748e-08,0.459915,-6.30361e-08,-5.94527e-08,-6.15412e-08,0.459915,-6.15412e-08,4.54377e-08,0.459915,1.05064e-07,1.06007e-07,-5.51833e-08,1.06007e-07,3.27748e-08,1.06589,1.70752e-07,4.70624e-08,1.70752e-07,0.304468,0.459915,6.9275e-09,0.459915,-1.98108e-08,0.459915,-6.15412e-08,4.54377e-08,0.459915,-1.98108e-08,1.06589
0.356235,0.895574,2.09001e-07,-2.35818e-07,2.09001e-07,0.261467,7.25611e-08,-2.35818e-07,7.25611e-08,0.261467,0.393715,-5.44437e-08,0.393715,1.45788e-07,1.11724e-09,-5.44437e-08,1.11724e-09,4.54841e-08,0.393715,-7.91144e-08,5.84194e-08,-5.69037e-08,0.393715,-5.69037e-08,-6.87824e-09,0.393715,1.45788e-07,1.11724e-09,-5.44437e-08,1.11724e-09,4.54841e-08,0.895574,-8.60825e-09,5.82402e-08,-8.60825e-09,0.261468,0.393715,1.07357e-07,0.393715,9.63787e-08,0.393715,-5.69037e-08,-6.87824e-09,0.393715,9.63787e-08,0.895574
0.311016,0.673413,2.83321e-07,2.15768e-08,2.83321e-07,0.206032,3.35163e-09,2.15768e-08,3.35163e-09,0.206033,0.305308,-2.35774e-08,0.305308,2.47683e-08,-8.3626e-08,-2.35774e-08,-8.3626e-08,-4.81853e-07,0.305308,-3.77095e-08,2.40508e-07,2.56483e-08,0.305308,2.56483e-08,1.25425e-08,0.305308,2.47683e-08,-8.3626e-08,-2.35774e-08,-8.3626e-08,-4.81853e-07,0.673413,-3.55228e-07,-1.4024e-07,-3.55228e-07,0.206032,0.305308,-6.17565e-08,0.305308,-3.66563e-07,0.305308,2.56483e-08,1.25425e-08,0.305308,-3.66563e-07,0.673413
0.265797,0.364506,2.28021e-07,2.81052e-07,2.28021e-07,0.127648,-2.59338e-08,2.81052e-07,-2.59338e-08,0.127648,0.173534,-2.36077e-07,0.173534,-2.27371e-07,3.416e-07,-2.36077e-07,3.416e-07,3.59199e-07,0.173534,-1.53397e-07,-2.26947e-07,-4.37409e-07,0.173534,-4.37409e-07,1.90085e-07,0.173534,-2.27371e-07,3.416e-07,-2.36077e-07,3.416e-07,3.59199e-07,0.364506,-3.27475e-07,-3.2258e-07,-3.27475e-07,0.127648,0.173534,-2.36864e-07,0.173534,-1.64397e-07,0.173534,-4.37409e-07,1.90085e-07,0.173534,-1.64397e-07,0.364506
0.220578,0.219028,-2.63525e-07,-3.88798e-09,-2.63525e-07,0.0855547,7.48902e-08,-3.88798e-09,7.48902e-08,0.0855534,0.105067,-1.64842e-07,0.105067,-6.38575e-08,3.18099e-07,-1.64842e-07,3.18099e-07,4.77797e-07,0.105067,2.34441e-07,-2.4432e-07,1.02727e-07,0.105067,1.02727e-07,1.43763e-07,0.105067,-6.38575e-08,3.18099e-07,-1.64842e-07,3.18099e-07,4.77797e-07,0.219029,1.91153e-08,-8.79878e-08,1.91153e-08,0.0855546,0.105067,3.14094e-07,0.105067,1.06792e-07,0.105067,1.02727e-07,1.43763e-07,0.105067,1.06792e-07,0.219029
0.175358,0.126402,-3.07036e-07,1.10879e-07,-3.07036e-07,0.054975,-5.19483e-08,1.10879e-07,-5.19483e-08,0.0549745,0.0616083,6.53022e-09,0.0616083,-1.70379e-07,3.10684e-07,6.53022e-09,3.10684e-07,1.40747e-07,0.0616087,1.28751e-08,-2.04413e-07,-6.70757e-08,0.0616087,-6.70757e-08,1.44832e-07,0.0616083,-1.70379e-07,3.10684e-07,6.53022e-09,3.10684e-07,1.40747e-07,0.126403,2.74514e-07,6.5894e-08,2.74514e-07,0.0549749,0.0616086,-3.59104e-08,0.0616086,5.66523e-07,0.0616087,-6.70757e-08,1.44832e-07,0.0616086,5.66523e-07,0.126403
0.130139,0.0677711,-2.09579e-07,-8.68479e-08,-2.09579e-07,0.0314462,2.23153e-07,-8.68479e-08,2.23153e-07,0.0314469,0.0330134,1.79248e-07,0.0330134,1.67973e-07,2.67023e-07,1.79248e-07,2.67023e-07,-7.26568e-07,0.0330135,1.58314e-07,-2.8179e-07,-1.78189e-08,0.0330135,-1.78189e-08,2.13699e-08,0.0330134,1.67973e-07,2.67023e-07,1.79248e-07,2.67023e-07,-7.26568e-07,0.0677715,-6.035e-08,8.3159e-08,-6.035e-08,0.0314466,0.0330135,-1.13369e-08,0.0330135,3.52524e-07,0.0330135,-1.78189e-08,2.13699e-08,0.0330135,3.52524e-07,0.0677711
0.43492,1.16528,3.13303e-08,1.41409e-08,3.13303e-08,0.332106,-2.98626e-08,1.41409e-08,-2.98626e-08,0.332106,0.498916,-2.01434e-08,0.498916,2.26234e-08,5.45922e-08,-2.01434e-08,5.45922e-08,3.697e-08,0.498915,-4.63619e-08,-7.45354e-08,-1.40605e-08,0.498915,-1.40605e-08,2.93335e-09,0.498916,2.26234e-08,5.45922e-08,-2.01434e-08,5.45922e-08,3.697e-08,1.16528,1.37335e-07,-1.21953e-08,1.37335e-07,0.332107,0.498915,-2.47158e-08,0.498915,5.6783e-08,0.498915,-1.40605e-08,2.93335e-09,0.498915,5.6783e-08,1.16528
0.389701,1.03364,1.65199e-07,-5.3234e-08,1.65199e-07,0.29699,3.01941e-08,-5.3234e-08,3.01941e-08,0.296989,0.44678,-8.06141e-08,0.44678,1.16306e-07,9.87108e-08,-8.06141e-08,9.87108e-08,7.88711e-08,0.44678,-9.15749e-08,-6.59742e-08,-6.42318e-08,0.44678,-6.42318e-08,2.93591e-08,0.44678,1.16306e-07,9.87108e-08,-8.06141e-08,9.87108e-08,7.88711e-08,1.03364,1.43611e-07,8.53457e-08,1.43611e-07,0.296991,0.44678,3.59665e-08,0.44678,7.631e-08,0.44678,-6.42318e-08,2.93591e-08,0.44678,7.631e-08,1.03364
0.344482,0.781943,1.87422e-07,-3.0836e-07,1.87422e-07,0.234609,-5.82659e-09,-3.0836e-07,-5.82659e-09,0.234609,0.350348,-9.63393e-10,0.350348,1.86776e-07,-6.01189e-08,-9.63393e-10,-6.01189e-08,-2.43514e-07,0.350348,3.78632e-09,2.44292e-07,5.90387e-08,0.350348,5.90387e-08,-3.56009e-09,0.350348,1.86776e-07,-6.01189e-08,-9.63393e-10,-6.01189e-08,-2.43514e-07,0.781942,-2.74975e-07,7.25405e-08,-2.74975e-07,0.234608,0.350348,9.56731e-08,0.350348,-1.65411e-07,0.350348,5.90387e-08,-3.56009e-09,0.350348,-1.65411e-07,0.781943
0.299262,0.544223,3.06881e-07,3.27764e-07,3.06881e-07,0.176266,-7.89343e-10,3.27764e-07,-7.89343e-10,0.176269,0.254055,-3.20571e-07,0.254055,-5.99411e-07,-1.46863e-08,-3.20571e-07,-1.46863e-08,-5.36779e-07,0.254055,-3.95834e-07,-2.09391e-07,-1.17474e-07,0.254055,-1.17474e-07,2.27379e-07,0.254055,-5.99411e-07,-1.46863e-08,-3.20571e-07,-1.46863e-08,-5.36779e-07,0.544222,-4.02371e-07,-2.63831e-07,-4.02371e-07,0.176268,0.254055,-1.73493e-07,0.254055,-1.66264e-07,0.254055,-1.17474e-07,2.27379e-07,0.254055,-1.66264e-07,0.544222
0.254043,0.336971,3.72092e-07,3.80641e-07,3.72092e-07,0.118807,1.94136e-07,3.80641e-07,1.94136e-07,0.118806,0.159174,-1.6464e-07,0.159174,-1.98629e-07,3.08147e-07,-1.6464e-07,3.08147e-07,2.5428e-07,0.159174,-1.56798e-07,-1.79653e-07,-3.20525e-07,0.159174,-3.20525e-07,1.88433e-07,0.159174,-1.98629e-07,3.08147e-07,-1.6464e-07,3.08147e-07,2.5428e-07,0.336971,-1.38995e-07,-2.95408e-07,-1.38995e-07,0.118807,0.159175,-1.34745e-08,0.159175,-1.89573e-07,0.159174,-3.20525e-07,1.88433e-07,0.159175,-1.89573e-07,0.336972
0.208824,0.210114,-2.85242e-07,-5.35644e-08,-2.85242e-07,0.080739,7.45891e-08,-5.35644e-08,7.45891e-08,0.0807374,0.0986728,-1.95728e-07,0.0986728,-1.06034e-07,5.0723e-07,-1.95728e-07,5.0723e-07,5.8536e-07,0.098673,4.07431e-07,-3.07211e-08,1.82675e-08,0.098673,1.82675e-08,1.57511e-07,0.0986728,-1.06034e-07,5.0723e-07,-1.95728e-07,5.0723e-07,5.8536e-07,0.210114,1.33756e-07,-3.85813e-08,1.33756e-07,0.0807389,0.0986725,2.0281e-07,0.0986725,1.69224e-07,0.098673,1.82675e-08,1.57511e-07,0.0986725,1.69224e-07,0.210114
0.163605,0.126402,-3.07036e-07,1.10879e-07,-3.07036e-07,0.054975,-5.19483e-08,1.10879e-07,-5.19483e-08,0.0549745,0.0616083,6.53022e-09,0.0616083,-1.70379e-07,3.10684e-07,6.53022e-09,3.10684e-07,1.40747e-07,0.0616087,1.28751e-08,-2.04413e-07,-6.70757e-08,0.0616087,-6.70757e-08,1.44832e-07,0.0616083,-1.70379e-07,3.10684e-07,6.53022e-09,3.10684e-07,1.40747e-07,0.126403,2.74514e-07,6.5894e-08,2.74514e-07,0.0549749,0.0616086,-3.59104e-08,0.0616086,5.66523e-07,0.0616087,-6.70757e-08,1.44832e-07,0.0616086,5.66523e-07,0.126403
0.118386,0.0519367,-1.059e-08,-2.12185e-07,-1.059e-08,0.0248186,1.04479e-07,-2.12185e-07,1.04479e-07,0.0248191,0.0253704,7.63374e-09,0.0253704,-1.53191e-07,6.79247e-08,7.63374e-09,6.79247e-08,-1.33168e-07,0.0253705,5.72067e-08,-2.69055e-07,-6.73889e-08,0.0253705,-6.73889e-08,1.96921e-08,0.0253704,-1.53191e-07,6.79247e-08,7.63374e-09,6.79247e-08,-1.33168e-07,0.0519366,8.93521e-08,7.00736e-08,8.93521e-08,0.0248187,0.0253705,-5.23859e-08,0.0253705,6.67189e-08,0.0253705,-6.73889e-08,1.96921e-08,0.0253705,6.67189e-08,0.0519366
0.423166,1.14302,5.78461e-08,-1.29745e-08,5.78461e-08,0.325453,-1.93903e-08,-1.29745e-08,-1.93903e-08,0.325453,0.489927,-4.99613e-08,0.489927,3.30212e-08,7.77683e-08,-4.99613e-08,7.77683e-08,2.54721e-08,0.489927,-4.58984e-08,-7.30658e-08,-2.18055e-08,0.489927,-2.18055e-08,1.67776e-08,0.489927,3.30212e-08,7.77683e-08,-4.99613e-08,7.77683e-08,2.54721e-08,1.14302,1.62006e-07,2.45265e-08,1.62006e-07,0.325454,0.489927,2.08841e-08,0.489927,4.18462e-08,0.489927,-2.18055e-08,1.67776e-08,0.489927,4.18462e-08,1.14302
0.377947,0.966929,1.99152e-07,-1.06297e-07,1.99152e-07,0.279417,-6.59364e-10,-1.06297e-07,-6.59364e-10,0.279417,0.421528,-7.47895e-08,0.421528,9.54423e-08,-1.63225e-08,-7.47895e-08,-1.63225e-08,7.92364e-08,0.421528,-1.21936e-07,9.56348e-09,-2.51243e-08,0.421528,-2.51243e-08,-6.94174e-09,0.421528,9.54423e-08,-1.63225e-08,-7.47895e-08,-1.63225e-08,7.92364e-08,0.966929,-2.27047e-08,4.12859e-08,-2.27047e-08,0.279417,0.421528,8.70712e-09,0.421528,1.64903e-07,0.421528,-2.51243e-08,-6.94174e-09,0.421528,1.64903e-07,0.966929
0.332728,0.736144,1.59553e-07,-4.72598e-08,1.59553e-07,0.221211,4.44328e-09,-4.72598e-08,4.44328e-09,0.221212,0.330971,1.29953e-08,0.330971,5.17781e-08,-7.49223e-08,1.29953e-08,-7.49223e-08,-3.92548e-07,0.330971,1.82457e-09,2.04569e-07,5.79699e-08,0.330971,5.79699e-08,8.11887e-09,0.330971,5.17781e-08,-7.49223e-08,1.29953e-08,-7.49223e-08,-3.92548e-07,0.736144,-3.54283e-07,-4.38045e-08,-3.54283e-07,0.221211,0.330971,7.64692e-09,0.330971,-2.8744e-07,0.330971,5.79699e-08,8.11887e-09,0.330971,-2.8744e-07,0.736144
0.287509,0.517335,3.39085e-07,2.92425e-07,3.39085e-07,0.167623,-6.46621e-08,2.92425e-07,-6.46621e-08,0.167624,0.241304,-3.70913e-07,0.241304,-2.70268e-07,1.36286e-08,-3.70913e-07,1.36286e-08,-6.59171e-07,0.241304,-4.76944e-07,-3.32628e-07,-1.28953e-07,0.241304,-1.28953e-07,2.89698e-07,0.241304,-2.70268e-07,1.36286e-08,-3.70913e-07,1.36286e-08,-6.59171e-07,0.517334,-4.54062e-07,-2.87388e-07,-4.54062e-07,0.167624,0.241304,-2.75106e-07,0.241304,-2.22659e-07,0.241304,-1.28953e-07,2.89698e-07,0.241304,-2.22659e-07,0.517335
0.24229,0.336971,3.72092e-07,3.80641e-07,3.72092e-07,0.118807,1.94136e-07,3.80641e-07,1.94136e-07,0.118806,0.159174,-1.6464e-07,0.159174,-1.98629e-07,3.08147e-07,-1.6464e-07,3.08147e-07,2.5428e-07,0.159174,-1.56798e-07,-1.79653e-07,-3.20525e-07,0.159174,-3.20525e-07,1.88433e-07,0.159174,-1.98629e-07,3.08147e-07,-1.6464e-07,3.08147e-07,2.5428e-07,0.336971,-1.38995e-07,-2.95408e-07,-1.38995e-07,0.118807,0.159175,-1.34745e-08,0.159175,-1.89573e-07,0.159174,-3.20525e-07,1.88433e-07,0.159175,-1.89573e-07,0.336972
0.197071,0.164856,-5.61245e-07,-9.86359e-08,-5.61245e-07,0.0677216,1.0778e-07,-9.86359e-08,1.0778e-07,0.0677206,0.0785988,-1.35854e-07,0.0785988,-3.23099e-07,3.86994e-07,-1.35854e-07,3.86994e-07,5.39894e-07,0.0785991,2.41368e-07,4.71822e-07,1.34152e-07,0.0785991,1.34152e-07,6.7459e-08,0.0785988,-3.23099e-07,3.86994e-07,-1.35854e-07,3.86994e-07,5.39894e-07,0.164856,2.19148e-07,3.07283e-07,2.19148e-07,0.0677211,0.0785989,2.16568e-08,0.0785989,5.25579e-07,0.0785991,1.34152e-07,6.7459e-08,0.0785989,5.25579e-07,0.164856
0.151851,0.0840736,-3.45034e-07,-1.24573e-08,-3.45034e-07,0.0371481,6.35826e-09,-1.24573e-08,6.35826e-09,0.0371483,0.0392434,3.00316e-07,0.0392434,-1.18125e-08,1.99368e-07,3.00316e-07,1.99368e-07,-5.05629e-07,0.0392435,2.79561e-07,-1.45224e-07,-1.68203e-07,0.0392435,-1.68203e-07,2.49536e-07,0.0392434,-1.18125e-08,1.99368e-07,3.00316e-07,1.99368e-07,-5.05629e-07,0.0840742,-4.86178e-08,-1.45439e-10,-4.86178e-08,0.037148,0.0392436,-8.6106e-08,0.0392436,-5.6144e-08,0.0392435,-1.68203e-07,2.49536e-07,0.0392436,-5.6144e-08,0.0840741
0.106632,0.0519367,-1.059e-08,-2.12185e-07,-1.059e-08,0.0248186,1.04479e-07,-2.12185e-07,1.04479e-07,0.0248191,0.0253704,7.63374e-09,0.0253704,-1.53191e-07,6.79247e-08,7.63374e-09,6.79247e-08,-1.33168e-07,0.0253705,5.72067e-08,-2.69055e-07,-6.73889e-08,0.0253705,-6.73889e-08,1.96921e-08,0.0253704,-1.53191e-07,6.79247e-08,7.63374e-09,6.79247e-08,-1.33168e-07,0.0519366,8.93521e-08,7.00736e-08,8.93521e-08,0.0248187,0.0253705,-5.23859e-08,0.0253705,6.67189e-08,0.0253705,-6.73889e-08,1.96921e-08,0.0253705,6.67189e-08,0.0519366
0.411413,1.1251,6.25613e-08,-2.11678e-08,6.25613e-08,0.320746,-2.03003e-08,-2.11678e-08,-2.03003e-08,0.320746,0.483527,-5.12956e-08,0.483527,4.9425e-08,9.06209e-08,-5.12956e-08,9.06209e-08,3.08308e-08,0.483527,-5.02884e-08,-7.85382e-08,-3.57075e-08,0.483527,-3.57075e-08,1.83874e-08,0.483527,4.9425e-08,9.06209e-08,-5.12956e-08,9.06209e-08,3.08308e-08,1.1251,1.69974e-07,1.73474e-08,1.69974e-07,0.320747,0.483527,1.27731e-08,0.483527,2.91644e-08,0.483527,-3.57075e-08,1.83874e-08,0.483527,2.91644e-08,1.1251
0.366194,0.948658,1.06838e-07,-1.10602e-07,1.06838e-07,0.274803,1.38795e-08,-1.10602e-07,1.38795e-08,0.274802,0.415002,-5.18158e-08,0.415002,1.01165e-07,-6.82361e-10,-5.18158e-08,-6.82361e-10,8.01721e-08,0.415003,-9.32274e-08,1.49272e-08,-5.16367e-08,0.415003,-5.16367e-08,-2.07975e-08,0.415002,1.01165e-07,-6.82361e-10,-5.18158e-08,-6.82361e-10,8.01721e-08,0.948658,-2.38076e-08,2.32945e-08,-2.38076e-08,0.274803,0.415002,-1.57145e-08,0.415002,1.54395e-07,0.415003,-5.16367e-08,-2.07975e-08,0.415002,1.54395e-07,0.948658
0.320975,0.673413,2.83321e-07,2.15768e-08,2.83321e-07,0.206032,3.35163e-09,2.15768e-08,3.35163e-09,0.206033,0.305308,-2.35774e-08,0.305308,2.47683e-08,-8.3626e-08,-2.35774e-08,-8.3626e-08,-4.81853e-07,0.305308,-3.77095e-08,2.40508e-07,2.56483e-08,0.305308,2.56483e-08,1.25425e-08,0.305308,2.47683e-08,-8.3626e-08,-2.35774e-08,-8.3626e-08,-4.81853e-07,0.673413,-3.55228e-07,-1.4024e-07,-3.55228e-07,0.206032,0.305308,-6.17565e-08,0.305308,-3.66563e-07,0.305308,2.56483e-08,1.25425e-08,0.305308,-3.66563e-07,0.673413
0.275755,0.423054,4.58332e-07,2.65398e-07,4.58332e-07,0.138634,-1.76497e-07,2.65398e-07,-1.76497e-07,0.138633,0.194781,-3.88414e-07,0.194781,-4.01834e-09,2.02983e-07,-3.88414e-07,2.02983e-07,-3.75272e-07,0.194781,-3.58539e-07,-1.45381e-07,-3.4025e-07,0.194781,-3.4025e-07,1.89815e-07,0.194781,-4.01834e-09,2.02983e-07,-3.88414e-07,2.02983e-07,-3.75272e-07,0.423052,-3.6037e-07,-3.52081e-07,-3.6037e-07,0.138634,0.194781,-2.08791e-07,0.194781,-3.36052e-08,0.194781,-3.4025e-07,1.89815e-07,0.194781,-3.36052e-08,0.423053
0.230536,0.261061,9.71779e-09,-1.30279e-07,9.71779e-09,0.0984203,-1.07957e-07,-1.30279e-07,-1.07957e-07,0.0984193,0.124456,2.8984e-08,0.124456,-7.88217e-08,3.87587e-07,2.8984e-08,3.87587e-07,5.17884e-07,0.124456,2.64789e-08,-1.78925e-07,-3.36902e-07,0.124456,-3.36902e-07,1.1865e-07,0.124456,-7.88217e-08,3.87587e-07,2.8984e-08,3.87587e-07,5.17884e-07,0.26106,1.19146e-07,-2.54164e-08,1.19146e-07,0.0984209,0.124456,4.26298e-07,0.124456,2.1928e-07,0.124456,-3.36902e-07,1.1865e-07,0.124456,2.1928e-07,0.26106
0.185317,0.164856,-5.61245e-07,-9.86359e-08,-5.61245e-07,0.0677216,1.0778e-07,-9.86359e-08,1.0778e-07,0.0677206,0.0785988,-1.35854e-07,0.0785988,-3.23099e-07,3.86994e-07,-1.35854e-07,3.86994e-07,5.39894e-07,0.0785991,2.41368e-07,4.71822e-07,1.34152e-07,0.0785991,1.34152e-07,6.7459e-08,0.0785988,-3.23099e-07,3.86994e-07,-1.35854e-07,3.86994e-07,5.39894e-07,0.164856,2.19148e-07,3.07283e-07,2.19148e-07,0.0677211,0.0785989,2.16568e-08,0.0785989,5.25579e-07,0.0785991,1.34152e-07,6.7459e-08,0.0785989,5.25579e-07,0.164856
0.140098,0.0840736,-3.45034e-07,-1.24573e-08,-3.45034e-07,0.0371481,6.35826e-09,-1.24573e-08,6.35826e-09,0.0371483,0.0392434,3.00316e-07,0.0392434,-1.18125e-08,1.99368e-07,3.00316e-07,1.99368e-07,-5.05629e-07,0.0392435,2.79561e-07,-1.45224e-07,-1.68203e-07,0.0392435,-1.68203e-07,2.49536e-07,0.0392434,-1.18125e-08,1.99368e-07,3.00316e-07,1.99368e-07,-5.05629e-07,0.0840742,-4.86178e-08,-1.45439e-10,-4.86178e-08,0.037148,0.0392436,-8.6106e-08,0.0392436,-5.6144e-08,0.0392435,-1.68203e-07,2.49536e-07,0.0392436,-5.6144e-08,0.0840741
0.444879,1.19609,-7.00147e-09,6.85766e-09,-7.00147e-09,0.340068,-3.52865e-08,6.85766e-09,-3.52865e-08,0.340067,0.512081,-1.05246e-08,0.512081,-4.16517e-09,3.79693e-08,-1.05246e-08,3.79693e-08,2.20871e-08,0.512081,9.07922e-09,-5.67343e-08,-2.63585e-08,0.512081,-2.63585e-08,1.98267e-08,0.512081,-4.16517e-09,3.79693e-08,-1.05246e-08,3.79693e-08,2.20871e-08,1.19609,1.42098e-07,-2.90131e-08,1.42098e-07,0.340068,0.512081,-4.04571e-08,0.512081,8.17546e-09,0.512081,-2.63585e-08,1.98267e-08,0.512081,8.17546e-09,1.19609
0.399659,1.06589,9.29114e-08,-4.18743e-08,9.29114e-08,0.304467,3.82353e-08,-4.18743e-08,3.82353e-08,0.304466,0.459915,-5.51833e-08,0.459915,1.05064e-07,1.06007e-07,-5.51833e-08,1.06007e-07,3.27748e-08,0.459915,-6.30361e-08,-5.94527e-08,-6.15412e-08,0.459915,-6.15412e-08,4.54377e-08,0.459915,1.05064e-07,1.06007e-07,-5.51833e-08,1.06007e-07,3.27748e-08,1.06589,1.70752e-07,4.70624e-08,1.70752e-07,0.304468,0.459915,6.9275e-09,0.459915,-1.98108e-08,0.459915,-6.15412e-08,4.54377e-08,0.459915,-1.98108e-08,1.06589
0.35444,0.838354,2.55701e-07,-2.34326e-07,2.55701e-07,0.24913,6.21509e-08,-2.34326e-07,6.21509e-08,0.24913,0.37241,-2.04678e-09,0.37241,1.60601e-07,-5.00914e-08,-2.04678e-09,-5.00914e-08,3.38878e-08,0.37241,-4.24624e-09,1.18674e-07,-1.16554e-08,0.37241,-1.16554e-08,1.13767e-08,0.37241,1.60601e-07,-5.00914e-08,-2.04678e-09,-5.00914e-08,3.38878e-08,0.838354,-1.0678e-07,8.1344e-08,-1.0678e-07,0.24913,0.37241,1.32446e-07,0.37241,3.81222e-08,0.37241,-1.16554e-08,1.13767e-08,0.37241,3.81222e-08,0.838354
0.309221,0.579668,3.52156e-07,1.14057e-07,3.52156e-07,0.183724,-5.52255e-09,1.14057e-07,-5.52255e-09,0.183726,0.268076,-4.74357e-08,0.268076,-3.97806e-07,1.4343e-10,-4.74357e-08,1.4343e-10,-5.11603e-07,0.268076,-2.65275e-07,-2.24882e-07,-1.09976e-07,0.268076,-1.09976e-07,3.05701e-07,0.268076,-3.97806e-07,1.4343e-10,-4.74357e-08,1.4343e-10,-5.11603e-07,0.579667,-3.63514e-07,-2.73547e-07,-3.63514e-07,0.183726,0.268076,-1.75772e-07,0.268076,-3.32527e-08,0.268076,-1.09976e-07,3.05701e-07,0.268076,-3.32527e-08,0.579667
0.264002,0.364506,2.28021e-07,2.81052e-07,2.28021e-07,0.127648,-2.59338e-08,2.81052e-07,-2.59338e-08,0.127648,0.173534,-2.36077e-07,0.173534,-2.27371e-07,3.416e-07,-2.36077e-07,3.416e-07,3.59199e-07,0.173534,-1.53397e-07,-2.26947e-07,-4.37409e-07,0.173534,-4.37409e-07,1.90085e-07,0.173534,-2.27371e-07,3.416e-07,-2.36077e-07,3.416e-07,3.59199e-07,0.364506,-3.27475e-07,-3.2258e-07,-3.27475e-07,0.127648,0.173534,-2.36864e-07,0.173534,-1.64397e-07,0.173534,-4.37409e-07,1.90085e-07,0.173534,-1.64397e-07,0.364506
0.218783,0.219028,-2.63525e-07,-3.88798e-09,-2.63525e-07,0.0855547,7.48902e-08,-3.88798e-09,7.48902e-08,0.0855534,0.105067,-1.64842e-07,0.105067,-6.38575e-08,3.18099e-07,-1.64842e-07,3.18099e-07,4.77797e-07,0.105067,2.34441e-07,-2.4432e-07,1.02727e-07,0.105067,1.02727e-07,1.43763e-07,0.105067,-6.38575e-08,3.18099e-07,-1.64842e-07,3.18099e-07,4.77797e-07,0.219029,1.91153e-08,-8.79878e-08,1.91153e-08,0.0855546,0.105067,3.14094e-07,0.105067,1.06792e-07,0.105067,1.02727e-07,1.43763e-07,0.105067,1.06792e-07,0.219029
0.173563,0.126402,-3.07036e-07,1.10879e-07,-3.07036e-07,0.054975,-5.19483e-08,1.10879e-07,-5.19483e-08,0.0549745,0.0616083,6.53022e-09,0.0616083,-1.70379e-07,3.10684e-07,6.53022e-09,3.10684e-07,1.40747e-07,0.0616087,1.28751e-08,-2.04413e-07,-6.70757e-08,0.0616087,-6.70757e-08,1.44832e-07,0.0616083,-1.70379e-07,3.10684e-07,6.53022e-09,3.10684e-07,1.40747e-07,0.126403,2.74514e-07,6.5894e-08,2.74514e-07,0.0549749,0.0616086,-3.59104e-08,0.0616086,5.66523e-07,0.0616087,-6.70757e-08,1.44832e-07,0.0616086,5.66523e-07,0.126403
0.128344,0.0519367,-1.059e-08,-2.12185e-07,-1.059e-08,0.0248186,1.04479e-07,-2.12185e-07,1.04479e-07,0.0248191,0.0253704,7.63374e-09,0.0253704,-1.53191e-07,6.79247e-08,7.63374e-09,6.79247e-08,-1.33168e-07,0.0253705,5.72067e-08,-2.69055e-07,-6.73889e-08,0.0253705,-6.73889e-08,1.96921e-08,0.0253704,-1.53191e-07,6.79247e-08,7.63374e-09,6.79247e-08,-1.33168e-07,0.0519366,8.93521e-08,7.00736e-08,8.93521e-08,0.0248187,0.0253705,-5.23859e-08,0.0253705,6.67189e-08,0.0253705,-6.73889e-08,1.96921e-08,0.0253705,6.67189e-08,0.0519366
0.433125,1.16528,3.13303e-08,1.41409e-08,3.13303e-08,0.332106,-2.98626e-08,1.41409e-08,-2.98626e-08,0.332106,0.498916,-2.01434e-08,0.498916,2.26234e-08,5.45922e-08,-2.01434e-08,5.45922e-08,3.697e-08,0.498915,-4.63619e-08,-7.45354e-08,-1.40605e-08,0.498915,-1.40605e-08,2.93335e-09,0.498916,2.26234e-08,5.45922e-08,-2.01434e-08,5.45922e-08,3.697e-08,1.16528,1.37335e-07,-1.21953e-08,1.37335e-07,0.332107,0.498915,-2.47158e-08,0.498915,5.6783e-08,0.498915,-1.40605e-08,2.93335e-09,0.498915,5.6783e-08,1.16528
0.387906,1.03364,1.65199e-07,-5.3234e-08,1.65199e-07,0.29699,3.01941e-08,-5.3234e-08,3.01941e-08,0.296989,0.44678,-8.06141e-08,0.44678,1.16306e-07,9.87108e-08,-8.06141e-08,9.87108e-08,7.88711e-08,0.44678,-9.15749e-08,-6.59742e-08,-6.42318e-08,0.44678,-6.42318e-08,2.93591e-08,0.44678,1.16306e-07,9.87108e-08,-8.06141e-08,9.87108e-08,7.88711e-08,1.03364,1.43611e-07,8.53457e-08,1.43611e-07,0.296991,0.44678,3.59665e-08,0.44678,7.631e-08,0.44678,-6.42318e-08,2.93591e-08,0.44678,7.631e-08,1.03364
0.342687,0.736144,1.59553e-07,-4.72598e-08,1.59553e-07,0.221211,4.44328e-09,-4.72598e-08,4.44328e-09,0.221212,0.330971,1.29953e-08,0.330971,5.17781e-08,-7.49223e-08,1.29953e-08,-7.49223e-08,-3.92548e-07,0.330971,1.82457e-09,2.04569e-07,5.79699e-08,0.330971,5.79699e-08,8.11887e-09,0.330971,5.17781e-08,-7.49223e-08,1.29953e-08,-7.49223e-08,-3.92548e-07,0.736144,-3.54283e-07,-4.38045e-08,-3.54283e-07,0.221211,0.330971,7.64692e-09,0.330971,-2.8744e-07,0.330971,5.79699e-08,8.11887e-09,0.330971,-2.8744e-07,0.736144
0.297467,0.544223,3.06881e-07,3.27764e-07,3.06881e-07,0.176266,-7.89343e-10,3.27764e-07,-7.89343e-10,0.176269,0.254055,-3.20571e-07,0.254055,-5.99411e-07,-1.46863e-08,-3.20571e-07,-1.46863e-08,-5.36779e-07,0.254055,-3.95834e-07,-2.09391e-07,-1.17474e-07,0.254055,-1.17474e-07,2.27379e-07,0.254055,-5.99411e-07,-1.46863e-08,-3.20571e-07,-1.46863e-08,-5.36779e-07,0.544222,-4.02371e-07,-2.63831e-07,-4.02371e-07,0.176268,0.254055,-1.73493e-07,0.254055,-1.66264e-07,0.254055,-1.17474e-07,2.27379e-07,0.254055,-1.66264e-07,0.544222
0.252248,0.336971,3.72092e-07,3.80641e-07,3.72092e-07,0.118807,1.94136e-07,3.80641e-07,1.94136e-07,0.118806,0.159174,-1.6464e-07,0.159174,-1.98629e-07,3.08147e-07,-1.6464e-07,3.08147e-07,2.5428e-07,0.159174,-1.56798e-07,-1.79653e-07,-3.20525e-07,0.159174,-3.20525e-07,1.88433e-07,0.159174,-1.98629e-07,3.08147e-07,-1.6464e-07,3.08147e-07,2.5428e-07,0.336971,-1.38995e-07,-2.95408e-07,-1.38995e-07,0.118807,0.159175,-1.34745e-08,0.159175,-1.89573e-07,0.159174,-3.20525e-07,1.88433e-07,0.159175,-1.89573e-07,0.336972
0.207029,0.210114,-2.85242e-07,-5.35644e-08,-2.85242e-07,0.080739,7.45891e-08,-5.35644e-08,7.45891e-08,0.0807374,0.0986728,-1.95728e-07,0.0986728,-1.06034e-07,5.0723e-07,-1.95728e-07,5.0723e-07,5.8536e-07,0.098673,4.07431e-07,-3.07211e-08,1.82675e-08,0.098673,1.82675e-08,1.57511e-07,0.0986728,-1.06034e-07,5.0723e-07,-1.95728e-07,5.0723e-07,5.8536e-07,0.210114,1.33756e-07,-3.85813e-08,1.33756e-07,0.0807389,0.0986725,2.0281e-07,0.0986725,1.69224e-07,0.098673,1.82675e-08,1.57511e-07,0.0986725,1.69224e-07,0.210114
0.16181,0.0918008,-2.84429e-07,-9.07326e-08,-2.84429e-07,0.041319,1.82388e-08,-9.07326e-08,1.82388e-08,0.0413195,0.044073,2.96407e-07,0.044073,-1.35435e-07,2.25846e-07,2.96407e-07,2.25846e-07,-4.56919e-07,0.0440732,2.39609e-07,1.85313e-08,-2.04935e-07,0.0440732,-2.04935e-07,5.99149e-08,0.044073,-1.35435e-07,2.25846e-07,2.96407e-07,2.25846e-07,-4.56919e-07,0.091802,6.29211e-08,-3.12901e-08,6.29211e-08,0.0413192,0.0440732,-1.60724e-07,0.0440732,2.3817e-07,0.0440732,-2.04935e-07,5.99149e-08,0.0440732,2.3817e-07,0.0918022
0.116591,0.0519367,-1.059e-08,-2.12185e-07,-1.059e-08,0.0248186,1.04479e-07,-2.12185e-07,1.04479e-07,0.0248191,0.0253704,7.63374e-09,0.0253704,-1.53191e-07,6.79247e-08,7.63374e-09,6.79247e-08,-1.33168e-07,0.0253705,5.72067e-08,-2.69055e-07,-6.73889e-08,0.0253705,-6.73889e-08,1.96921e-08,0.0253704,-1.53191e-07,6.79247e-08,7.63374e-09,6.79247e-08,-1.33168e-07,0.0519366,8.93521e-08,7.00736e-08,8.93521e-08,0.0248187,0.0253705,-5.23859e-08,0.0253705,6.67189e-08,0.0253705,-6.73889e-08,1.96921e-08,0.0253705,6.67189e-08,0.0519366
0.421372,1.14302,5.78461e-08,-1.29745e-08,5.78461e-08,0.325453,-1.93903e-08,-1.29745e-08,-1.93903e-08,0.325453,0.489927,-4.99613e-08,0.489927,3.30212e-08,7.77683e-08,-4.99613e-08,7.77683e-08,2.54721e-08,0.489927,-4.58984e-08,-7.30658e-08,-2.18055e-08,0.489927,-2.18055e-08,1.67776e-08,0.489927,3.30212e-08,7.77683e-08,-4.99613e-08,7.77683e-08,2.54721e-08,1.14302,1.62006e-07,2.45265e-08,1.62006e-07,0.325454,0.489927,2.08841e-08,0.489927,4.18462e-08,0.489927,-2.18055e-08,1.67776e-08,0.489927,4.18462e-08,1.14302
0.376152,0.966929,1.99152e-07,-1.06297e-07,1.99152e-07,0.279417,-6.59364e-10,-1.06297e-07,-6.59364e-10,0.279417,0.421528,-7.47895e-08,0.421528,9.54423e-08,-1.63225e-08,-7.47895e-08,-1.63225e-08,7.92364e-08,0.421528,-1.21936e-07,9.56348e-09,-2.51243e-08,0.421528,-2.51243e-08,-6.94174e-09,0.421528,9.54423e-08,-1.63225e-08,-7.47895e-08,-1.63225e-08,7.92364e-08,0.966929,-2.27047e-08,4.12859e-08,-2.27047e-08,0.279417,0.421528,8.70712e-09,0.421528,1.64903e-07,0.421528,-2.51243e-08,-6.94174e-09,0.421528,1.64903e-07,0.966929
0.330933,0.704711,8.89649e-08,-3.34247e-08,8.89649e-08,0.21247,-4.98058e-08,-3.34247e-08,-4.98058e-08,0.212471,0.317261,-1.95722e-09,0.317261,3.81472e-08,-3.55154e-08,-1.95722e-09,-3.55154e-08,-5.0057e-07,0.317261,-1.43074e-08,2.16395e-07,-3.31006e-08,0.317261,-3.31006e-08,3.87306e-08,0.317261,3.81472e-08,-3.55154e-08,-1.95722e-09,-3.55154e-08,-5.0057e-07,0.704711,-3.59012e-07,-6.08585e-08,-3.59012e-07,0.21247,0.317261,-2.24959e-08,0.317261,-3.65157e-07,0.317261,-3.31006e-08,3.87306e-08,0.317261,-3.65157e-07,0.704711
0.285714,0.517335,3.39085e-07,2.92425e-07,3.39085e-07,0.167623,-6.46621e-08,2.92425e-07,-6.46621e-08,0.167624,0.241304,-3.70913e-07,0.241304,-2.70268e-07,1.36286e-08,-3.70913e-07,1.36286e-08,-6.59171e-07,0.241304,-4.76944e-07,-3.32628e-07,-1.28953e-07,0.241304,-1.28953e-07,2.89698e-07,0.241304,-2.70268e-07,1.36286e-08,-3.70913e-07,1.36286e-08,-6.59171e-07,0.517334,-4.54062e-07,-2.87388e-07,-4.54062e-07,0.167624,0.241304,-2.75106e-07,0.241304,-2.22659e-07,0.241304,-1.28953e-07,2.89698e-07,0.241304,-2.22659e-07,0.517335
0.240495,0.336971,3.72092e-07,3.80641e-07,3.72092e-07,0.118807,1.94136e-07,3.80641e-07,1.94136e-07,0.118806,0.159174,-1.6464e-07,0.159174,-1.98629e-07,3.08147e-07,-1.6464e-07,3.08147e-07,2.5428e-07,0.159174,-1.56798e-07,-1.79653e-07,-3.20525e-07,0.159174,-3.20525e-07,1.88433e-07,0.159174,-1.98629e-07,3.08147e-07,-1.6464e-07,3.08147e-07,2.5428e-07,0.336971,-1.38995e-07,-2.95408e-07,-1.38995e-07,0.118807,0.159175,-1.34745e-08,0.159175,-1.89573e-07,0.159174,-3.20525e-07,1.88433e-07,0.159175,-1.89573e-07,0.336972
0.195276,0.164856,-5.61245e-07,-9.86359e-08,-5.61245e-07,0.0677216,1.0778e-07,-9.86359e-08,1.0778e-07,0.0677206,0.0785988,-1.35854e-07,0.0785988,-3.23099e-07,3.86994e-07,-1.35854e-07,3.86994e-07,5.39894e-07,0.0785991,2.41368e-07,4.71822e-07,1.34152e-07,0.0785991,1.34152e-07,6.7459e-08,0.0785988,-3.23099e-07,3.86994e-07,-1.35854e-07,3.86994e-07,5.39894e-07,0.164856,2.19148e-07,3.07283e-07,2.19148e-07,0.0677211,0.0785989,2.16568e-08,0.0785989,5.25579e-07,0.0785991,1.34152e-07,6.7459e-08,0.0785989,5.25579e-07,0.164856
0.150056,0.0840736,-3.45034e-07,-1.24573e-08,-3.45034e-07,0.0371481,6.35826e-09,-1.24573e-08,6.35826e-09,0.0371483,0.0392434,3.00316e-07,0.0392434,-1.18125e-08,1.99368e-07,3.00316e-07,1.99368e-07,-5.05629e-07,0.0392435,2.79561e-07,-1.45224e-07,-1.68203e-07,0.0392435,-1.68203e-07,2.49536e-07,0.0392434,-1.18125e-08,1.99368e-07,3.00316e-07,1.99368e-07,-5.05629e-07,0.0840742,-4.86178e-08,-1.45439e-10,-4.86178e-08,0.037148,0.0392436,-8.6106e-08,0.0392436,-5.6144e-08,0.0392435,-1.68203e-07,2.49536e-07,0.0392436,-5.6144e-08,0.0840741
0.104837,0.0519367,-1.059e-08,-2.12185e-07,-1.059e-08,0.0248186,1.04479e-07,-2.12185e-07,1.04479e-07,0.0248191,0.0253704,7.63374e-09,0.0253704,-1.53191e-07,6.79247e-08,7.63374e-09,6.79247e-08,-1.33168e-07,0.0253705,5.72067e-08,-2.69055e-07,-6.73889e-08,0.0253705,-6.73889e-08,1.96921e-08,0.0253704,-1.53191e-07,6.79247e-08,7.63374e-09,6.79247e-08,-1.33168e-07,0.0519366,8.93521e-08,7.00736e-08,8.93521e-08,0.0248187,0.0253705,-5.23859e-08,0.0253705,6.67189e-08,0.0253705,-6.73889e-08,1.96921e-08,0.0253705,6.67189e-08,0.0519366
0.409618,1.1251,6.25613e-08,-2.11678e-08,6.25613e-08,0.320746,-2.03003e-08,-2.11678e-08,-2.03003e-08,0.320746,0.483527,-5.12956e-08,0.483527,4.9425e-08,9.06209e-08,-5.12956e-08,9.06209e-08,3.08308e-08,0.483527,-5.02884e-08,-7.85382e-08,-3.57075e-08,0.483527,-3.57075e-08,1.83874e-08,0.483527,4.9425e-08,9.06209e-08,-5.12956e-08,9.06209e-08,3.08308e-08,1.1251,1.69974e-07,1.73474e-08,1.69974e-07,0.320747,0.483527,1.27731e-08,0.483527,2.91644e-08,0.483527,-3.57075e-08,1.83874e-08,0.483527,2.91644e-08,1.1251
0.364399,0.916487,2.47827e-07,-2.09412e-07,2.47827e-07,0.26671,5.43274e-08,-2.09412e-07,5.43274e-08,0.26671,0.401697,-6.23895e-08,0.401697,1.1692e-07,-4.56979e-09,-6.23895e-08,-4.56979e-09,5.95346e-08,0.401697,-8.72003e-08,4.56485e-08,-3.67171e-08,0.401697,-3.67171e-08,2.26067e-10,0.401697,1.1692e-07,-4.56979e-09,-6.23895e-08,-4.56979e-09,5.95346e-08,0.916487,5.73277e-09,5.99588e-08,5.73277e-09,0.266711,0.401697,9.81361e-08,0.401697,1.14716e-07,0.401697,-3.67171e-08,2.26067e-10,0.401697,1.14716e-07,0.916487
0.31918,0.673413,2.83321e-07,2.15768e-08,2.83321e-07,0.206032,3.35163e-09,2.15768e-08,3.35163e-09,0.206033,0.305308,-2.35774e-08,0.305308,2.47683e-08,-8.3626e-08,-2.35774e-08,-8.3626e-08,-4.81853e-07,0.305308,-3.77095e-08,2.40508e-07,2.56483e-08,0.305308,2.56483e-08,1.25425e-08,0.305308,2.47683e-08,-8.3626e-08,-2.35774e-08,-8.3626e-08,-4.81853e-07,0.673413,-3.55228e-07,-1.4024e-07,-3.55228e-07,0.206032,0.305308,-6.17565e-08,0.305308,-3.66563e-07,0.305308,2.56483e-08,1.25425e-08,0.305308,-3.66563e-07,0.673413
0.27396,0.423054,4.58332e-07,2.65398e-07,4.58332e-07,0.138634,-1.76497e-07,2.65398e-07,-1.76497e-07,0.138633,0.194781,-3.88414e-07,0.194781,-4.01834e-09,2.02983e-07,-3.88414e-07,2.02983e-07,-3.75272e-07,0.194781,-3.58539e-07,-1.45381e-07,-3.4025e-07,0.194781,-3.4025e-07,1.89815e-07,0.194781,-4.01834e-09,2.02983e-07,-3.88414e-07,2.02983e-07,-3.75272e-07,0.423052,-3.6037e-07,-3.52081e-07,-3.6037e-07,0.138634,0.194781,-2.08791e-07,0.194781,-3.36052e-08,0.194781,-3.4025e-07,1.89815e-07,0.194781,-3.36052e-08,0.423053
0.228741,0.261061,9.71779e-09,-1.30279e-07,9.71779e-09,0.0984203,-1.07957e-07,-1.30279e-07,-1.07957e-07,0.0984193,0.124456,2.8984e-08,0.124456,-7.88217e-08,3.87587e-07,2.8984e-08,3.87587e-07,5.17884e-07,0.124456,2.64789e-08,-1.78925e-07,-3.36902e-07,0.124456,-3.36902e-07,1.1865e-07,0.124456,-7.88217e-08,3.87587e-07,2.8984e-08,3.87587e-07,5.17884e-07,0.26106,1.19146e-07,-2.54164e-08,1.19146e-07,0.0984209,0.124456,4.26298e-07,0.124456,2.1928e-07,0.124456,-3.36902e-07,1.1865e-07,0.124456,2.1928e-07,0.26106
0.183522,0.164856,-5.61245e-07,-9.86359e-08,-5.61245e-07,0.0677216,1.0778e-07,-9.86359e-08,1.0778e-07,0.0677206,0.0785988,-1.35854e-07,0.0785988,-3.23099e-07,3.86994e-07,-1.35854e-07,3.86994e-07,5.39894e-07,0.0785991,2.41368e-07,4.71822e-07,1.34152e-07,0.0785991,1.34152e-07,6.7459e-08,0.0785988,-3.23099e-07,3.86994e-07,-1.35854e-07,3.86994e-07,5.39894e-07,0.164856,2.19148e-07,3.07283e-07,2.19148e-07,0.0677211,0.0785989,2.16568e-08,0.0785989,5.25579e-07,0.0785991,1.34152e-07,6.7459e-08,0.0785989,5.25579e-07,0.164856
0.138303,0.0840736,-3.45034e-07,-1.24573e-08,-3.45034e-07,0.0371481,6.35826e-09,-1.24573e-08,6.35826e-09,0.0371483,0.0392434,3.00316e-07,0.0392434,-1.18125e-08,1.99368e-07,3.00316e-07,1.99368e-07,-5.05629e-07,0.0392435,2.79561e-07,-1.45224e-07,-1.68203e-07,0.0392435,-1.68203e-07,2.49536e-07,0.0392434,-1.18125e-08,1.99368e-07,3.00316e-07,1.99368e-07,-5.05629e-07,0.0840742,-4.86178e-08,-1.45439e-10,-4.86178e-08,0.037148,0.0392436,-8.6106e-08,0.0392436,-5.6144e-08,0.0392435,-1.68203e-07,2.49536e-07,0.0392436,-5.6144e-08,0.0840741
0.443084,1.19609,-7.00147e-09,6.85766e-09,-7.00147e-09,0.340068,-3.52865e-08,6.85766e-09,-3.52865e-08,0.340067,0.512081,-1.05246e-08,0.512081,-4.16517e-09,3.79693e-08,-1.05246e-08,3.79693e-08,2.20871e-08,0.512081,9.07922e-09,-5.67343e-08,-2.63585e-08,0.512081,-2.63585e-08,1.98267e-08,0.512081,-4.16517e-09,3.79693e-08,-1.05246e-08,3.79693e-08,2.20871e-08,1.19609,1.42098e-07,-2.90131e-08,1.42098e-07,0.340068,0.512081,-4.04571e-08,0.512081,8.17546e-09,0.512081,-2.63585e-08,1.98267e-08,0.512081,8.17546e-09,1.19609
0.397864,1.03364,1.65199e-07,-5.3234e-08,1.65199e-07,0.29699,3.01941e-08,-5.3234e-08,3.01941e-08,0.296989,0.44678,-8.06141e-08,0.44678,1.16306e-07,9.87108e-08,-8.06141e-08,9.87108e-08,7.88711e-08,0.44678,-9.15749e-08,-6.59742e-08,-6.42318e-08,0.44678,-6.42318e-08,2.93591e-08,0.44678,1.16306e-07,9.87108e-08,-8.06141e-08,9.87108e-08,7.88711e-08,1.03364,1.43611e-07,8.53457e-08,1.43611e-07,0.296991,0.44678,3.59665e-08,0.44678,7.631e-08,0.44678,-6.42318e-08,2.93591e-08,0.44678,7.631e-08,1.03364
0.352645,0.838354,2.55701e-07,-2.34326e-07,2.55701e-07,0.24913,6.21509e-08,-2.34326e-07,6.21509e-08,0.24913,0.37241,-2.04678e-09,0.37241,1.60601e-07,-5.00914e-08,-2.04678e-09,-5.00914e-08,3.38878e-08,0.37241,-4.24624e-09,1.18674e-07,-1.16554e-08,0.37241,-1.16554e-08,1.13767e-08,0.37241,1.60601e-07,-5.00914e-08,-2.04678e-09,-5.00914e-08,3.38878e-08,0.838354,-1.0678e-07,8.1344e-08,-1.0678e-07,0.24913,0.37241,1.32446e-07,0.37241,3.81222e-08,0.37241,-1.16554e-08,1.13767e-08,0.37241,3.81222e-08,0.838354
0.307426,0.544223,3.06881e-07,3.27764e-07,3.06881e-07,0.176266,-7.89343e-10,3.27764e-07,-7.89343e-10,0.176269,0.254055,-3.20571e-07,0.254055,-5.99411e-07,-1.46863e-08,-3.20571e-07,-1.46863e-08,-5.36779e-07,0.254055,-3.95834e-07,-2.09391e-07,-1.17474e-07,0.254055,-1.17474e-07,2.27379e-07,0.254055,-5.99411e-07,-1.46863e-08,-3.20571e-07,-1.46863e-08,-5.36779e-07,0.544222,-4.02371e-07,-2.63831e-07,-4.02371e-07,0.176268,0.254055,-1.73493e-07,0.254055,-1.66264e-07,0.254055,-1.17474e-07,2.27379e-07,0.254055,-1.66264e-07,0.544222
0.262207,0.364506,2.28021e-07,2.81052e-07,2.28021e-07,0.127648,-2.59338e-08,2.81052e-07,-2.59338e-08,0.127648,0.173534,-2.36077e-07,0.173534,-2.27371e-07,3.416e-07,-2.36077e-07,3.416e-07,3.59199e-07,0.173534,-1.53397e-07,-2.26947e-07,-4.37409e-07,0.173534,-4.37409e-07,1.90085e-07,0.173534,-2.27371e-07,3.416e-07,-2.36077e-07,3.416e-07,3.59199e-07,0.364506,-3.27475e-07,-3.2258e-07,-3.27475e-07,0.127648,0.173534,-2.36864e-07,0.173534,-1.64397e-07,0.173534,-4.37409e-07,1.90085e-07,0.173534,-1.64397e-07,0.364506
0.216988,0.210114,-2.85242e-07,-5.35644e-08,-2.85242e-07,0.080739,7.45891e-08,-5.35644e-08,7.45891e-08,0.0807374,0.0986728,-1.95728e-07,0.0986728,-1.06034e-07,5.0723e-07,-1.95728e-07,5.0723e-07,5.8536e-07,0.098673,4.07431e-07,-3.07211e-08,1.82675e-08,0.098673,1.82675e-08,1.57511e-07,0.0986728,-1.06034e-07,5.0723e-07,-1.95728e-07,5.0723e-07,5.8536e-07,0.210114,1.33756e-07,-3.85813e-08,1.33756e-07,0.0807389,0.0986725,2.0281e-07,0.0986725,1.69224e-07,0.098673,1.82675e-08,1.57511e-07,0.0986725,1.69224e-07,0.210114
0.171768,0.126402,-3.07036e-07,1.10879e-07,-3.07036e-07,0.054975,-5.19483e-08,1.10879e-07,-5.19483e-08,0.0549745,0.0616083,6.53022e-09,0.0616083,-1.70379e-07,3.10684e-07,6.53022e-09,3.10684e-07,1.40747e-07,0.0616087,1.28751e-08,-2.04413e-07,-6.70757e-08,0.0616087,-6.70757e-08,1.44832e-07,0.0616083,-1.70379e-07,3.10684e-07,6.53022e-09,3.10684e-07,1.40747e-07,0.126403,2.74514e-07,6.5894e-08,2.74514e-07,0.0549749,0.0616086,-3.59104e-08,0.0616086,5.66523e-07,0.0616087,-6.70757e-08,1.44832e-07,0.0616086,5.66523e-07,0.126403
0.126549,0.0519367,-1.059e-08,-2.12185e-07,-1.059e-08,0.0248186,1.04479e-07,-2.12185e-07,1.04479e-07,0.0248191,0.0253704,7.63374e-09,0.0253704,-1.53191e-07,6.79247e-08,7.63374e-09,6.79247e-08,-1.33168e-07,0.0253705,5.72067e-08,-2.69055e-07,-6.73889e-08,0.0253705,-6.73889e-08,1.96921e-08,0.0253704,-1.53191e-07,6.79247e-08,7.63374e-09,6.79247e-08,-1.33168e-07,0.0519366,8.93521e-08,7.00736e-08,8.93521e-08,0.0248187,0.0253705,-5.23859e-08,0.0253705,6.67189e-08,0.0253705,-6.73889e-08,1.96921e-08,0.0253705,6.67189e-08,0.0519366
0.43133,1.16528,3.13303e-08,1.41409e-08,3.13303e-08,0.332106,-2.98626e-08,1.41409e-08,-2.98626e-08,0.332106,0.498916,-2.01434e-08,0.498916,2.26234e-08,5.45922e-08,-2.01434e-08,5.45922e-08,3.697e-08,0.498915,-4.63619e-08,-7.45354e-08,-1.40605e-08,0.498915,-1.40605e-08,2.93335e-09,0.498916,2.26234e-08,5.45922e-08,-2.01434e-08,5.45922e-08,3.697e-08,1.16528,1.37335e-07,-1.21953e-08,1.37335e-07,0.332107,0.498915,-2.47158e-08,0.498915,5.6783e-08,0.498915,-1.40605e-08,2.93335e-09,0.498915,5.6783e-08,1.16528
0.386111,0.989919,2.12686e-07,-9.82704e-08,2.12686e-07,0.285764,-1.63464e-09,-9.82704e-08,-1.63464e-09,0.285765,0.430522,-7.05608e-08,0.430522,1.42295e-07,-1.53133e-08,-7.05608e-08,-1.53133e-08,8.51035e-08,0.430522,-1.027e-07,-4.51747e-08,-3.97938e-09,0.430522,-3.97938e-09,-3.69857e-09,0.430522,1.42295e-07,-1.53133e-08,-7.05608e-08,-1.53133e-08,8.51035e-08,0.989919,-2.10244e-08,6.79487e-08,-2.10244e-08,0.285765,0.430522,2.20211e-08,0.430522,1.82189e-07,0.430522,-3.97938e-09,-3.69857e-09,0.430522,1.82189e-07,0.989919
0.340892,0.736144,1.59553e-07,-4.72598e-08,1.59553e-07,0.221211,4.44328e-09,-4.72598e-08,4.44328e-09,0.221212,0.330971,1.29953e-08,0.330971,5.17781e-08,-7.49223e-08,1.29953e-08,-7.49223e-08,-3.92548e-07,0.330971,1.82457e-09,2.04569e-07,5.79699e-08,0.330971,5.79699e-08,8.11887e-09,0.330971,5.17781e-08,-7.49223e-08,1.29953e-08,-7.49223e-08,-3.92548e-07,0.736144,-3.54283e-07,-4.38045e-08,-3.54283e-07,0.221211,0.330971,7.64692e-09,0.330971,-2.8744e-07,0.330971,5.79699e-08,8.11887e-09,0.330971,-2.8744e-07,0.736144
0.295673,0.544223,3.06881e-07,3.27764e-07,3.06881e-07,0.176266,-7.89343e-10,3.27764e-07,-7.89343e-10,0.176269,0.254055,-3.20571e-07,0.254055,-5.99411e-07,-1.46863e-08,-3.20571e-07,-1.46863e-08,-5.36779e-07,0.254055,-3.95834e-07,-2.09391e-07,-1.17474e-07,0.254055,-1.17474e-07,2.27379e-07,0.254055,-5.99411e-07,-1.46863e-08,-3.20571e-07,-1.46863e-08,-5.36779e-07,0.544222,-4.02371e-07,-2.63831e-07,-4.02371e-07,0.176268,0.254055,-1.73493e-07,0.254055,-1.66264e-07,0.254055,-1.17474e-07,2.27379e-07,0.254055,-1.66264e-07,0.544222
0.250453,0.336971,3.72092e-07,3.80641e-07,3.72092e-07,0.118807,1.94136e-07,3.80641e-07,1.94136e-07,0.118806,0.159174,-1.6464e-07,0.159174,-1.98629e-07,3.08147e-07,-1.6464e-07,3.08147e-07,2.5428e-07,0.159174,-1.56798e-07,-1.79653e-07,-3.20525e-07,0.159174,-3.20525e-07,1.88433e-07,0.159174,-1.98629e-07,3.08147e-07,-1.6464e-07,3.08147e-07,2.5428e-07,0.336971,-1.38995e-07,-2.95408e-07,-1.38995e-07,0.118807,0.159175,-1.34745e-08,0.159175,-1.89573e-07,0.159174,-3.20525e-07,1.88433e-07,0.159175,-1.89573e-07,0.336972
0.205234,0.210114,-2.85242e-07,-5.35644e-08,-2.85242e-07,0.080739,7.45891e-08,-5.35644e-08,7.45891e-08,0.0807374,0.0986728,-1.95728e-07,0.0986728,-1.06034e-07,5.0723e-07,-1.95728e-07,5.0723e-07,5.8536e-07,0.098673,4.07431e-07,-3.07211e-08,1.82675e-08,0.098673,1.82675e-08,1.57511e-07,0.0986728,-1.06034e-07,5.0723e-07,-1.95728e-07,5.0723e-07,5.8536e-07,0.210114,1.33756e-07,-3.85813e-08,1.33756e-07,0.0807389,0.0986725,2.0281e-07,0.0986725,1.69224e-07,0.098673,1.82675e-08,1.57511e-07,0.0986725,1.69224e-07,0.210114
0.160015,0.0918008,-2.84429e-07,-9.07326e-08,-2.84429e-07,0.041319,1.82388e-08,-9.07326e-08,1.82388e-08,0.0413195,0.044073,2.96407e-07,0.044073,-1.35435e-07,2.25846e-07,2.96407e-07,2.25846e-07,-4.56919e-07,0.0440732,2.39609e-07,1.85313e-08,-2.04935e-07,0.0440732,-2.04935e-07,5.99149e-08,0.044073,-1.35435e-07,2.25846e-07,2.96407e-07,2.25846e-07,-4.56919e-07,0.091802,6.29211e-08,-3.12901e-08,6.29211e-08,0.0413192,0.0440732,-1.60724e-07,0.0440732,2.3817e-07,0.0440732,-2.04935e-07,5.99149e-08,0.0440732,2.3817e-07,0.0918022
0.114796,0.0519367,-1.059e-08,-2.12185e-07,-1.059e-08,0.0248186,1.04479e-07,-2.12185e-07,1.04479e-07,0.0248191,0.0253704,7.63374e-09,0.0253704,-1.53191e-07,6.79247e-08,7.63374e-09,6.79247e-08,-1.33168e-07,0.0253705,5.72067e-08,-2.69055e-07,-6.73889e-08,0.0253705,-6.73889e-08,1.96921e-08,0.0253704,-1.53191e-07,6.79247e-08,7.63374e-09,6.79247e-08,-1.33168e-07,0.0519366,8.93521e-08,7.00736e-08,8.93521e-08,0.0248187,0.0253705,-5.23859e-08,0.0253705,6.67189e-08,0.0253705,-6.73889e-08,1.96921e-08,0.0253705,6.67189e-08,0.0519366
0.419577,1.14302,5.78461e-08,-1.29745e-08,5.78461e-08,0.325453,-1.93903e-08,-1.29745e-08,-1.93903e-08,0.325453,0.489927,-4.99613e-08,0.489927,3.30212e-08,7.77683e-08,-4.99613e-08,7.77683e-08,2.54721e-08,0.489927,-4.58984e-08,-7.30658e-08,-2.18055e-08,0.489927,-2.18055e-08,1.67776e-08,0.489927,3.30212e-08,7.77683e-08,-4.99613e-08,7.77683e-08,2.54721e-08,1.14302,1.62006e-07,2.45265e-08,1.62006e-07,0.325454,0.489927,2.08841e-08,0.489927,4.18462e-08,0.489927,-2.18055e-08,1.67776e-08,0.489927,4.18462e-08,1.14302
0.374357,0.966929,1.99152e-07,-1.06297e-07,1.99152e-07,0.279417,-6.59364e-10,-1.06297e-07,-6.59364e-10,0.279417,0.421528,-7.47895e-08,0.421528,9.54423e-08,-1.63225e-08,-7.47895e-08,-1.63225e-08,7.92364e-08,0.421528,-1.21936e-07,9.56348e-09,-2.51243e-08,0.421528,-2.51243e-08,-6.94174e-09,0.421528,9.54423e-08,-1.63225e-08,-7.47895e-08,-1.63225e-08,7.92364e-08,0.966929,-2.27047e-08,4.12859e-08,-2.27047e-08,0.279417,0.421528,8.70712e-09,0.421528,1.64903e-07,0.421528,-2.51243e-08,-6.94174e-09,0.421528,1.64903e-07,0.966929
0.329138,0.704711,8.89649e-08,-3.34247e-08,8.89649e-08,0.21247,-4.98058e-08,-3.34247e-08,-4.98058e-08,0.212471,0.317261,-1.95722e-09,0.317261,3.81472e-08,-3.55154e-08,-1.95722e-09,-3.55154e-08,-5.0057e-07,0.317261,-1.43074e-08,2.16395e-07,-3.31006e-08,0.317261,-3.31006e-08,3.87306e-08,0.317261,3.81472e-08,-3.55154e-08,-1.95722e-09,-3.55154e-08,-5.0057e-07,0.704711,-3.59012e-07,-6.08585e-08,-3.59012e-07,0.21247,0.317261,-2.24959e-08,0.317261,-3.65157e-07,0.317261,-3.31006e-08,3.87306e-08,0.317261,-3.65157e-07,0.704711
0.283919,0.494644,2.21701e-07,3.18243e-07,2.21701e-07,0.159054,-2.02243e-07,3.18243e-07,-2.02243e-07,0.159055,0.228403,-3.60945e-07,0.228403,-2.0591e-07,4.80195e-08,-3.60945e-07,4.80195e-08,-3.71301e-08,0.228403,-3.71274e-07,-4.01483e-07,-2.12352e-07,0.228403,-2.12352e-07,2.35681e-07,0.228403,-2.0591e-07,4.80195e-08,-3.60945e-07,4.80195e-08,-3.71301e-08,0.494643,-2.81667e-07,-4.33275e-07,-2.81667e-07,0.159055,0.228403,-3.03566e-07,0.228403,9.2342e-08,0.228403,-2.12352e-07,2.35681e-07,0.228403,9.2342e-08,0.494643
0.2387,0.311099,3.3488e-07,3.5098e-07,3.3488e-07,0.113615,1.05623e-07,3.5098e-07,1.05623e-07,0.113615,0.14947,-1.10596e-07,0.14947,-2.27441e-07,3.4063e-07,-1.10596e-07,3.4063e-07,3.12741e-07,0.14947,-9.67596e-08,-1.21688e-07,-4.11233e-07,0.14947,-4.11233e-07,1.61229e-07,0.14947,-2.27441e-07,3.4063e-07,-1.10596e-07,3.4063e-07,3.12741e-07,0.3111,-6.24446e-08,-2.6863e-07,-6.24446e-08,0.113616,0.149471,-1.63318e-09,0.149471,-1.76076e-07,0.14947,-4.11233e-07,1.61229e-07,0.149471,-1.76076e-07,0.3111
0.193481,0.164856,-5.61245e-07,-9.86359e-08,-5.61245e-07,0.0677216,1.0778e-07,-9.86359e-08,1.0778e-07,0.0677206,0.0785988,-1.35854e-07,0.0785988,-3.23099e-07,3.86994e-07,-1.35854e-07,3.86994e-07,5.39894e-07,0.0785991,2.41368e-07,4.71822e-07,1.34152e-07,0.0785991,1.34152e-07,6.7459e-08,0.0785988,-3.23099e-07,3.86994e-07,-1.35854e-07,3.86994e-07,5.39894e-07,0.164856,2.19148e-07,3.07283e-07,2.19148e-07,0.0677211,0.0785989,2.16568e-08,0.0785989,5.25579e-07,0.0785991,1.34152e-07,6.7459e-08,0.0785989,5.25579e-07,0.164856
0.148261,0.0840736,-3.45034e-07,-1.24573e-08,-3.45034e-07,0.0371481,6.35826e-09,-1.24573e-08,6.35826e-09,0.0371483,0.0392434,3.00316e-07,0.0392434,-1.18125e-08,1.99368e-07,3.00316e-07,1.99368e-07,-5.05629e-07,0.0392435,2.79561e-07,-1.45224e-07,-1.68203e-07,0.0392435,-1.68203e-07,2.49536e-07,0.0392434,-1.18125e-08,1.99368e-07,3.00316e-07,1.99368e-07,-5.05629e-07,0.0840742,-4.86178e-08,-1.45439e-10,-4.86178e-08,0.037148,0.0392436,-8.6106e-08,0.0392436,-5.6144e-08,0.0392435,-1.68203e-07,2.49536e-07,0.0392436,-5.6144e-08,0.0840741
0.103042,0.0382465,-5.8275e-08,-7.41829e-08,-5.8275e-08,0.0181721,2.63409e-08,-7.41829e-08,2.63409e-08,0.0181719,0.0182847,1.94463e-08,0.0182847,7.7086e-08,-7.57211e-08,1.94463e-08,-7.57211e-08,-6.05818e-08,0.0182849,-1.09007e-07,6.55496e-09,-2.36174e-08,0.0182849,-2.36174e-08,-7.978e-08,0.0182847,7.7086e-08,-7.57211e-08,1.94463e-08,-7.57211e-08,-6.05818e-08,0.0382465,-8.8898e-08,7.23672e-08,-8.8898e-08,0.0181719,0.0182847,2.39884e-08,0.0182847,1.41723e-07,0.0182849,-2.36174e-08,-7.978e-08,0.0182847,1.41723e-07,0.0382466
0.407823,1.07717,1.05631e-07,-4.58973e-08,1.05631e-07,0.308108,1.92582e-08,-4.58973e-08,1.92582e-08,0.308108,0.464599,-6.43636e-08,0.464599,8.03793e-08,9.91853e-08,-6.43636e-08,9.91853e-08,2.71256e-08,0.464599,-6.78742e-08,-5.53988e-08,-5.31801e-08,0.464599,-5.31801e-08,4.56383e-08,0.464599,8.03793e-08,9.91853e-08,-6.43636e-08,9.91853e-08,2.71256e-08,1.07717,1.76684e-07,4.31342e-08,1.76684e-07,0.308109,0.464599,1.77858e-08,0.464599,-7.96289e-10,0.464599,-5.31801e-08,4.56383e-08,0.464599,-7.96289e-10,1.07717
0.362604,0.916487,2.47827e-07,-2.09412e-07,2.47827e-07,0.26671,5.43274e-08,-2.09412e-07,5.43274e-08,0.26671,0.401697,-6.23895e-08,0.401697,1.1692e-07,-4.56979e-09,-6.23895e-08,-4.56979e-09,5.95346e-08,0.401697,-8.72003e-08,4.56485e-08,-3.67171e-08,0.401697,-3.67171e-08,2.26067e-10,0.401697,1.1692e-07,-4.56979e-09,-6.23895e-08,-4.56979e-09,5.95346e-08,0.916487,5.73277e-09,5.99588e-08,5.73277e-09,0.266711,0.401697,9.81361e-08,0.401697,1.14716e-07,0.401697,-3.67171e-08,2.26067e-10,0.401697,1.14716e-07,0.916487
0.317385,0.673413,2.83321e-07,2.15768e-08,2.83321e-07,0.206032,3.35163e-09,2.15768e-08,3.35163e-09,0.206033,0.305308,-2.35774e-08,0.305308,2.47683e-08,-8.3626e-08,-2.35774e-08,-8.3626e-08,-4.81853e-07,0.305308,-3.77095e-08,2.40508e-07,2.56483e-08,0.305308,2.56483e-08,1.25425e-08,0.305308,2.47683e-08,-8.3626e-08,-2.35774e-08,-8.3626e-08,-4.81853e-07,0.673413,-3.55228e-07,-1.4024e-07,-3.55228e-07,0.206032,0.305308,-6.17565e-08,0.305308,-3.66563e-07,0.305308,2.56483e-08,1.25425e-08,0.305308,-3.66563e-07,0.673413
0.272165,0.423054,4.58332e-07,2.65398e-07,4.58332e-07,0.138634,-1.76497e-07,2.65398e-07,-1.76497e-07,0.138633,0.194781,-3.88414e-07,0.194781,-4.01834e-09,2.02983e-07,-3.88414e-07,2.02983e-07,-3.75272e-07,0.194781,-3.58539e-07,-1.45381e-07,-3.4025e-07,0.194781,-3.4025e-07,1.89815e-07,0.194781,-4.01834e-09,2.02983e-07,-3.88414e-07,2.02983e-07,-3.75272e-07,0.423052,-3.6037e-07,-3.52081e-07,-3.6037e-07,0.138634,0.194781,-2.08791e-07,0.194781,-3.36052e-08,0.194781,-3.4025e-07,1.89815e-07,0.194781,-3.36052e-08,0.423053
0.226946,0.261061,9.71779e-09,-1.30279e-07,9.71779e-09,0.0984203,-1.07957e-07,-1.30279e-07,-1.07957e-07,0.0984193,0.124456,2.8984e-08,0.124456,-7.88217e-08,3.87587e-07,2.8984e-08,3.87587e-07,5.17884e-07,0.124456,2.64789e-08,-1.78925e-07,-3.36902e-07,0.124456,-3.36902e-07,1.1865e-07,0.124456,-7.88217e-08,3.87587e-07,2.8984e-08,3.87587e-07,5.17884e-07,0.26106,1.19146e-07,-2.54164e-08,1.19146e-07,0.0984209,0.124456,4.26298e-07,0.124456,2.1928e-07,0.124456,-3.36902e-07,1.1865e-07,0.124456,2.1928e-07,0.26106
0.181727,0.164856,-5.61245e-07,-9.86359e-08,-5.61245e-07,0.0677216,1.0778e-07,-9.86359e-08,1.0778e-07,0.0677206,0.0785988,-1.35854e-07,0.0785988,-3.23099e-07,3.86994e-07,-1.35854e-07,3.86994e-07,5.39894e-07,0.0785991,2.41368e-07,4.71822e-07,1.34152e-07,0.0785991,1.34152e-07,6.7459e-08,0.0785988,-3.23099e-07,3.86994e-07,-1.35854e-07,3.86994e-07,5.39894e-07,0.164856,2.19148e-07,3.07283e-07,2.19148e-07,0.0677211,0.0785989,2.16568e-08,0.0785989,5.25579e-07,0.0785991,1.34152e-07,6.7459e-08,0.0785989,5.25579e-07,0.164856
0.136508,0.0840736,-3.45034e-07,-1.24573e-08,-3.45034e-07,0.0371481,6.35826e-09,-1.24573e-08,6.35826e-09,0.0371483,0.0392434,3.00316e-07,0.0392434,-1.18125e-08,1.99368e-07,3.00316e-07,1.99368e-07,-5.05629e-07,0.0392435,2.79561e-07,-1.45224e-07,-1.68203e-07,0.0392435,-1.68203e-07,2.49536e-07,0.0392434,-1.18125e-08,1.99368e-07,3.00316e-07,1.99368e-07,-5.05629e-07,0.0840742,-4.86178e-08,-1.45439e-10,-4.86178e-08,0.037148,0.0392436,-8.6106e-08,0.0392436,-5.6144e-08,0.0392435,-1.68203e-07,2.49536e-07,0.0392436,-5.6144e-08,0.0840741
0.441289,1.16528,3.13303e-08,1.41409e-08,3.13303e-08,0.332106,-2.98626e-08,1.41409e-08,-2.98626e-08,0.332106,0.498916,-2.01434e-08,0.498916,2.26234e-08,5.45922e-08,-2.01434e-08,5.45922e-08,3.697e-08,0.498915,-4.63619e-08,-7.45354e-08,-1.40605e-08,0.498915,-1.40605e-08,2.93335e-09,0.498916,2.26234e-08,5.45922e-08,-2.01434e-08,5.45922e-08,3.697e-08,1.16528,1.37335e-07,-1.21953e-08,1.37335e-07,0.332107,0.498915,-2.47158e-08,0.498915,5.6783e-08,0.498915,-1.40605e-08,2.93335e-09,0.498915,5.6783e-08,1.16528
0.396069,1.03364,1.65199e-07,-5.3234e-08,1.65199e-07,0.29699,3.01941e-08,-5.3234e-08,3.01941e-08,0.296989,0.44678,-8.06141e-08,0.44678,1.16306e-07,9.87108e-08,-8.06141e-08,9.87108e-08,7.88711e-08,0.44678,-9.15749e-08,-6.59742e-08,-6.42318e-08,0.44678,-6.42318e-08,2.93591e-08,0.44678,1.16306e-07,9.87108e-08,-8.06141e-08,9.87108e-08,7.88711e-08,1.03364,1.43611e-07,8.53457e-08,1.43611e-07,0.296991,0.44678,3.59665e-08,0.44678,7.631e-08,0.44678,-6.42318e-08,2.93591e-08,0.44678,7.631e-08,1.03364
0.35085,0.838354,2.55701e-07,-2.34326e-07,2.55701e-07,0.24913,6.21509e-08,-2.34326e-07,6.21509e-08,0.24913,0.37241,-2.04678e-09,0.37241,1.60601e-07,-5.00914e-08,-2.04678e-09,-5.00914e-08,3.38878e-08,0.37241,-4.24624e-09,1.18674e-07,-1.16554e-08,0.37241,-1.16554e-08,1.13767e-08,0.37241,1.60601e-07,-5.00914e-08,-2.04678e-09,-5.00914e-08,3.38878e-08,0.838354,-1.0678e-07,8.1344e-08,-1.0678e-07,0.24913,0.37241,1.32446e-07,0.37241,3.81222e-08,0.37241,-1.16554e-08,1.13767e-08,0.37241,3.81222e-08,0.838354
0.305631,0.544223,3.06881e-07,3.27764e-07,3.06881e-07,0.176266,-7.89343e-10,3.27764e-07,-7.89343e-10,0.176269,0.254055,-3.20571e-07,0.254055,-5.99411e-07,-1.46863e-08,-3.20571e-07,-1.46863e-08,-5.36779e-07,0.254055,-3.95834e-07,-2.09391e-07,-1.17474e-07,0.254055,-1.17474e-07,2.27379e-07,0.254055,-5.99411e-07,-1.46863e-08,-3.20571e-07,-1.46863e-08,-5.36779e-07,0.544222,-4.02371e-07,-2.63831e-07,-4.02371e-07,0.176268,0.254055,-1.73493e-07,0.254055,-1.66264e-07,0.254055,-1.17474e-07,2.27379e-07,0.254055,-1.66264e-07,0.544222
0.260412,0.364506,2.28021e-07,2.81052e-07,2.28021e-07,0.127648,-2.59338e-08,2.81052e-07,-2.59338e-08,0.127648,0.173534,-2.36077e-07,0.173534,-2.27371e-07,3.416e-07,-2.36077e-07,3.416e-07,3.59199e-07,0.173534,-1.53397e-07,-2.26947e-07,-4.37409e-07,0.173534,-4.37409e-07,1.90085e-07,0.173534,-2.27371e-07,3.416e-07,-2.36077e-07,3.416e-07,3.59199e-07,0.364506,-3.27475e-07,-3.2258e-07,-3.27475e-07,0.127648,0.173534,-2.36864e-07,0.173534,-1.64397e-07,0.173534,-4.37409e-07,1.90085e-07,0.173534,-1.64397e-07,0.364506
0.215193,0.210114,-2.85242e-07,-5.35644e-08,-2.85242e-07,0.080739,7.45891e-08,-5.35644e-08,7.45891e-08,0.0807374,0.0986728,-1.95728e-07,0.0986728,-1.06034e-07,5.0723e-07,-1.95728e-07,5.0723e-07,5.8536e-07,0.098673,4.07431e-07,-3.07211e-08,1.82675e-08,0.098673,1.82675e-08,1.57511e-07,0.0986728,-1.06034e-07,5.0723e-07,-1.95728e-07,5.0723e-07,5.8536e-07,0.210114,1.33756e-07,-3.85813e-08,1.33756e-07,0.0807389,0.0986725,2.0281e-07,0.0986725,1.69224e-07,0.098673,1.82675e-08,1.57511e-07,0.0986725,1.69224e-07,0.210114
0.169974,0.126402,-3.07036e-07,1.10879e-07,-3.07036e-07,0.054975,-5.19483e-08,1.10879e-07,-5.19483e-08,0.0549745,0.0616083,6.53022e-09,0.0616083,-1.70379e-07,3.10684e-07,6.53022e-09,3.10684e-07,1.40747e-07,0.0616087,1.28751e-08,-2.04413e-07,-6.70757e-08,0.0616087,-6.70757e-08,1.44832e-07,0.0616083,-1.70379e-07,3.10684e-07,6.53022e-09,3.10684e-07,1.40747e-07,0.126403,2.74514e-07,6.5894e-08,2.74514e-07,0.0549749,0.0616086,-3.59104e-08,0.0616086,5.66523e-07,0.0616087,-6.70757e-08,1.44832e-07,0.0616086,5.66523e-07,0.126403
0.124754,0.0519367,-1.059e-08,-2.12185e-07,-1.059e-08,0.0248186,1.04479e-07,-2.12185e-07,1.04479e-07,0.0248191,0.0253704,7.63374e-09,0.0253704,-1.53191e-07,6.79247e-08,7.63374e-09,6.79247e-08,-1.33168e-07,0.0253705,5.72067e-08,-2.69055e-07,-6.73889e-08,0.0253705,-6.73889e-08,1.96921e-08,0.0253704,-1.53191e-07,6.79247e-08,7.63374e-09,6.79247e-08,-1.33168e-07,0.0519366,8.93521e-08,7.00736e-08,8.93521e-08,0.0248187,0.0253705,-5.23859e-08,0.0253705,6.67189e-08,0.0253705,-6.73889e-08,1.96921e-08,0.0253705,6.67189e-08,0.0519366
0.429535,1.16528,3.13303e-08,1.41409e-08,3.13303e-08,0.332106,-2.98626e-08,1.41409e-08,-2.98626e-08,0.332106,0.498916,-2.01434e-08,0.498916,2.26234e-08,5.45922e-08,-2.01434e-08,5.45922e-08,3.697e-08,0.498915,-4.63619e-08,-7.45354e-08,-1.40605e-08,0.498915,-1.40605e-08,2.93335e-09,0.498916,2.26234e-08,5.45922e-08,-2.01434e-08,5.45922e-08,3.697e-08,1.16528,1.37335e-07,-1.21953e-08,1.37335e-07,0.332107,0.498915,-2.47158e-08,0.498915,5.6783e-08,0.498915,-1.40605e-08,2.93335e-09,0.498915,5.6783e-08,1.16528
0.384316,0.989919,2.12686e-07,-9.82704e-08,2.12686e-07,0.285764,-1.63464e-09,-9.82704e-08,-1.63464e-09,0.285765,0.430522,-7.05608e-08,0.430522,1.42295e-07,-1.53133e-08,-7.05608e-08,-1.53133e-08,8.51035e-08,0.430522,-1.027e-07,-4.51747e-08,-3.97938e-09,0.430522,-3.97938e-09,-3.69857e-09,0.430522,1.42295e-07,-1.53133e-08,-7.05608e-08,-1.53133e-08,8.51035e-08,0.989919,-2.10244e-08,6.79487e-08,-2.10244e-08,0.285765,0.430522,2.20211e-08,0.430522,1.82189e-07,0.430522,-3.97938e-09,-3.69857e-09,0.430522,1.82189e-07,0.989919
0.339097,0.736144,1.59553e-07,-4.72598e-08,1.59553e-07,0.221211,4.44328e-09,-4.72598e-08,4.44328e-09,0.221212,0.330971,1.29953e-08,0.330971,5.17781e-08,-7.49223e-08,1.29953e-08,-7.49223e-08,-3.92548e-07,0.330971,1.82457e-09,2.04569e-07,5.79699e-08,0.330971,5.79699e-08,8.11887e-09,0.330971,5.17781e-08,-7.49223e-08,1.29953e-08,-7.49223e-08,-3.92548e-07,0.736144,-3.54283e-07,-4.38045e-08,-3.54283e-07,0.221211,0.330971,7.64692e-09,0.330971,-2.8744e-07,0.330971,5.79699e-08,8.11887e-09,0.330971,-2.8744e-07,0.736144
0.293878,0.517335,3.39085e-07,2.92425e-07,3.39085e-07,0.167623,-6.46621e-08,2.92425e-07,-6.46621e-08,0.167624,0.241304,-3.70913e-07,0.241304,-2.70268e-07,1.36286e-08,-3.70913e-07,1.36286e-08,-6.59171e-07,0.241304,-4.76944e-07,-3.32628e-07,-1.28953e-07,0.241304,-1.28953e-07,2.89698e-07,0.241304,-2.70268e-07,1.36286e-08,-3.70913e-07,1.36286e-08,-6.59171e-07,0.517334,-4.54062e-07,-2.87388e-07,-4.54062e-07,0.167624,0.241304,-2.75106e-07,0.241304,-2.22659e-07,0.241304,-1.28953e-07,2.89698e-07,0.241304,-2.22659e-07,0.517335
0.248658,0.336971,3.72092e-07,3.80641e-07,3.72092e-07,0.118807,1.94136e-07,3.80641e-07,1.94136e-07,0.118806,0.159174,-1.6464e-07,0.159174,-1.98629e-07,3.08147e-07,-1.6464e-07,3.08147e-07,2.5428e-07,0.159174,-1.56798e-07,-1.79653e-07,-3.20525e-07,0.159174,-3.20525e-07,1.88433e-07,0.159174,-1.98629e-07,3.08147e-07,-1.6464e-07,3.08147e-07,2.5428e-07,0.336971,-1.38995e-07,-2.95408e-07,-1.38995e-07,0.118807,0.159175,-1.34745e-08,0.159175,-1.89573e-07,0.159174,-3.20525e-07,1.88433e-07,0.159175,-1.89573e-07,0.336972
0.203439,0.187535,-5.77438e-07,-2.44391e-07,-5.77438e-07,0.0733647,1.70475e-07,-2.44391e-07,1.70475e-07,0.0733632,0.0873752,-1.08431e-07,0.0873752,-1.23269e-07,4.74594e-07,-1.08431e-07,4.74594e-07,5.03632e-07,0.0873755,4.91494e-07,2.64182e-07,1.26099e-07,0.0873755,1.26099e-07,-4.9764e-09,0.0873752,-1.23269e-07,4.74594e-07,-1.08431e-07,4.74594e-07,5.03632e-07,0.187535,2.53064e-07,2.97986e-07,2.53064e-07,0.0733641,0.0873754,5.97345e-08,0.0873754,3.53554e-07,0.0873755,1.26099e-07,-4.9764e-09,0.0873754,3.53554e-07,0.187535
0.15822,0.0918008,-2.84429e-07,-9.07326e-08,-2.84429e-07,0.041319,1.82388e-08,-9.07326e-08,1.82388e-08,0.0413195,0.044073,2.96407e-07,0.044073,-1.35435e-07,2.25846e-07,2.96407e-07,2.25846e-07,-4.56919e-07,0.0440732,2.39609e-07,1.85313e-08,-2.04935e-07,0.0440732,-2.04935e-07,5.99149e-08,0.044073,-1.35435e-07,2.25846e-07,2.96407e-07,2.25846e-07,-4.56919e-07,0.091802,6.29211e-08,-3.12901e-08,6.29211e-08,0.0413192,0.0440732,-1.60724e-07,0.0440732,2.3817e-07,0.0440732,-2.04935e-07,5.99149e-08,0.0440732,2.3817e-07,0.0918022
0.113001,0.0519367,-1.059e-08,-2.12185e-07,-1.059e-08,0.0248186,1.04479e-07,-2.12185e-07,1.04479e-07,0.0248191,0.0253704,7.63374e-09,0.0253704,-1.53191e-07,6.79247e-08,7.63374e-09,6.79247e-08,-1.33168e-07,0.0253705,5.72067e-08,-2.69055e-07,-6.73889e-08,0.0253705,-6.73889e-08,1.96921e-08,0.0253704,-1.53191e-07,6.79247e-08,7.63374e-09,6.79247e-08,-1.33168e-07,0.0519366,8.93521e-08,7.00736e-08,8.93521e-08,0.0248187,0.0253705,-5.23859e-08,0.0253705,6.67189e-08,0.0253705,-6.73889e-08,1.96921e-08,0.0253705,6.67189e-08,0.0519366
0.417782,1.14103,5.72757e-08,-1.40236e-08,5.72757e-08,0.324977,-2.22672e-08,-1.40236e-08,-2.22672e-08,0.324977,0.489245,-5.03492e-08,0.489245,3.4962e-08,7.89773e-08,-5.03492e-08,7.89773e-08,2.67783e-08,0.489245,-4.64475e-08,-7.51886e-08,-2.33453e-08,0.489245,-2.33453e-08,1.51414e-08,0.489245,3.4962e-08,7.89773e-08,-5.03492e-08,7.89773e-08,2.67783e-08,1.14103,1.62779e-07,2.42896e-08,1.62779e-07,0.324978,0.489245,2.01611e-08,0.489245,3.98594e-08,0.489245,-2.33453e-08,1.51414e-08,0.489245,3.98594e-08,1.14103
0.372562,0.966929,1.99152e-07,-1.06297e-07,1.99152e-07,0.279417,-6.59364e-10,-1.06297e-07,-6.59364e-10,0.279417,0.421528,-7.47895e-08,0.421528,9.54423e-08,-1.63225e-08,-7.47895e-08,-1.63225e-08,7.92364e-08,0.421528,-1.21936e-07,9.56348e-09,-2.51243e-08,0.421528,-2.51243e-08,-6.94174e-09,0.421528,9.54423e-08,-1.63225e-08,-7.47895e-08,-1.63225e-08,7.92364e-08,0.966929,-2.27047e-08,4.12859e-08,-2.27047e-08,0.279417,0.421528,8.70712e-09,0.421528,1.64903e-07,0.421528,-2.51243e-08,-6.94174e-09,0.421528,1.64903e-07,0.966929
0.327343,0.704711,8.89649e-08,-3.34247e-08,8.89649e-08,0.21247,-4.98058e-08,-3.34247e-08,-4.98058e-08,0.212471,0.317261,-1.95722e-09,0.317261,3.81472e-08,-3.55154e-08,-1.95722e-09,-3.55154e-08,-5.0057e-07,0.317261,-1.43074e-08,2.16395e-07,-3.31006e-08,0.317261,-3.31006e-08,3.87306e-08,0.317261,3.81472e-08,-3.55154e-08,-1.95722e-09,-3.55154e-08,-5.0057e-07,0.704711,-3.59012e-07,-6.08585e-08,-3.59012e-07,0.21247,0.317261,-2.24959e-08,0.317261,-3.65157e-07,0.317261,-3.31006e-08,3.87306e-08,0.317261,-3.65157e-07,0.704711
0.282124,0.494644,2.21701e-07,3.18243e-07,2.21701e-07,0.159054,-2.02243e-07,3.18243e-07,-2.02243e-07,0.159055,0.228403,-3.60945e-07,0.228403,-2.0591e-07,4.80195e-08,-3.60945e-07,4.80195e-08,-3.71301e-08,0.228403,-3.71274e-07,-4.01483e-07,-2.12352e-07,0.228403,-2.12352e-07,2.35681e-07,0.228403,-2.0591e-07,4.80195e-08,-3.60945e-07,4.80195e-08,-3.71301e-08,0.494643,-2.81667e-07,-4.33275e-07,-2.81667e-07,0.159055,0.228403,-3.03566e-07,0.228403,9.2342e-08,0.228403,-2.12352e-07,2.35681e-07,0.228403,9.2342e-08,0.494643
0.236905,0.311099,3.3488e-07,3.5098e-07,3.3488e-07,0.113615,1.05623e-07,3.5098e-07,1.05623e-07,0.113615,0.14947,-1.10596e-07,0.14947,-2.27441e-07,3.4063e-07,-1.10596e-07,3.4063e-07,3.12741e-07,0.14947,-9.67596e-08,-1.21688e-07,-4.11233e-07,0.14947,-4.11233e-07,1.61229e-07,0.14947,-2.27441e-07,3.4063e-07,-1.10596e-07,3.4063e-07,3.12741e-07,0.3111,-6.24446e-08,-2.6863e-07,-6.24446e-08,0.113616,0.149471,-1.63318e-09,0.149471,-1.76076e-07,0.14947,-4.11233e-07,1.61229e-07,0.149471,-1.76076e-07,0.3111
0.191686,0.164856,-5.61245e-07,-9.86359e-08,-5.61245e-07,0.0677216,1.0778e-07,-9.86359e-08,1.0778e-07,0.0677206,0.0785988,-1.35854e-07,0.0785988,-3.23099e-07,3.86994e-07,-1.35854e-07,3.86994e-07,5.39894e-07,0.0785991,2.41368e-07,4.71822e-07,1.34152e-07,0.0785991,1.34152e-07,6.7459e-08,0.0785988,-3.23099e-07,3.86994e-07,-1.35854e-07,3.86994e-07,5.39894e-07,0.164856,2.19148e-07,3.07283e-07,2.19148e-07,0.0677211,0.0785989,2.16568e-08,0.0785989,5.25579e-07,0.0785991,1.34152e-07,6.7459e-08,0.0785989,5.25579e-07,0.164856
0.146466,0.0840736,-3.45034e-07,-1.24573e-08,-3.45034e-07,0.0371481,6.35826e-09,-1.24573e-08,6.35826e-09,0.0371483,0.0392434,3.00316e-07,0.0392434,-1.18125e-08,1.99368e-07,3.00316e-07,1.99368e-07,-5.05629e-07,0.0392435,2.79561e-07,-1.45224e-07,-1.68203e-07,0.0392435,-1.68203e-07,2.49536e-07,0.0392434,-1.18125e-08,1.99368e-07,3.00316e-07,1.99368e-07,-5.05629e-07,0.0840742,-4.86178e-08,-1.45439e-10,-4.86178e-08,0.037148,0.0392436,-8.6106e-08,0.0392436,-5.6144e-08,0.0392435,-1.68203e-07,2.49536e-07,0.0392436,-5.6144e-08,0.0840741
0.101247,0.0382465,-5.8275e-08,-7.41829e-08,-5.8275e-08,0.0181721,2.63409e-08,-7.41829e-08,2.63409e-08,0.0181719,0.0182847,1.94463e-08,0.0182847,7.7086e-08,-7.57211e-08,1.94463e-08,-7.57211e-08,-6.05818e-08,0.0182849,-1.09007e-07,6.55496e-09,-2.36174e-08,0.0182849,-2.36174e-08,-7.978e-08,0.0182847,7.7086e-08,-7.57211e-08,1.94463e-08,-7.57211e-08,-6.05818e-08,0.0382465,-8.8898e-08,7.23672e-08,-8.8898e-08,0.0181719,0.0182847,2.39884e-08,0.0182847,1.41723e-07,0.0182849,-2.36174e-08,-7.978e-08,0.0182847,1.41723e-07,0.0382466
0.406028,1.06589,9.29114e-08,-4.18743e-08,9.29114e-08,0.304467,3.82353e-08,-4.18743e-08,3.82353e-08,0.304466,0.459915,-5.51833e-08,0.459915,1.05064e-07,1.06007e-07,-5.51833e-08,1.06007e-07,3.27748e-08,0.459915,-6.30361e-08,-5.94527e-08,-6.15412e-08,0.459915,-6.15412e-08,4.54377e-08,0.459915,1.05064e-07,1.06007e-07,-5.51833e-08,1.06007e-07,3.27748e-08,1.06589,1.70752e-07,4.70624e-08,1.70752e-07,0.304468,0.459915,6.9275e-09,0.459915,-1.98108e-08,0.459915,-6.15412e-08,4.54377e-08,0.459915,-1.98108e-08,1.06589
0.360809,0.916487,2.47827e-07,-2.09412e-07,2.47827e-07,0.26671,5.43274e-08,-2.09412e-07,5.43274e-08,0.26671,0.401697,-6.23895e-08,0.401697,1.1692e-07,-4.56979e-09,-6.23895e-08,-4.56979e-09,5.95346e-08,0.401697,-8.72003e-08,4.56485e-08,-3.67171e-08,0.401697,-3.67171e-08,2.26067e-10,0.401697,1.1692e-07,-4.56979e-09,-6.23895e-08,-4.56979e-09,5.95346e-08,0.916487,5.73277e-09,5.99588e-08,5.73277e-09,0.266711,0.401697,9.81361e-08,0.401697,1.14716e-07,0.401697,-3.67171e-08,2.26067e-10,0.401697,1.14716e-07,0.916487
0.31559,0.673413,2.83321e-07,2.15768e-08,2.83321e-07,0.206032,3.35163e-09,2.15768e-08,3.35163e-09,0.206033,0.305308,-2.35774e-08,0.305308,2.47683e-08,-8.3626e-08,-2.35774e-08,-8.3626e-08,-4.81853e-07,0.305308,-3.77095e-08,2.40508e-07,2.56483e-08,0.305308,2.56483e-08,1.25425e-08,0.305308,2.47683e-08,-8.3626e-08,-2.35774e-08,-8.3626e-08,-4.81853e-07,0.673413,-3.55228e-07,-1.4024e-07,-3.55228e-07,0.206032,0.305308,-6.17565e-08,0.305308,-3.66563e-07,0.305308,2.56483e-08,1.25425e-08,0.305308,-3.66563e-07,0.673413
0.27037,0.391782,4.52714e-07,2.4034e-07,4.52714e-07,0.131707,-2.07485e-07,2.4034e-07,-2.07485e-07,0.131706,0.181803,-3.37731e-07,0.181803,-2.21199e-08,3.6116e-07,-3.37731e-07,3.6116e-07,3.66148e-07,0.181804,-2.60811e-07,-1.13643e-07,-4.82358e-07,0.181804,-4.82358e-07,6.7231e-08,0.181803,-2.21199e-08,3.6116e-07,-3.37731e-07,3.6116e-07,3.66148e-07,0.391782,-3.68441e-07,-2.64359e-07,-3.68441e-07,0.131707,0.181803,-2.53527e-07,0.181803,-1.68717e-07,0.181804,-4.82358e-07,6.7231e-08,0.181803,-1.68717e-07,0.391782
0.225151,0.261061,9.71779e-09,-1.30279e-07,9.71779e-09,0.0984203,-1.07957e-07,-1.30279e-07,-1.07957e-07,0.0984193,0.124456,2.8984e-08,0.124456,-7.88217e-08,3.87587e-07,2.8984e-08,3.87587e-07,5.17884e-07,0.124456,2.64789e-08,-1.78925e-07,-3.36902e-07,0.124456,-3.36902e-07,1.1865e-07,0.124456,-7.88217e-08,3.87587e-07,2.8984e-08,3.87587e-07,5.17884e-07,0.26106,1.19146e-07,-2.54164e-08,1.19146e-07,0.0984209,0.124456,4.26298e-07,0.124456,2.1928e-07,0.124456,-3.36902e-07,1.1865e-07,0.124456,2.1928e-07,0.26106
0.179932,0.164856,-5.61245e-07,-9.86359e-08,-5.61245e-07,0.0677216,1.0778e-07,-9.86359e-08,1.0778e-07,0.0677206,0.0785988,-1.35854e-07,0.0785988,-3.23099e-07,3.86994e-07,-1.35854e-07,3.86994e-07,5.39894e-07,0.0785991,2.41368e-07,4.71822e-07,1.34152e-07,0.0785991,1.34152e-07,6.7459e-08,0.0785988,-3.23099e-07,3.86994e-07,-1.35854e-07,3.86994e-07,5.39894e-07,0.164856,2.19148e-07,3.07283e-07,2.19148e-07,0.0677211,0.0785989,2.16568e-08,0.0785989,5.25579e-07,0.0785991,1.34152e-07,6.7459e-08,0.0785989,5.25579e-07,0.164856
0.134713,0.0677711,-2.09579e-07,-8.68479e-08,-2.09579e-07,0.0314462,2.23153e-07,-8.68479e-08,2.23153e-07,0.0314469,0.0330134,1.79248e-07,0.0330134,1.67973e-07,2.67023e-07,1.79248e-07,2.67023e-07,-7.26568e-07,0.0330135,1.58314e-07,-2.8179e-07,-1.78189e-08,0.0330135,-1.78189e-08,2.13699e-08,0.0330134,1.67973e-07,2.67023e-07,1.79248e-07,2.67023e-07,-7.26568e-07,0.0677715,-6.035e-08,8.3159e-08,-6.035e-08,0.0314466,0.0330135,-1.13369e-08,0.0330135,3.52524e-07,0.0330135,-1.78189e-08,2.13699e-08,0.0330135,3.52524e-07,0.0677711
0.439494,1.16528,3.13303e-08,1.41409e-08,3.13303e-08,0.332106,-2.98626e-08,1.41409e-08,-2.98626e-08,0.332106,0.498916,-2.01434e-08,0.498916,2.26234e-08,5.45922e-08,-2.01434e-08,5.45922e-08,3.697e-08,0.498915,-4.63619e-08,-7.45354e-08,-1.40605e-08,0.498915,-1.40605e-08,2.93335e-09,0.498916,2.26234e-08,5.45922e-08,-2.01434e-08,5.45922e-08,3.697e-08,1.16528,1.37335e-07,-1.21953e-08,1.37335e-07,0.332107,0.498915,-2.47158e-08,0.498915,5.6783e-08,0.498915,-1.40605e-08,2.93335e-09,0.498915,5.6783e-08,1.16528
0.394275,1.03364,1.65199e-07,-5.3234e-08,1.65199e-07,0.29699,3.01941e-08,-5.3234e-08,3.01941e-08,0.296989,0.44678,-8.06141e-08,0.44678,1.16306e-07,9.87108e-08,-8.06141e-08,9.87108e-08,7.88711e-08,0.44678,-9.15749e-08,-6.59742e-08,-6.42318e-08,0.44678,-6.42318e-08,2.93591e-08,0.44678,1.16306e-07,9.87108e-08,-8.06141e-08,9.87108e-08,7.88711e-08,1.03364,1.43611e-07,8.53457e-08,1.43611e-07,0.296991,0.44678,3.59665e-08,0.44678,7.631e-08,0.44678,-6.42318e-08,2.93591e-08,0.44678,7.631e-08,1.03364
0.349055,0.838354,2.55701e-07,-2.34326e-07,2.55701e-07,0.24913,6.21509e-08,-2.34326e-07,6.21509e-08,0.24913,0.37241,-2.04678e-09,0.37241,1.60601e-07,-5.00914e-08,-2.04678e-09,-5.00914e-08,3.38878e-08,0.37241,-4.24624e-09,1.18674e-07,-1.16554e-08,0.37241,-1.16554e-08,1.13767e-08,0.37241,1.60601e-07,-5.00914e-08,-2.04678e-09,-5.00914e-08,3.38878e-08,0.838354,-1.0678e-07,8.1344e-08,-1.0678e-07,0.24913,0.37241,1.32446e-07,0.37241,3.81222e-08,0.37241,-1.16554e-08,1.13767e-08,0.37241,3.81222e-08,0.838354
0.303836,0.544223,3.06881e-07,3.27764e-07,3.06881e-07,0.176266,-7.89343e-10,3.27764e-07,-7.89343e-10,0.176269,0.254055,-3.20571e-07,0.254055,-5.99411e-07,-1.46863e-08,-3.20571e-07,-1.46863e-08,-5.36779e-07,0.254055,-3.95834e-07,-2.09391e-07,-1.17474e-07,0.254055,-1.17474e-07,2.27379e-07,0.254055,-5.99411e-07,-1.46863e-08,-3.20571e-07,-1.46863e-08,-5.36779e-07,0.544222,-4.02371e-07,-2.63831e-07,-4.02371e-07,0.176268,0.254055,-1.73493e-07,0.254055,-1.66264e-07,0.254055,-1.17474e-07,2.27379e-07,0.254055,-1.66264e-07,0.544222
0.258617,0.364506,2.28021e-07,2.81052e-07,2.28021e-07,0.127648,-2.59338e-08,2.81052e-07,-2.59338e-08,0.127648,0.173534,-2.36077e-07,0.173534,-2.27371e-07,3.416e-07,-2.36077e-07,3.416e-07,3.59199e-07,0.173534,-1.53397e-07,-2.26947e-07,-4.37409e-07,0.173534,-4.37409e-07,1.90085e-07,0.173534,-2.27371e-07,3.416e-07,-2.36077e-07,3.416e-07,3.59199e-07,0.364506,-3.27475e-07,-3.2258e-07,-3.27475e-07,0.127648,0.173534,-2.36864e-07,0.173534,-1.64397e-07,0.173534,-4.37409e-07,1.90085e-07,0.173534,-1.64397e-07,0.364506
0.213398,0.210114,-2.85242e-07,-5.35644e-08,-2.85242e-07,0.080739,7.45891e-08,-5.35644e-08,7.45891e-08,0.0807374,0.0986728,-1.95728e-07,0.0986728,-1.06034e-07,5.0723e-07,-1.95728e-07,5.0723e-07,5.8536e-07,0.098673,4.07431e-07,-3.07211e-08,1.82675e-08,0.098673,1.82675e-08,1.57511e-07,0.0986728,-1.06034e-07,5.0723e-07,-1.95728e-07,5.0723e-07,5.8536e-07,0.210114,1.33756e-07,-3.85813e-08,1.33756e-07,0.0807389,0.0986725,2.0281e-07,0.0986725,1.69224e-07,0.098673,1.82675e-08,1.57511e-07,0.0986725,1.69224e-07,0.210114
0.168179,0.126402,-3.07036e-07,1.10879e-07,-3.07036e-07,0.054975,-5.19483e-08,1.10879e-07,-5.19483e-08,0.0549745,0.0616083,6.53022e-09,0.0616083,-1.70379e-07,3.10684e-07,6.53022e-09,3.10684e-07,1.40747e-07,0.0616087,1.28751e-08,-2.04413e-07,-6.70757e-08,0.0616087,-6.70757e-08,1.44832e-07,0.0616083,-1.70379e-07,3.10684e-07,6.53022e-09,3.10684e-07,1.40747e-07,0.126403,2.74514e-07,6.5894e-08,2.74514e-07,0.0549749,0.0616086,-3.59104e-08,0.0616086,5.66523e-07,0.0616087,-6.70757e-08,1.44832e-07,0.0616086,5.66523e-07,0.126403
0.122959,0.0519367,-1.059e-08,-2.12185e-07,-1.059e-08,0.0248186,1.04479e-07,-2.12185e-07,1.04479e-07,0.0248191,0.0253704,7.63374e-09,0.0253704,-1.53191e-07,6.79247e-08,7.63374e-09,6.79247e-08,-1.33168e-07,0.0253705,5.72067e-08,-2.69055e-07,-6.73889e-08,0.0253705,-6.73889e-08,1.96921e-08,0.0253704,-1.53191e-07,6.79247e-08,7.63374e-09,6.79247e-08,-1.33168e-07,0.0519366,8.93521e-08,7.00736e-08,8.93521e-08,0.0248187,0.0253705,-5.23859e-08,0.0253705,6.67189e-08,0.0253705,-6.73889e-08,1.96921e-08,0.0253705,6.67189e-08,0.0519366
0.42774,1.16528,3.13303e-08,1.41409e-08,3.13303e-08,0.332106,-2.98626e-08,1.41409e-08,-2.98626e-08,0.332106,0.498916,-2.01434e-08,0.498916,2.26234e-08,5.45922e-08,-2.01434e-08,5.45922e-08,3.697e-08,0.498915,-4.63619e-08,-7.45354e-08,-1.40605e-08,0.498915,-1.40605e-08,2.93335e-09,0.498916,2.26234e-08,5.45922e-08,-2.01434e-08,5.45922e-08,3.697e-08,1.16528,1.37335e-07,-1.21953e-08,1.37335e-07,0.332107,0.498915,-2.47158e-08,0.498915,5.6783e-08,0.498915,-1.40605e-08,2.93335e-09,0.498915,5.6783e-08,1.16528
0.382521,0.989919,2.12686e-07,-9.82704e-08,2.12686e-07,0.285764,-1.63464e-09,-9.82704e-08,-1.63464e-09,0.285765,0.430522,-7.05608e-08,0.430522,1.42295e-07,-1.53133e-08,-7.05608e-08,-1.53133e-08,8.51035e-08,0.430522,-1.027e-07,-4.51747e-08,-3.97938e-09,0.430522,-3.97938e-09,-3.69857e-09,0.430522,1.42295e-07,-1.53133e-08,-7.05608e-08,-1.53133e-08,8.51035e-08,0.989919,-2.10244e-08,6.79487e-08,-2.10244e-08,0.285765,0.430522,2.20211e-08,0.430522,1.82189e-07,0.430522,-3.97938e-09,-3.69857e-09,0.430522,1.82189e-07,0.989919
0.337302,0.736144,1.59553e-07,-4.72598e-08,1.59553e-07,0.221211,4.44328e-09,-4.72598e-08,4.44328e-09,0.221212,0.330971,1.29953e-08,0.330971,5.17781e-08,-7.49223e-08,1.29953e-08,-7.49223e-08,-3.92548e-07,0.330971,1.82457e-09,2.04569e-07,5.79699e-08,0.330971,5.79699e-08,8.11887e-09,0.330971,5.17781e-08,-7.49223e-08,1.29953e-08,-7.49223e-08,-3.92548e-07,0.736144,-3.54283e-07,-4.38045e-08,-3.54283e-07,0.221211,0.330971,7.64692e-09,0.330971,-2.8744e-07,0.330971,5.79699e-08,8.11887e-09,0.330971,-2.8744e-07,0.736144
0.292083,0.517335,3.39085e-07,2.92425e-07,3.39085e-07,0.167623,-6.46621e-08,2.92425e-07,-6.46621e-08,0.167624,0.241304,-3.70913e-07,0.241304,-2.70268e-07,1.36286e-08,-3.70913e-07,1.36286e-08,-6.59171e-07,0.241304,-4.76944e-07,-3.32628e-07,-1.28953e-07,0.241304,-1.28953e-07,2.89698e-07,0.241304,-2.70268e-07,1.36286e-08,-3.70913e-07,1.36286e-08,-6.59171e-07,0.517334,-4.54062e-07,-2.87388e-07,-4.54062e-07,0.167624,0.241304,-2.75106e-07,0.241304,-2.22659e-07,0.241304,-1.28953e-07,2.89698e-07,0.241304,-2.22659e-07,0.517335
0.246863,0.336971,3.72092e-07,3.80641e-07,3.72092e-07,0.118807,1.94136e-07,3.80641e-07,1.94136e-07,0.118806,0.159174,-1.6464e-07,0.159174,-1.98629e-07,3.08147e-07,-1.6464e-07,3.08147e-07,2.5428e-07,0.159174,-1.56798e-07,-1.79653e-07,-3.20525e-07,0.159174,-3.20525e-07,1.88433e-07,0.159174,-1.98629e-07,3.08147e-07,-1.6464e-07,3.08147e-07,2.5428e-07,0.336971,-1.38995e-07,-2.95408e-07,-1.38995e-07,0.118807,0.159175,-1.34745e-08,0.159175,-1.89573e-07,0.159174,-3.20525e-07,1.88433e-07,0.159175,-1.89573e-07,0.336972
0.201644,0.187535,-5.77438e-07,-2.44391e-07,-5.77438e-07,0.0733647,1.70475e-07,-2.44391e-07,1.70475e-07,0.0733632,0.0873752,-1.08431e-07,0.0873752,-1.23269e-07,4.74594e-07,-1.08431e-07,4.74594e-07,5.03632e-07,0.0873755,4.91494e-07,2.64182e-07,1.26099e-07,0.0873755,1.26099e-07,-4.9764e-09,0.0873752,-1.23269e-07,4.74594e-07,-1.08431e-07,4.74594e-07,5.03632e-07,0.187535,2.53064e-07,2.97986e-07,2.53064e-07,0.0733641,0.0873754,5.97345e-08,0.0873754,3.53554e-07,0.0873755,1.26099e-07,-4.9764e-09,0.0873754,3.53554e-07,0.187535
0.156425,0.0918008,-2.84429e-07,-9.07326e-08,-2.84429e-07,0.041319,1.82388e-08,-9.07326e-08,1.82388e-08,0.0413195,0.044073,2.96407e-07,0.044073,-1.35435e-07,2.25846e-07,2.96407e-07,2.25846e-07,-4.56919e-07,0.0440732,2.39609e-07,1.85313e-08,-2.04935e-07,0.0440732,-2.04935e-07,5.99149e-08,0.044073,-1.35435e-07,2.25846e-07,2.96407e-07,2.25846e-07,-4.56919e-07,0.091802,6.29211e-08,-3.12901e-08,6.29211e-08,0.0413192,0.0440732,-1.60724e-07,0.0440732,2.3817e-07,0.0440732,-2.04935e-07,5.99149e-08,0.0440732,2.3817e-07,0.0918022
0.111206,0.0519367,-1.059e-08,-2.12185e-07,-1.059e-08,0.0248186,1.04479e-07,-2.12185e-07,1.04479e-07,0.0248191,0.0253704,7.63374e-09,0.0253704,-1.53191e-07,6.79247e-08,7.63374e-09,6.79247e-08,-1.33168e-07,0.0253705,5.72067e-08,-2.69055e-07,-6.73889e-08,0.0253705,-6.73889e-08,1.96921e-08,0.0253704,-1.53191e-07,6.79247e-08,7.63374e-09,6.79247e-08,-1.33168e-07,0.0519366,8.93521e-08,7.00736e-08,8.93521e-08,0.0248187,0.0253705,-5.23859e-08,0.0253705,6.67189e-08,0.0253705,-6.73889e-08,1.96921e-08,0.0253705,6.67189e-08,0.0519366
0.415987,1.14103,5.72757e-08,-1.40236e-08,5.72757e-08,0.324977,-2.22672e-08,-1.40236e-08,-2.22672e-08,0.324977,0.489245,-5.03492e-08,0.489245,3.4962e-08,7.89773e-08,-5.03492e-08,7.89773e-08,2.67783e-08,0.489245,-4.64475e-08,-7.51886e-08,-2.33453e-08,0.489245,-2.33453e-08,1.51414e-08,0.489245,3.4962e-08,7.89773e-08,-5.03492e-08,7.89773e-08,2.67783e-08,1.14103,1.62779e-07,2.42896e-08,1.62779e-07,0.324978,0.489245,2.01611e-08,0.489245,3.98594e-08,0.489245,-2.33453e-08,1.51414e-08,0.489245,3.98594e-08,1.14103
0.370767,0.966929,1.99152e-07,-1.06297e-07,1.99152e-07,0.279417,-6.59364e-10,-1.06297e-07,-6.59364e-10,0.279417,0.421528,-7.47895e-08,0.421528,9.54423e-08,-1.63225e-08,-7.47895e-08,-1.63225e-08,7.92364e-08,0.421528,-1.21936e-07,9.56348e-09,-2.51243e-08,0.421528,-2.51243e-08,-6.94174e-09,0.421528,9.54423e-08,-1.63225e-08,-7.47895e-08,-1.63225e-08,7.92364e-08,0.966929,-2.27047e-08,4.12859e-08,-2.27047e-08,0.279417,0.421528,8.70712e-09,0.421528,1.64903e-07,0.421528,-2.51243e-08,-6.94174e-09,0.421528,1.64903e-07,0.966929
0.325548,0.704711,8.89649e-08,-3.34247e-08,8.89649e-08,0.21247,-4.98058e-08,-3.34247e-08,-4.98058e-08,0.212471,0.317261,-1.95722e-09,0.317261,3.81472e-08,-3.55154e-08,-1.95722e-09,-3.55154e-08,-5.0057e-07,0.317261,-1.43074e-08,2.16395e-07,-3.31006e-08,0.317261,-3.31006e-08,3.87306e-08,0.317261,3.81472e-08,-3.55154e-08,-1.95722e-09,-3.55154e-08,-5.0057e-07,0.704711,-3.59012e-07,-6.08585e-08,-3.59012e-07,0.21247,0.317261,-2.24959e-08,0.317261,-3.65157e-07,0.317261,-3.31006e-08,3.87306e-08,0.317261,-3.65157e-07,0.704711
0.280329,0.423054,4.58332e-07,2.65398e-07,4.58332e-07,0.138634,-1.76497e-07,2.65398e-07,-1.76497e-07,0.138633,0.194781,-3.88414e-07,0.194781,-4.01834e-09,2.02983e-07,-3.88414e-07,2.02983e-07,-3.75272e-07,0.194781,-3.58539e-07,-1.45381e-07,-3.4025e-07,0.194781,-3.4025e-07,1.89815e-07,0.194781,-4.01834e-09,2.02983e-07,-3.88414e-07,2.02983e-07,-3.75272e-07,0.423052,-3.6037e-07,-3.52081e-07,-3.6037e-07,0.138634,0.194781,-2.08791e-07,0.194781,-3.36052e-08,0.194781,-3.4025e-07,1.89815e-07,0.194781,-3.36052e-08,0.423053
0.23511,0.261061,9.71779e-09,-1.30279e-07,9.71779e-09,0.0984203,-1.07957e-07,-1.30279e-07,-1.07957e-07,0.0984193,0.124456,2.8984e-08,0.124456,-7.88217e-08,3.87587e-07,2.8984e-08,3.87587e-07,5.17884e-07,0.124456,2.64789e-08,-1.78925e-07,-3.36902e-07,0.124456,-3.36902e-07,1.1865e-07,0.124456,-7.88217e-08,3.87587e-07,2.8984e-08,3.87587e-07,5.17884e-07,0.26106,1.19146e-07,-2.54164e-08,1.19146e-07,0.0984209,0.124456,4.26298e-07,0.124456,2.1928e-07,0.124456,-3.36902e-07,1.1865e-07,0.124456,2.1928e-07,0.26106
0.189891,0.164856,-5.61245e-07,-9.86359e-08,-5.61245e-07,0.0677216,1.0778e-07,-9.86359e-08,1.0778e-07,0.0677206,0.0785988,-1.35854e-07,0.0785988,-3.23099e-07,3.86994e-07,-1.35854e-07,3.86994e-07,5.39894e-07,0.0785991,2.41368e-07,4.71822e-07,1.34152e-07,0.0785991,1.34152e-07,6.7459e-08,0.0785988,-3.23099e-07,3.86994e-07,-1.35854e-07,3.86994e-07,5.39894e-07,0.164856,2.19148e-07,3.07283e-07,2.19148e-07,0.0677211,0.0785989,2.16568e-08,0.0785989,5.25579e-07,0.0785991,1.34152e-07,6.7459e-08,0.0785989,5.25579e-07,0.164856
0.144672,0.0840736,-3.45034e-07,-1.24573e-08,-3.45034e-07,0.0371481,6.35826e-09,-1.24573e-08,6.35826e-09,0.0371483,0.0392434,3.00316e-07,0.0392434,-1.18125e-08,1.99368e-07,3.00316e-07,1.99368e-07,-5.05629e-07,0.0392435,2.79561e-07,-1.45224e-07,-1.68203e-07,0.0392435,-1.68203e-07,2.49536e-07,0.0392434,-1.18125e-08,1.99368e-07,3.00316e-07,1.99368e-07,-5.05629e-07,0.0840742,-4.86178e-08,-1.45439e-10,-4.86178e-08,0.037148,0.0392436,-8.6106e-08,0.0392436,-5.6144e-08,0.0392435,-1.68203e-07,2.49536e-07,0.0392436,-5.6144e-08,0.0840741
0.449452,1.19609,-7.00147e-09,6.85766e-09,-7.00147e-09,0.340068,-3.52865e-08,6.85766e-09,-3.52865e-08,0.340067,0.512081,-1.05246e-08,0.512081,-4.16517e-09,3.79693e-08,-1.05246e-08,3.79693e-08,2.20871e-08,0.512081,9.07922e-09,-5.67343e-08,-2.63585e-08,0.512081,-2.63585e-08,1.98267e-08,0.512081,-4.16517e-09,3.79693e-08,-1.05246e-08,3.79693e-08,2.20871e-08,1.19609,1.42098e-07,-2.90131e-08,1.42098e-07,0.340068,0.512081,-4.04571e-08,0.512081,8.17546e-09,0.512081,-2.63585e-08,1.98267e-08,0.512081,8.17546e-09,1.19609
0.404233,1.06589,9.29114e-08,-4.18743e-08,9.29114e-08,0.304467,3.82353e-08,-4.18743e-08,3.82353e-08,0.304466,0.459915,-5.51833e-08,0.459915,1.05064e-07,1.06007e-07,-5.51833e-08,1.06007e-07,3.27748e-08,0.459915,-6.30361e-08,-5.94527e-08,-6.15412e-08,0.459915,-6.15412e-08,4.54377e-08,0.459915,1.05064e-07,1.06007e-07,-5.51833e-08,1.06007e-07,3.27748e-08,1.06589,1.70752e-07,4.70624e-08,1.70752e-07,0.304468,0.459915,6.9275e-09,0.459915,-1.98108e-08,0.459915,-6.15412e-08,4.54377e-08,0.459915,-1.98108e-08,1.06589
0.359014,0.916487,2.47827e-07,-2.09412e-07,2.47827e-07,0.26671,5.43274e-08,-2.09412e-07,5.43274e-08,0.26671,0.401697,-6.23895e-08,0.401697,1.1692e-07,-4.56979e-09,-6.23895e-08,-4.56979e-09,5.95346e-08,0.401697,-8.72003e-08,4.56485e-08,-3.67171e-08,0.401697,-3.67171e-08,2.26067e-10,0.401697,1.1692e-07,-4.56979e-09,-6.23895e-08,-4.56979e-09,5.95346e-08,0.916487,5.73277e-09,5.99588e-08,5.73277e-09,0.266711,0.401697,9.81361e-08,0.401697,1.14716e-07,0.401697,-3.67171e-08,2.26067e-10,0.401697,1.14716e-07,0.916487
0.313795,0.673413,2.83321e-07,2.15768e-08,2.83321e-07,0.206032,3.35163e-09,2.15768e-08,3.35163e-09,0.206033,0.305308,-2.35774e-08,0.305308,2.47683e-08,-8.3626e-08,-2.35774e-08,-8.3626e-08,-4.81853e-07,0.305308,-3.77095e-08,2.40508e-07,2.56483e-08,0.305308,2.56483e-08,1.25425e-08,0.305308,2.47683e-08,-8.3626e-08,-2.35774e-08,-8.3626e-08,-4.81853e-07,0.673413,-3.55228e-07,-1.4024e-07,-3.55228e-07,0.206032,0.305308,-6.17565e-08,0.305308,-3.66563e-07,0.305308,2.56483e-08,1.25425e-08,0.305308,-3.66563e-07,0.673413
0.268576,0.391782,4.52714e-07,2.4034e-07,4.52714e-07,0.131707,-2.07485e-07,2.4034e-07,-2.07485e-07,0.131706,0.181803,-3.37731e-07,0.181803,-2.21199e-08,3.6116e-07,-3.37731e-07,3.6116e-07,3.66148e-07,0.181804,-2.60811e-07,-1.13643e-07,-4.82358e-07,0.181804,-4.82358e-07,6.7231e-08,0.181803,-2.21199e-08,3.6116e-07,-3.37731e-07,3.6116e-07,3.66148e-07,0.391782,-3.68441e-07,-2.64359e-07,-3.68441e-07,0.131707,0.181803,-2.53527e-07,0.181803,-1.68717e-07,0.181804,-4.82358e-07,6.7231e-08,0.181803,-1.68717e-07,0.391782
0.223356,0.261061,9.71779e-09,-1.30279e-07,9.71779e-09,0.0984203,-1.07957e-07,-1.30279e-07,-1.07957e-07,0.0984193,0.124456,2.8984e-08,0.124456,-7.88217e-08,3.87587e-07,2.8984e-08,3.87587e-07,5.17884e-07,0.124456,2.64789e-08,-1.78925e-07,-3.36902e-07,0.124456,-3.36902e-07,1.1865e-07,0.124456,-7.88217e-08,3.87587e-07,2.8984e-08,3.87587e-07,5.17884e-07,0.26106,1.19146e-07,-2.54164e-08,1.19146e-07,0.0984209,0.124456,4.26298e-07,0.124456,2.1928e-07,0.124456,-3.36902e-07,1.1865e-07,0.124456,2.1928e-07,0.26106
0.178137,0.126402,-3.07036e-07,1.10879e-07,-3.07036e-07,0.054975,-5.19483e-08,1.10879e-07,-5.19483e-08,0.0549745,0.0616083,6.53022e-09,0.0616083,-1.70379e-07,3.10684e-07,6.53022e-09,3.10684e-07,1.40747e-07,0.0616087,1.28751e-08,-2.04413e-07,-6.70757e-08,0.0616087,-6.70757e-08,1.44832e-07,0.0616083,-1.70379e-07,3.10684e-07,6.53022e-09,3.10684e-07,1.40747e-07,0.126403,2.74514e-07,6.5894e-08,2.74514e-07,0.0549749,0.0616086,-3.59104e-08,0.0616086,5.66523e-07,0.0616087,-6.70757e-08,1.44832e-07,0.0616086,5.66523e-07,0.126403
0.132918,0.0677711,-2.09579e-07,-8.68479e-08,-2.09579e-07,0.0314462,2.23153e-07,-8.68479e-08,2.23153e-07,0.0314469,0.0330134,1.79248e-07,0.0330134,1.67973e-07,2.67023e-07,1.79248e-07,2.67023e-07,-7.26568e-07,0.0330135,1.58314e-07,-2.8179e-07,-1.78189e-08,0.0330135,-1.78189e-08,2.13699e-08,0.0330134,1.67973e-07,2.67023e-07,1.79248e-07,2.67023e-07,-7.26568e-07,0.0677715,-6.035e-08,8.3159e-08,-6.035e-08,0.0314466,0.0330135,-1.13369e-08,0.0330135,3.52524e-07,0.0330135,-1.78189e-08,2.13699e-08,0.0330135,3.52524e-07,0.0677711
0.437699,1.16528,3.13303e-08,1.41409e-08,3.13303e-08,0.332106,-2.98626e-08,1.41409e-08,-2.98626e-08,0.332106,0.498916,-2.01434e-08,0.498916,2.26234e-08,5.45922e-08,-2.01434e-08,5.45922e-08,3.697e-08,0.498915,-4.63619e-08,-7.45354e-08,-1.40605e-08,0.498915,-1.40605e-08,2.93335e-09,0.498916,2.26234e-08,5.45922e-08,-2.01434e-08,5.45922e-08,3.697e-08,1.16528,1.37335e-07,-1.21953e-08,1.37335e-07,0.332107,0.498915,-2.47158e-08,0.498915,5.6783e-08,0.498915,-1.40605e-08,2.93335e-09,0.498915,5.6783e-08,1.16528
0.39248,1.03364,1.65199e-07,-5.3234e-08,1.65199e-07,0.29699,3.01941e-08,-5.3234e-08,3.01941e-08,0.296989,0.44678,-8.06141e-08,0.44678,1.16306e-07,9.87108e-08,-8.06141e-08,9.87108e-08,7.88711e-08,0.44678,-9.15749e-08,-6.59742e-08,-6.42318e-08,0.44678,-6.42318e-08,2.93591e-08,0.44678,1.16306e-07,9.87108e-08,-8.06141e-08,9.87108e-08,7.88711e-08,1.03364,1.43611e-07,8.53457e-08,1.43611e-07,0.296991,0.44678,3.59665e-08,0.44678,7.631e-08,0.44678,-6.42318e-08,2.93591e-08,0.44678,7.631e-08,1.03364
0.34726,0.838354,2.55701e-07,-2.34326e-07,2.55701e-07,0.24913,6.21509e-08,-2.34326e-07,6.21509e-08,0.24913,0.37241,-2.04678e-09,0.37241,1.60601e-07,-5.00914e-08,-2.04678e-09,-5.00914e-08,3.38878e-08,0.37241,-4.24624e-09,1.18674e-07,-1.16554e-08,0.37241,-1.16554e-08,1.13767e-08,0.37241,1.60601e-07,-5.00914e-08,-2.04678e-09,-5.00914e-08,3.38878e-08,0.838354,-1.0678e-07,8.1344e-08,-1.0678e-07,0.24913,0.37241,1.32446e-07,0.37241,3.81222e-08,0.37241,-1.16554e-08,1.13767e-08,0.37241,3.81222e-08,0.838354
0.302041,0.544223,3.06881e-07,3.27764e-07,3.06881e-07,0.176266,-7.89343e-10,3.27764e-07,-7.89343e-10,0.176269,0.254055,-3.20571e-07,0.254055,-5.99411e-07,-1.46863e-08,-3.20571e-07,-1.46863e-08,-5.36779e-07,0.254055,-3.95834e-07,-2.09391e-07,-1.17474e-07,0.254055,-1.17474e-07,2.27379e-07,0.254055,-5.99411e-07,-1.46863e-08,-3.20571e-07,-1.46863e-08,-5.36779e-07,0.544222,-4.02371e-07,-2.63831e-07,-4.02371e-07,0.176268,0.254055,-1.73493e-07,0.254055,-1.66264e-07,0.254055,-1.17474e-07,2.27379e-07,0.254055,-1.66264e-07,0.544222
0.256822,0.364506,2.28021e-07,2.81052e-07,2.28021e-07,0.127648,-2.59338e-08,2.81052e-07,-2.59338e-08,0.127648,0.173534,-2.36077e-07,0.173534,-2.27371e-07,3.416e-07,-2.36077e-07,3.416e-07,3.59199e-07,0.173534,-1.53397e-07,-2.26947e-07,-4.37409e-07,0.173534,-4.37409e-07,1.90085e-07,0.173534,-2.27371e-07,3.416e-07,-2.36077e-07,3.416e-07,3.59199e-07,0.364506,-3.27475e-07,-3.2258e-07,-3.27475e-07,0.127648,0.173534,-2.36864e-07,0.173534,-1.64397e-07,0.173534,-4.37409e-07,1.90085e-07,0.173534,-1.64397e-07,0.364506
0.211603,0.210114,-2.85242e-07,-5.35644e-08,-2.85242e-07,0.080739,7.45891e-08,-5.35644e-08,7.45891e-08,0.0807374,0.0986728,-1.95728e-07,0.0986728,-1.06034e-07,5.0723e-07,-1.95728e-07,5.0723e-07,5.8536e-07,0.098673,4.07431e-07,-3.07211e-08,1.82675e-08,0.098673,1.82675e-08,1.57511e-07,0.0986728,-1.06034e-07,5.0723e-07,-1.95728e-07,5.0723e-07,5.8536e-07,0.210114,1.33756e-07,-3.85813e-08,1.33756e-07,0.0807389,0.0986725,2.0281e-07,0.0986725,1.69224e-07,0.098673,1.82675e-08,1.57511e-07,0.0986725,1.69224e-07,0.210114
0.166384,0.126402,-3.07036e-07,1.10879e-07,-3.07036e-07,0.054975,-5.19483e-08,1.10879e-07,-5.19483e-08,0.0549745,0.0616083,6.53022e-09,0.0616083,-1.70379e-07,3.10684e-07,6.53022e-09,3.10684e-07,1.40747e-07,0.0616087,1.28751e-08,-2.04413e-07,-6.70757e-08,0.0616087,-6.70757e-08,1.44832e-07,0.0616083,-1.70379e-07,3.10684e-07,6.53022e-09,3.10684e-07,1.40747e-07,0.126403,2.74514e-07,6.5894e-08,2.74514e-07,0.0549749,0.0616086,-3.59104e-08,0.0616086,5.66523e-07,0.0616087,-6.70757e-08,1.44832e-07,0.0616086,5.66523e-07,0.126403
0.121164,0.0519367,-1.059e-08,-2.12185e-07,-1.059e-08,0.0248186,1.04479e-07,-2.12185e-07,1.04479e-07,0.0248191,0.0253704,7.63374e-09,0.0253704,-1.53191e-07,6.79247e-08,7.63374e-09,6.79247e-08,-1.33168e-07,0.0253705,5.72067e-08,-2.69055e-07,-6.73889e-08,0.0253705,-6.73889e-08,1.96921e-08,0.0253704,-1.53191e-07,6.79247e-08,7.63374e-09,6.79247e-08,-1.33168e-07,0.0519366,8.93521e-08,7.00736e-08,8.93521e-08,0.0248187,0.0253705,-5.23859e-08,0.0253705,6.67189e-08,0.0253705,-6.73889e-08,1.96921e-08,0.0253705,6.67189e-08,0.0519366
0.425945,1.14302,5.78461e-08,-1.29745e-08,5.78461e-08,0.325453,-1.93903e-08,-1.29745e-08,-1.93903e-08,0.325453,0.489927,-4.99613e-08,0.489927,3.30212e-08,7.77683e-08,-4.99613e-08,7.77683e-08,2.54721e-08,0.489927,-4.58984e-08,-7.30658e-08,-2.18055e-08,0.489927,-2.18055e-08,1.67776e-08,0.489927,3.30212e-08,7.77683e-08,-4.99613e-08,7.77683e-08,2.54721e-08,1.14302,1.62006e-07,2.45265e-08,1.62006e-07,0.325454,0.489927,2.08841e-08,0.489927,4.18462e-08,0.489927,-2.18055e-08,1.67776e-08,0.489927,4.18462e-08,1.14302
0.380726,0.989919,2.12686e-07,-9.82704e-08,2.12686e-07,0.285764,-1.63464e-09,-9.82704e-08,-1.63464e-09,0.285765,0.430522,-7.05608e-08,0.430522,1.42295e-07,-1.53133e-08,-7.05608e-08,-1.53133e-08,8.51035e-08,0.430522,-1.027e-07,-4.51747e-08,-3.97938e-09,0.430522,-3.97938e-09,-3.69857e-09,0.430522,1.42295e-07,-1.53133e-08,-7.05608e-08,-1.53133e-08,8.51035e-08,0.989919,-2.10244e-08,6.79487e-08,-2.10244e-08,0.285765,0.430522,2.20211e-08,0.430522,1.82189e-07,0.430522,-3.97938e-09,-3.69857e-09,0.430522,1.82189e-07,0.989919
0.335507,0.736144,1.59553e-07,-4.72598e-08,1.59553e-07,0.221211,4.44328e-09,-4.72598e-08,4.44328e-09,0.221212,0.330971,1.29953e-08,0.330971,5.17781e-08,-7.49223e-08,1.29953e-08,-7.49223e-08,-3.92548e-07,0.330971,1.82457e-09,2.04569e-07,5.79699e-08,0.330971,5.79699e-08,8.11887e-09,0.330971,5.17781e-08,-7.49223e-08,1.29953e-08,-7.49223e-08,-3.92548e-07,0.736144,-3.54283e-07,-4.38045e-08,-3.54283e-07,0.221211,0.330971,7.64692e-09,0.330971,-2.8744e-07,0.330971,5.79699e-08,8.11887e-09,0.330971,-2.8744e-07,0.736144
0.290288,0.517335,3.39085e-07,2.92425e-07,3.39085e-07,0.167623,-6.46621e-08,2.92425e-07,-6.46621e-08,0.167624,0.241304,-3.70913e-07,0.241304,-2.70268e-07,1.36286e-08,-3.70913e-07,1.36286e-08,-6.59171e-07,0.241304,-4.76944e-07,-3.32628e-07,-1.28953e-07,0.241304,-1.28953e-07,2.89698e-07,0.241304,-2.70268e-07,1.36286e-08,-3.70913e-07,1.36286e-08,-6.59171e-07,0.517334,-4.54062e-07,-2.87388e-07,-4.54062e-07,0.167624,0.241304,-2.75106e-07,0.241304,-2.22659e-07,0.241304,-1.28953e-07,2.89698e-07,0.241304,-2.22659e-07,0.517335
0.245068,0.336971,3.72092e-07,3.80641e-07,3.72092e-07,0.118807,1.94136e-07,3.80641e-07,1.94136e-07,0.118806,0.159174,-1.6464e-07,0.159174,-1.98629e-07,3.08147e-07,-1.6464e-07,3.08147e-07,2.5428e-07,0.159174,-1.56798e-07,-1.79653e-07,-3.20525e-07,0.159174,-3.20525e-07,1.88433e-07,0.159174,-1.98629e-07,3.08147e-07,-1.6464e-07,3.08147e-07,2.5428e-07,0.336971,-1.38995e-07,-2.95408e-07,-1.38995e-07,0.118807,0.159175,-1.34745e-08,0.159175,-1.89573e-07,0.159174,-3.20525e-07,1.88433e-07,0.159175,-1.89573e-07,0.336972
0.199849,0.164856,-5.61245e-07,-9.86359e-08,-5.61245e-07,0.0677216,1.0778e-07,-9.86359e-08,1.0778e-07,0.0677206,0.0785988,-1.35854e-07,0.0785988,-3.23099e-07,3.86994e-07,-1.35854e-07,3.86994e-07,5.39894e-07,0.0785991,2.41368e-07,4.71822e-07,1.34152e-07,0.0785991,1.34152e-07,6.7459e-08,0.0785988,-3.23099e-07,3.86994e-07,-1.35854e-07,3.86994e-07,5.39894e-07,0.164856,2.19148e-07,3.07283e-07,2.19148e-07,0.0677211,0.0785989,2.16568e-08,0.0785989,5.25579e-07,0.0785991,1.34152e-07,6.7459e-08,0.0785989,5.25579e-07,0.164856
0.15463,0.0840736,-3.45034e-07,-1.24573e-08,-3.45034e-07,0.0371481,6.35826e-09,-1.24573e-08,6.35826e-09,0.0371483,0.0392434,3.00316e-07,0.0392434,-1.18125e-08,1.99368e-07,3.00316e-07,1.99368e-07,-5.05629e-07,0.0392435,2.79561e-07,-1.45224e-07,-1.68203e-07,0.0392435,-1.68203e-07,2.49536e-07,0.0392434,-1.18125e-08,1.99368e-07,3.00316e-07,1.99368e-07,-5.05629e-07,0.0840742,-4.86178e-08,-1.45439e-10,-4.86178e-08,0.037148,0.0392436,-8.6106e-08,0.0392436,-5.6144e-08,0.0392435,-1.68203e-07,2.49536e-07,0.0392436,-5.6144e-08,0.0840741
0.109411,0.0519367,-1.059e-08,-2.12185e-07,-1.059e-08,0.0248186,1.04479e-07,-2.12185e-07,1.04479e-07,0.0248191,0.0253704,7.63374e-09,0.0253704,-1.53191e-07,6.79247e-08,7.63374e-09,6.79247e-08,-1.33168e-07,0.0253705,5.72067e-08,-2.69055e-07,-6.73889e-08,0.0253705,-6.73889e-08,1.96921e-08,0.0253704,-1.53191e-07,6.79247e-08,7.63374e-09,6.79247e-08,-1.33168e-07,0.0519366,8.93521e-08,7.00736e-08,8.93521e-08,0.0248187,0.0253705,-5.23859e-08,0.0253705,6.67189e-08,0.0253705,-6.73889e-08,1.96921e-08,0.0253705,6.67189e-08,0.0519366
0.414192,1.1251,6.25613e-08,-2.11678e-08,6.25613e-08,0.320746,-2.03003e-08,-2.11678e-08,-2.03003e-08,0.320746,0.483527,-5.12956e-08,0.483527,4.9425e-08,9.06209e-08,-5.12956e-08,9.06209e-08,3.08308e-08,0.483527,-5.02884e-08,-7.85382e-08,-3.57075e-08,0.483527,-3.57075e-08,1.83874e-08,0.483527,4.9425e-08,9.06209e-08,-5.12956e-08,9.06209e-08,3.08308e-08,1.1251,1.69974e-07,1.73474e-08,1.69974e-07,0.320747,0.483527,1.27731e-08,0.483527,2.91644e-08,0.483527,-3.57075e-08,1.83874e-08,0.483527,2.91644e-08,1.1251
0.368973,0.966929,1.99152e-07,-1.06297e-07,1.99152e-07,0.279417,-6.59364e-10,-1.06297e-07,-6.59364e-10,0.279417,0.421528,-7.47895e-08,0.421528,9.54423e-08,-1.63225e-08,-7.47895e-08,-1.63225e-08,7.92364e-08,0.421528,-1.21936e-07,9.56348e-09,-2.51243e-08,0.421528,-2.51243e-08,-6.94174e-09,0.421528,9.54423e-08,-1.63225e-08,-7.47895e-08,-1.63225e-08,7.92364e-08,0.966929,-2.27047e-08,4.12859e-08,-2.27047e-08,0.279417,0.421528,8.70712e-09,0.421528,1.64903e-07,0.421528,-2.51243e-08,-6.94174e-09,0.421528,1.64903e-07,0.966929
0.323753,0.704711,8.89649e-08,-3.34247e-08,8.89649e-08,0.21247,-4.98058e-08,-3.34247e-08,-4.98058e-08,0.212471,0.317261,-1.95722e-09,0.317261,3.81472e-08,-3.55154e-08,-1.95722e-09,-3.55154e-08,-5.0057e-07,0.317261,-1.43074e-08,2.16395e-07,-3.31006e-08,0.317261,-3.31006e-08,3.87306e-08,0.317261,3.81472e-08,-3.55154e-08,-1.95722e-09,-3.55154e-08,-5.0057e-07,0.704711,-3.59012e-07,-6.08585e-08,-3.59012e-07,0.21247,0.317261,-2.24959e-08,0.317261,-3.65157e-07,0.317261,-3.31006e-08,3.87306e-08,0.317261,-3.65157e-07,0.704711
0.278534,0.423054,4.58332e-07,2.65398e-07,4.58332e-07,0.138634,-1.76497e-07,2.65398e-07,-1.76497e-07,0.138633,0.194781,-3.88414e-07,0.194781,-4.01834e-09,2.02983e-07,-3.88414e-07,2.02983e-07,-3.75272e-07,0.194781,-3.58539e-07,-1.45381e-07,-3.4025e-07,0.194781,-3.4025e-07,1.89815e-07,0.194781,-4.01834e-09,2.02983e-07,-3.88414e-07,2.02983e-07,-3.75272e-07,0.423052,-3.6037e-07,-3.52081e-07,-3.6037e-07,0.138634,0.194781,-2.08791e-07,0.194781,-3.36052e-08,0.194781,-3.4025e-07,1.89815e-07,0.194781,-3.36052e-08,0.423053
0.233315,0.261061,9.71779e-09,-1.30279e-07,9.71779e-09,0.0984203,-1.07957e-07,-1.30279e-07,-1.07957e-07,0.0984193,0.124456,2.8984e-08,0.124456,-7.88217e-08,3.87587e-07,2.8984e-08,3.87587e-07,5.17884e-07,0.124456,2.64789e-08,-1.78925e-07,-3.36902e-07,0.124456,-3.36902e-07,1.1865e-07,0.124456,-7.88217e-08,3.87587e-07,2.8984e-08,3.87587e-07,5.17884e-07,0.26106,1.19146e-07,-2.54164e-08,1.19146e-07,0.0984209,0.124456,4.26298e-07,0.124456,2.1928e-07,0.124456,-3.36902e-07,1.1865e-07,0.124456,2.1928e-07,0.26106
0.188096,0.164856,-5.61245e-07,-9.86359e-08,-5.61245e-07,0.0677216,1.0778e-07,-9.86359e-08,1.0778e-07,0.0677206,0.0785988,-1.35854e-07,0.0785988,-3.23099e-07,3.86994e-07,-1.35854e-07,3.86994e-07,5.39894e-07,0.0785991,2.41368e-07,4.71822e-07,1.34152e-07,0.0785991,1.34152e-07,6.7459e-08,0.0785988,-3.23099e-07,3.86994e-07,-1.35854e-07,3.86994e-07,5.39894e-07,0.164856,2.19148e-07,3.07283e-07,2.19148e-07,0.0677211,0.0785989,2.16568e-08,0.0785989,5.25579e-07,0.0785991,1.34152e-07,6.7459e-08,0.0785989,5.25579e-07,0.164856
0.142877,0.0840736,-3.45034e-07,-1.24573e-08,-3.45034e-07,0.0371481,6.35826e-09,-1.24573e-08,6.35826e-09,0.0371483,0.0392434,3.00316e-07,0.0392434,-1.18125e-08,1.99368e-07,3.00316e-07,1.99368e-07,-5.05629e-07,0.0392435,2.79561e-07,-1.45224e-07,-1.68203e-07,0.0392435,-1.68203e-07,2.49536e-07,0.0392434,-1.18125e-08,1.99368e-07,3.00316e-07,1.99368e-07,-5.05629e-07,0.0840742,-4.86178e-08,-1.45439e-10,-4.86178e-08,0.037148,0.0392436,-8.6106e-08,0.0392436,-5.6144e-08,0.0392435,-1.68203e-07,2.49536e-07,0.0392436,-5.6144e-08,0.0840741
0.447657,1.19609,-7.00147e-09,6.85766e-09,-7.00147e-09,0.340068,-3.52865e-08,6.85766e-09,-3.52865e-08,0.340067,0.512081,-1.05246e-08,0.512081,-4.16517e-09,3.79693e-08,-1.05246e-08,3.79693e-08,2.20871e-08,0.512081,9.07922e-09,-5.67343e-08,-2.63585e-08,0.512081,-2.63585e-08,1.98267e-08,0.512081,-4.16517e-09,3.79693e-08,-1.05246e-08,3.79693e-08,2.20871e-08,1.19609,1.42098e-07,-2.90131e-08,1.42098e-07,0.340068,0.512081,-4.04571e-08,0.512081,8.17546e-09,0.512081,-2.63585e-08,1.98267e-08,0.512081,8.17546e-09,1.19609
0.402438,1.06589,9.29114e-08,-4.18743e-08,9.29114e-08,0.304467,3.82353e-08,-4.18743e-08,3.82353e-08,0.304466,0.459915,-5.51833e-08,0.459915,1.05064e-07,1.06007e-07,-5.51833e-08,1.06007e-07,3.27748e-08,0.459915,-6.30361e-08,-5.94527e-08,-6.15412e-08,0.459915,-6.15412e-08,4.54377e-08,0.459915,1.05064e-07,1.06007e-07,-5.51833e-08,1.06007e-07,3.27748e-08,1.06589,1.70752e-07,4.70624e-08,1.70752e-07,0.304468,0.459915,6.9275e-09,0.459915,-1.98108e-08,0.459915,-6.15412e-08,4.54377e-08,0.459915,-1.98108e-08,1.06589
0.357219,0.895574,2.09001e-07,-2.35818e-07,2.09001e-07,0.261467,7.25611e-08,-2.35818e-07,7.25611e-08,0.261467,0.393715,-5.44437e-08,0.393715,1.45788e-07,1.11724e-09,-5.44437e-08,1.11724e-09,4.54841e-08,0.393715,-7.91144e-08,5.84194e-08,-5.69037e-08,0.393715,-5.69037e-08,-6.87824e-09,0.393715,1.45788e-07,1.11724e-09,-5.44437e-08,1.11724e-09,4.54841e-08,0.895574,-8.60825e-09,5.82402e-08,-8.60825e-09,0.261468,0.393715,1.07357e-07,0.393715,9.63787e-08,0.393715,-5.69037e-08,-6.87824e-09,0.393715,9.63787e-08,0.895574
0.312,0.673413,2.83321e-07,2.15768e-08,2.83321e-07,0.206032,3.35163e-09,2.15768e-08,3.35163e-09,0.206033,0.305308,-2.35774e-08,0.305308,2.47683e-08,-8.3626e-08,-2.35774e-08,-8.3626e-08,-4.81853e-07,0.305308,-3.77095e-08,2.40508e-07,2.56483e-08,0.305308,2.56483e-08,1.25425e-08,0.305308,2.47683e-08,-8.3626e-08,-2.35774e-08,-8.3626e-08,-4.81853e-07,0.673413,-3.55228e-07,-1.4024e-07,-3.55228e-07,0.206032,0.305308,-6.17565e-08,0.305308,-3.66563e-07,0.305308,2.56483e-08,1.25425e-08,0.305308,-3.66563e-07,0.673413
0.266781,0.364506,2.28021e-07,2.81052e-07,2.28021e-07,0.127648,-2.59338e-08,2.81052e-07,-2.59338e-08,0.127648,0.173534,-2.36077e-07,0.173534,-2.27371e-07,3.416e-07,-2.36077e-07,3.416e-07,3.59199e-07,0.173534,-1.53397e-07,-2.26947e-07,-4.37409e-07,0.173534,-4.37409e-07,1.90085e-07,0.173534,-2.27371e-07,3.416e-07,-2.36077e-07,3.416e-07,3.59199e-07,0.364506,-3.27475e-07,-3.2258e-07,-3.27475e-07,0.127648,0.173534,-2.36864e-07,0.173534,-1.64397e-07,0.173534,-4.37409e-07,1.90085e-07,0.173534,-1.64397e-07,0.364506
0.221561,0.219028,-2.63525e-07,-3.88798e-09,-2.63525e-07,0.0855547,7.48902e-08,-3.88798e-09,7.48902e-08,0.0855534,0.105067,-1.64842e-07,0.105067,-6.38575e-08,3.18099e-07,-1.64842e-07,3.18099e-07,4.77797e-07,0.105067,2.34441e-07,-2.4432e-07,1.02727e-07,0.105067,1.02727e-07,1.43763e-07,0.105067,-6.38575e-08,3.18099e-07,-1.64842e-07,3.18099e-07,4.77797e-07,0.219029,1.91153e-08,-8.79878e-08,1.91153e-08,0.0855546,0.105067,3.14094e-07,0.105067,1.06792e-07,0.105067,1.02727e-07,1.43763e-07,0.105067,1.06792e-07,0.219029
0.176342,0.126402,-3.07036e-07,1.10879e-07,-3.07036e-07,0.054975,-5.19483e-08,1.10879e-07,-5.19483e-08,0.0549745,0.0616083,6.53022e-09,0.0616083,-1.70379e-07,3.10684e-07,6.53022e-09,3.10684e-07,1.40747e-07,0.0616087,1.28751e-08,-2.04413e-07,-6.70757e-08,0.0616087,-6.70757e-08,1.44832e-07,0.0616083,-1.70379e-07,3.10684e-07,6.53022e-09,3.10684e-07,1.40747e-07,0.126403,2.74514e-07,6.5894e-08,2.74514e-07,0.0549749,0.0616086,-3.59104e-08,0.0616086,5.66523e-07,0.0616087,-6.70757e-08,1.44832e-07,0.0616086,5.66523e-07,0.126403
0.131123,0.0677711,-2.09579e-07,-8.68479e-08,-2.09579e-07,0.0314462,2.23153e-07,-8.68479e-08,2.23153e-07,0.0314469,0.0330134,1.79248e-07,0.0330134,1.67973e-07,2.67023e-07,1.79248e-07,2.67023e-07,-7.26568e-07,0.0330135,1.58314e-07,-2.8179e-07,-1.78189e-08,0.0330135,-1.78189e-08,2.13699e-08,0.0330134,1.67973e-07,2.67023e-07,1.79248e-07,2.67023e-07,-7.26568e-07,0.0677715,-6.035e-08,8.3159e-08,-6.035e-08,0.0314466,0.0330135,-1.13369e-08,0.0330135,3.52524e-07,0.0330135,-1.78189e-08,2.13699e-08,0.0330135,3.52524e-07,0.0677711
0.435904,1.16528,3.13303e-08,1.41409e-08,3.13303e-08,0.332106,-2.98626e-08,1.41409e-08,-2.98626e-08,0.332106,0.498916,-2.01434e-08,0.498916,2.26234e-08,5.45922e-08,-2.01434e-08,5.45922e-08,3.697e-08,0.498915,-4.63619e-08,-7.45354e-08,-1.40605e-08,0.498915,-1.40605e-08,2.93335e-09,0.498916,2.26234e-08,5.45922e-08,-2.01434e-08,5.45922e-08,3.697e-08,1.16528,1.37335e-07,-1.21953e-08,1.37335e-07,0.332107,0.498915,-2.47158e-08,0.498915,5.6783e-08,0.498915,-1.40605e-08,2.93335e-09,0.498915,5.6783e-08,1.16528
0.390685,1.03364,1.65199e-07,-5.3234e-08,1.65199e-07,0.29699,3.01941e-08,-5.3234e-08,3.01941e-08,0.296989,0.44678,-8.06141e-08,0.44678,1.16306e-07,9.87108e-08,-8.06141e-08,9.87108e-08,7.88711e-08,0.44678,-9.15749e-08,-6.59742e-08,-6.42318e-08,0.44678,-6.42318e-08,2.93591e-08,0.44678,1.16306e-07,9.87108e-08,-8.06141e-08,9.87108e-08,7.88711e-08,1.03364,1.43611e-07,8.53457e-08,1.43611e-07,0.296991,0.44678,3.59665e-08,0.44678,7.631e-08,0.44678,-6.42318e-08,2.93591e-08,0.44678,7.631e-08,1.03364
0.345465,0.781943,1.87422e-07,-3.0836e-07,1.87422e-07,0.234609,-5.82659e-09,-3.0836e-07,-5.82659e-09,0.234609,0.350348,-9.63393e-10,0.350348,1.86776e-07,-6.01189e-08,-9.63393e-10,-6.01189e-08,-2.43514e-07,0.350348,3.78632e-09,2.44292e-07,5.90387e-08,0.350348,5.90387e-08,-3.56009e-09,0.350348,1.86776e-07,-6.01189e-08,-9.63393e-10,-6.01189e-08,-2.43514e-07,0.781942,-2.74975e-07,7.25405e-08,-2.74975e-07,0.234608,0.350348,9.56731e-08,0.350348,-1.65411e-07,0.350348,5.90387e-08,-3.56009e-09,0.350348,-1.65411e-07,0.781943
0.300246,0.544223,3.06881e-07,3.27764e-07,3.06881e-07,0.176266,-7.89343e-10,3.27764e-07,-7.89343e-10,0.176269,0.254055,-3.20571e-07,0.254055,-5.99411e-07,-1.46863e-08,-3.20571e-07,-1.46863e-08,-5.36779e-07,0.254055,-3.95834e-07,-2.09391e-07,-1.17474e-07,0.254055,-1.17474e-07,2.27379e-07,0.254055,-5.99411e-07,-1.46863e-08,-3.20571e-07,-1.46863e-08,-5.36779e-07,0.544222,-4.02371e-07,-2.63831e-07,-4.02371e-07,0.176268,0.254055,-1.73493e-07,0.254055,-1.66264e-07,0.254055,-1.17474e-07,2.27379e-07,0.254055,-1.66264e-07,0.544222
0.255027,0.336971,3.72092e-07,3.80641e-07,3.72092e-07,0.118807,1.94136e-07,3.80641e-07,1.94136e-07,0.118806,0.159174,-1.6464e-07,0.159174,-1.98629e-07,3.08147e-07,-1.6464e-07,3.08147e-07,2.5428e-07,0.159174,-1.56798e-07,-1.79653e-07,-3.20525e-07,0.159174,-3.20525e-07,1.88433e-07,0.159174,-1.98629e-07,3.08147e-07,-1.6464e-07,3.08147e-07,2.5428e-07,0.336971,-1.38995e-07,-2.95408e-07,-1.38995e-07,0.118807,0.159175,-1.34745e-08,0.159175,-1.89573e-07,0.159174,-3.20525e-07,1.88433e-07,0.159175,-1.89573e-07,0.336972
0.209808,0.210114,-2.85242e-07,-5.35644e-08,-2.85242e-07,0.080739,7.45891e-08,-5.35644e-08,7.45891e-08,0.0807374,0.0986728,-1.95728e-07,0.0986728,-1.06034e-07,5.0723e-07,-1.95728e-07,5.0723e-07,5.8536e-07,0.098673,4.07431e-07,-3.07211e-08,1.82675e-08,0.098673,1.82675e-08,1.57511e-07,0.0986728,-1.06034e-07,5.0723e-07,-1.95728e-07,5.0723e-07,5.8536e-07,0.210114,1.33756e-07,-3.85813e-08,1.33756e-07,0.0807389,0.0986725,2.0281e-07,0.0986725,1.69224e-07,0.098673,1.82675e-08,1.57511e-07,0.0986725,1.69224e-07,0.210114
0.164589,0.126402,-3.07036e-07,1.10879e-07,-3.07036e-07,0.054975,-5.19483e-08,1.10879e-07,-5.19483e-08,0.0549745,0.0616083,6.53022e-09,0.0616083,-1.70379e-07,3.10684e-07,6.53022e-09,3.10684e-07,1.40747e-07,0.0616087,1.28751e-08,-2.04413e-07,-6.70757e-08,0.0616087,-6.70757e-08,1.44832e-07,0.0616083,-1.70379e-07,3.10684e-07,6.53022e-09,3.10684e-07,1.40747e-07,0.126403,2.74514e-07,6.5894e-08,2.74514e-07,0.0549749,0.0616086,-3.59104e-08,0.0616086,5.66523e-07,0.0616087,-6.70757e-08,1.44832e-07,0.0616086,5.66523e-07,0.126403
0.119369,0.0519367,-1.059e-08,-2.12185e-07,-1.059e-08,0.0248186,1.04479e-07,-2.12185e-07,1.04479e-07,0.0248191,0.0253704,7.63374e-09,0.0253704,-1.53191e-07,6.79247e-08,7.63374e-09,6.79247e-08,-1.33168e-07,0.0253705,5.72067e-08,-2.69055e-07,-6.73889e-08,0.0253705,-6.73889e-08,1.96921e-08,0.0253704,-1.53191e-07,6.79247e-08,7.63374e-09,6.79247e-08,-1.33168e-07,0.0519366,8.93521e-08,7.00736e-08,8.93521e-08,0.0248187,0.0253705,-5.23859e-08,0.0253705,6.67189e-08,0.0253705,-6.73889e-08,1.96921e-08,0.0253705,6.67189e-08,0.0519366
0.42415,1.14302,5.78461e-08,-1.29745e-08,5.78461e-08,0.325453,-1.93903e-08,-1.29745e-08,-1.93903e-08,0.325453,0.489927,-4.99613e-08,0.489927,3.30212e-08,7.77683e-08,-4.99613e-08,7.77683e-08,2.54721e-08,0.489927,-4.58984e-08,-7.30658e-08,-2.18055e-08,0.489927,-2.18055e-08,1.67776e-08,0.489927,3.30212e-08,7.77683e-08,-4.99613e-08,7.77683e-08,2.54721e-08,1.14302,1.62006e-07,2.45265e-08,1.62006e-07,0.325454,0.489927,2.08841e-08,0.489927,4.18462e-08,0.489927,-2.18055e-08,1.67776e-08,0.489927,4.18462e-08,1.14302
0.378931,0.989919,2.12686e-07,-9.82704e-08,2.12686e-07,0.285764,-1.63464e-09,-9.82704e-08,-1.63464e-09,0.285765,0.430522,-7.05608e-08,0.430522,1.42295e-07,-1.53133e-08,-7.05608e-08,-1.53133e-08,8.51035e-08,0.430522,-1.027e-07,-4.51747e-08,-3.97938e-09,0.430522,-3.97938e-09,-3.69857e-09,0.430522,1.42295e-07,-1.53133e-08,-7.05608e-08,-1.53133e-08,8.51035e-08,0.989919,-2.10244e-08,6.79487e-08,-2.10244e-08,0.285765,0.430522,2.20211e-08,0.430522,1.82189e-07,0.430522,-3.97938e-09,-3.69857e-09,0.430522,1.82189e-07,0.989919
0.333712,0.736144,1.59553e-07,-4.72598e-08,1.59553e-07,0.221211,4.44328e-09,-4.72598e-08,4.44328e-09,0.221212,0.330971,1.29953e-08,0.330971,5.17781e-08,-7.49223e-08,1.29953e-08,-7.49223e-08,-3.92548e-07,0.330971,1.82457e-09,2.04569e-07,5.79699e-08,0.330971,5.79699e-08,8.11887e-09,0.330971,5.17781e-08,-7.49223e-08,1.29953e-08,-7.49223e-08,-3.92548e-07,0.736144,-3.54283e-07,-4.38045e-08,-3.54283e-07,0.221211,0.330971,7.64692e-09,0.330971,-2.8744e-07,0.330971,5.79699e-08,8.11887e-09,0.330971,-2.8744e-07,0.736144
0.288493,0.517335,3.39085e-07,2.92425e-07,3.39085e-07,0.167623,-6.46621e-08,2.92425e-07,-6.46621e-08,0.167624,0.241304,-3.70913e-07,0.241304,-2.70268e-07,1.36286e-08,-3.70913e-07,1.36286e-08,-6.59171e-07,0.241304,-4.76944e-07,-3.32628e-07,-1.28953e-07,0.241304,-1.28953e-07,2.89698e-07,0.241304,-2.70268e-07,1.36286e-08,-3.70913e-07,1.36286e-08,-6.59171e-07,0.517334,-4.54062e-07,-2.87388e-07,-4.54062e-07,0.167624,0.241304,-2.75106e-07,0.241304,-2.22659e-07,0.241304,-1.28953e-07,2.89698e-07,0.241304,-2.22659e-07,0.517335
0.243274,0.336971,3.72092e-07,3.80641e-07,3.72092e-07,0.118807,1.94136e-07,3.80641e-07,1.94136e-07,0.118806,0.159174,-1.6464e-07,0.159174,-1.98629e-07,3.08147e-07,-1.6464e-07,3.08147e-07,2.5428e-07,0.159174,-1.56798e-07,-1.79653e-07,-3.20525e-07,0.159174,-3.20525e-07,1.88433e-07,0.159174,-1.98629e-07,3.08147e-07,-1.6464e-07,3.08147e-07,2.5428e-07,0.336971,-1.38995e-07,-2.95408e-07,-1.38995e-07,0.118807,0.159175,-1.34745e-08,0.159175,-1.89573e-07,0.159174,-3.20525e-07,1.88433e-07,0.159175,-1.89573e-07,0.336972
0.198054,0.164856,-5.61245e-07,-9.86359e-08,-5.61245e-07,0.0677216,1.0778e-07,-9.86359e-08,1.0778e-07,0.0677206,0.0785988,-1.35854e-07,0.0785988,-3.23099e-07,3.86994e-07,-1.35854e-07,3.86994e-07,5.39894e-07,0.0785991,2.41368e-07,4.71822e-07,1.34152e-07,0.0785991,1.34152e-07,6.7459e-08,0.0785988,-3.23099e-07,3.86994e-07,-1.35854e-07,3.86994e-07,5.39894e-07,0.164856,2.19148e-07,3.07283e-07,2.19148e-07,0.0677211,0.0785989,2.16568e-08,0.0785989,5.25579e-07,0.0785991,1.34152e-07,6.7459e-08,0.0785989,5.25579e-07,0.164856
0.152835,0.0840736,-3.45034e-07,-1.24573e-08,-3.45034e-07,0.0371481,6.35826e-09,-1.24573e-08,6.35826e-09,0.0371483,0.0392434,3.00316e-07,0.0392434,-1.18125e-08,1.99368e-07,3.00316e-07,1.99368e-07,-5.05629e-07,0.0392435,2.79561e-07,-1.45224e-07,-1.68203e-07,0.0392435,-1.68203e-07,2.49536e-07,0.0392434,-1.18125e-08,1.99368e-07,3.00316e-07,1.99368e-07,-5.05629e-07,0.0840742,-4.86178e-08,-1.45439e-10,-4.86178e-08,0.037148,0.0392436,-8.6106e-08,0.0392436,-5.6144e-08,0.0392435,-1.68203e-07,2.49536e-07,0.0392436,-5.6144e-08,0.0840741
0.107616,0.0519367,-1.059e-08,-2.12185e-07,-1.059e-08,0.0248186,1.04479e-07,-2.12185e-07,1.04479e-07,0.0248191,0.0253704,7.63374e-09,0.0253704,-1.53191e-07,6.79247e-08,7.63374e-09,6.79247e-08,-1.33168e-07,0.0253705,5.72067e-08,-2.69055e-07,-6.73889e-08,0.0253705,-6.73889e-08,1.96921e-08,0.0253704,-1.53191e-07,6.79247e-08,7.63374e-09,6.79247e-08,-1.33168e-07,0.0519366,8.93521e-08,7.00736e-08,8.93521e-08,0.0248187,0.0253705,-5.23859e-08,0.0253705,6.67189e-08,0.0253705,-6.73889e-08,1.96921e-08,0.0253705,6.67189e-08,0.0519366
0.412397,1.1251,6.25613e-08,-2.11678e-08,6.25613e-08,0.320746,-2.03003e-08,-2.11678e-08,-2.03003e-08,0.320746,0.483527,-5.12956e-08,0.483527,4.9425e-08,9.06209e-08,-5.12956e-08,9.06209e-08,3.08308e-08,0.483527,-5.02884e-08,-7.85382e-08,-3.57075e-08,0.483527,-3.57075e-08,1.83874e-08,0.483527,4.9425e-08,9.06209e-08,-5.12956e-08,9.06209e-08,3.08308e-08,1.1251,1.69974e-07,1.73474e-08,1.69974e-07,0.320747,0.483527,1.27731e-08,0.483527,2.91644e-08,0.483527,-3.57075e-08,1.83874e-08,0.483527,2.91644e-08,1.1251
0.367178,0.948658,1.06838e-07,-1.10602e-07,1.06838e-07,0.274803,1.38795e-08,-1.10602e-07,1.38795e-08,0.274802,0.415002,-5.18158e-08,0.415002,1.01165e-07,-6.82361e-10,-5.18158e-08,-6.82361e-10,8.01721e-08,0.415003,-9.32274e-08,1.49272e-08,-5.16367e-08,0.415003,-5.16367e-08,-2.07975e-08,0.415002,1.01165e-07,-6.82361e-10,-5.18158e-08,-6.82361e-10,8.01721e-08,0.948658,-2.38076e-08,2.32945e-08,-2.38076e-08,0.274803,0.415002,-1.57145e-08,0.415002,1.54395e-07,0.415003,-5.16367e-08,-2.07975e-08,0.415002,1.54395e-07,0.948658
0.321958,0.673413,2.83321e-07,2.15768e-08,2.83321e-07,0.206032,3.35163e-09,2.15768e-08,3.35163e-09,0.206033,0.305308,-2.35774e-08,0.305308,2.47683e-08,-8.3626e-08,-2.35774e-08,-8.3626e-08,-4.81853e-07,0.305308,-3.77095e-08,2.40508e-07,2.56483e-08,0.305308,2.56483e-08,1.25425e-08,0.305308,2.47683e-08,-8.3626e-08,-2.35774e-08,-8.3626e-08,-4.81853e-07,0.673413,-3.55228e-07,-1.4024e-07,-3.55228e-07,0.206032,0.305308,-6.17565e-08,0.305308,-3.66563e-07,0.305308,2.56483e-08,1.25425e-08,0.305308,-3.66563e-07,0.673413
0.276739,0.423054,4.58332e-07,2.65398e-07,4.58332e-07,0.138634,-1.76497e-07,2.65398e-07,-1.76497e-07,0.138633,0.194781,-3.88414e-07,0.194781,-4.01834e-09,2.02983e-07,-3.88414e-07,2.02983e-07,-3.75272e-07,0.194781,-3.58539e-07,-1.45381e-07,-3.4025e-07,0.194781,-3.4025e-07,1.89815e-07,0.194781,-4.01834e-09,2.02983e-07,-3.88414e-07,2.02983e-07,-3.75272e-07,0.423052,-3.6037e-07,-3.52081e-07,-3.6037e-07,0.138634,0.194781,-2.08791e-07,0.194781,-3.36052e-08,0.194781,-3.4025e-07,1.89815e-07,0.194781,-3.36052e-08,0.423053
0.23152,0.261061,9.71779e-09,-1.30279e-07,9.71779e-09,0.0984203,-1.07957e-07,-1.30279e-07,-1.07957e-07,0.0984193,0.124456,2.8984e-08,0.124456,-7.88217e-08,3.87587e-07,2.8984e-08,3.87587e-07,5.17884e-07,0.124456,2.64789e-08,-1.78925e-07,-3.36902e-07,0.124456,-3.36902e-07,1.1865e-07,0.124456,-7.88217e-08,3.87587e-07,2.8984e-08,3.87587e-07,5.17884e-07,0.26106,1.19146e-07,-2.54164e-08,1.19146e-07,0.0984209,0.124456,4.26298e-07,0.124456,2.1928e-07,0.124456,-3.36902e-07,1.1865e-07,0.124456,2.1928e-07,0.26106
0.186301,0.164856,-5.61245e-07,-9.86359e-08,-5.61245e-07,0.0677216,1.0778e-07,-9.86359e-08,1.0778e-07,0.0677206,0.0785988,-1.35854e-07,0.0785988,-3.23099e-07,3.86994e-07,-1.35854e-07,3.86994e-07,5.39894e-07,0.0785991,2.41368e-07,4.71822e-07,1.34152e-07,0.0785991,1.34152e-07,6.7459e-08,0.0785988,-3.23099e-07,3.86994e-07,-1.35854e-07,3.86994e-07,5.39894e-07,0.164856,2.19148e-07,3.07283e-07,2.19148e-07,0.0677211,0.0785989,2.16568e-08,0.0785989,5.25579e-07,0.0785991,1.34152e-07,6.7459e-08,0.0785989,5.25579e-07,0.164856
0.141082,0.0840736,-3.45034e-07,-1.24573e-08,-3.45034e-07,0.0371481,6.35826e-09,-1.24573e-08,6.35826e-09,0.0371483,0.0392434,3.00316e-07,0.0392434,-1.18125e-08,1.99368e-07,3.00316e-07,1.99368e-07,-5.05629e-07,0.0392435,2.79561e-07,-1.45224e-07,-1.68203e-07,0.0392435,-1.68203e-07,2.49536e-07,0.0392434,-1.18125e-08,1.99368e-07,3.00316e-07,1.99368e-07,-5.05629e-07,0.0840742,-4.86178e-08,-1.45439e-10,-4.86178e-08,0.037148,0.0392436,-8.6106e-08,0.0392436,-5.6144e-08,0.0392435,-1.68203e-07,2.49536e-07,0.0392436,-5.6144e-08,0.0840741
0.445862,1.19609,-7.00147e-09,6.85766e-09,-7.00147e-09,0.340068,-3.52865e-08,6.85766e-09,-3.52865e-08,0.340067,0.512081,-1.05246e-08,0.512081,-4.16517e-09,3.79693e-08,-1.05246e-08,3.79693e-08,2.20871e-08,0.512081,9.07922e-09,-5.67343e-08,-2.63585e-08,0.512081,-2.63585e-08,1.98267e-08,0.512081,-4.16517e-09,3.79693e-08,-1.05246e-08,3.79693e-08,2.20871e-08,1.19609,1.42098e-07,-2.90131e-08,1.42098e-07,0.340068,0.512081,-4.04571e-08,0.512081,8.17546e-09,0.512081,-2.63585e-08,1.98267e-08,0.512081,8.17546e-09,1.19609
0.400643,1.06589,9.29114e-08,-4.18743e-08,9.29114e-08,0.304467,3.82353e-08,-4.18743e-08,3.82353e-08,0.304466,0.459915,-5.51833e-08,0.459915,1.05064e-07,1.06007e-07,-5.51833e-08,1.06007e-07,3.27748e-08,0.459915,-6.30361e-08,-5.94527e-08,-6.15412e-08,0.459915,-6.15412e-08,4.54377e-08,0.459915,1.05064e-07,1.06007e-07,-5.51833e-08,1.06007e-07,3.27748e-08,1.06589,1.70752e-07,4.70624e-08,1.70752e-07,0.304468,0.459915,6.9275e-09,0.459915,-1.98108e-08,0.459915,-6.15412e-08,4.54377e-08,0.459915,-1.98108e-08,1.06589
0.355424,0.895574,2.09001e-07,-2.35818e-07,2.09001e-07,0.261467,7.25611e-08,-2.35818e-07,7.25611e-08,0.261467,0.393715,-5.44437e-08,0.393715,1.45788e-07,1.11724e-09,-5.44437e-08,1.11724e-09,4.54841e-08,0.393715,-7.91144e-08,5.84194e-08,-5.69037e-08,0.393715,-5.69037e-08,-6.87824e-09,0.393715,1.45788e-07,1.11724e-09,-5.44437e-08,1.11724e-09,4.54841e-08,0.895574,-8.60825e-09,5.82402e-08,-8.60825e-09,0.261468,0.393715,1.07357e-07,0.393715,9.63787e-08,0.393715,-5.69037e-08,-6.87824e-09,0.393715,9.63787e-08,0.895574
0.310205,0.579668,3.52156e-07,1.14057e-07,3.52156e-07,0.183724,-5.52255e-09,1.14057e-07,-5.52255e-09,0.183726,0.268076,-4.74357e-08,0.268076,-3.97806e-07,1.4343e-10,-4.74357e-08,1.4343e-10,-5.11603e-07,0.268076,-2.65275e-07,-2.24882e-07,-1.09976e-07,0.268076,-1.09976e-07,3.05701e-07,0.268076,-3.97806e-07,1.4343e-10,-4.74357e-08,1.4343e-10,-5.11603e-07,0.579667,-3.63514e-07,-2.73547e-07,-3.63514e-07,0.183726,0.268076,-1.75772e-07,0.268076,-3.32527e-08,0.268076,-1.09976e-07,3.05701e-07,0.268076,-3.32527e-08,0.579667
0.264986,0.364506,2.28021e-07,2.81052e-07,2.28021e-07,0.127648,-2.59338e-08,2.81052e-07,-2.59338e-08,0.127648,0.173534,-2.36077e-07,0.173534,-2.27371e-07,3.416e-07,-2.36077e-07,3.416e-07,3.59199e-07,0.173534,-1.53397e-07,-2.26947e-07,-4.37409e-07,0.173534,-4.37409e-07,1.90085e-07,0.173534,-2.27371e-07,3.416e-07,-2.36077e-07,3.416e-07,3.59199e-07,0.364506,-3.27475e-07,-3.2258e-07,-3.27475e-07,0.127648,0.173534,-2.36864e-07,0.173534,-1.64397e-07,0.173534,-4.37409e-07,1.90085e-07,0.173534,-1.64397e-07,0.364506
0.219766,0.219028,-2.63525e-07,-3.88798e-09,-2.63525e-07,0.0855547,7.48902e-08,-3.88798e-09,7.48902e-08,0.0855534,0.105067,-1.64842e-07,0.105067,-6.38575e-08,3.18099e-07,-1.64842e-07,3.18099e-07,4.77797e-07,0.105067,2.34441e-07,-2.4432e-07,1.02727e-07,0.105067,1.02727e-07,1.43763e-07,0.105067,-6.38575e-08,3.18099e-07,-1.64842e-07,3.18099e-07,4.77797e-07,0.219029,1.91153e-08,-8.79878e-08,1.91153e-08,0.0855546,0.105067,3.14094e-07,0.105067,1.06792e-07,0.105067,1.02727e-07,1.43763e-07,0.105067,1.06792e-07,0.219029
0.174547,0.126402,-3.07036e-07,1.10879e-07,-3.07036e-07,0.054975,-5.19483e-08,1.10879e-07,-5.19483e-08,0.0549745,0.0616083,6.53022e-09,0.0616083,-1.70379e-07,3.10684e-07,6.53022e-09,3.10684e-07,1.40747e-07,0.0616087,1.28751e-08,-2.04413e-07,-6.70757e-08,0.0616087,-6.70757e-08,1.44832e-07,0.0616083,-1.70379e-07,3.10684e-07,6.53022e-09,3.10684e-07,1.40747e-07,0.126403,2.74514e-07,6.5894e-08,2.74514e-07,0.0549749,0.0616086,-3.59104e-08,0.0616086,5.66523e-07,0.0616087,-6.70757e-08,1.44832e-07,0.0616086,5.66523e-07,0.126403
0.129328,0.0677711,-2.09579e-07,-8.68479e-08,-2.09579e-07,0.0314462,2.23153e-07,-8.68479e-08,2.23153e-07,0.0314469,0.0330134,1.79248e-07,0.0330134,1.67973e-07,2.67023e-07,1.79248e-07,2.67023e-07,-7.26568e-07,0.0330135,1.58314e-07,-2.8179e-07,-1.78189e-08,0.0330135,-1.78189e-08,2.13699e-08,0.0330134,1.67973e-07,2.67023e-07,1.79248e-07,2.67023e-07,-7.26568e-07,0.0677715,-6.035e-08,8.3159e-08,-6.035e-08,0.0314466,0.0330135,-1.13369e-08,0.0330135,3.52524e-07,0.0330135,-1.78189e-08,2.13699e-08,0.0330135,3.52524e-07,0.0677711
0.434109,1.16528,3.13303e-08,1.41409e-08,3.13303e-08,0.332106,-2.98626e-08,1.41409e-08,-2.98626e-08,0.332106,0.498916,-2.01434e-08,0.498916,2.26234e-08,5.45922e-08,-2.01434e-08,5.45922e-08,3.697e-08,0.498915,-4.63619e-08,-7.45354e-08,-1.40605e-08,0.498915,-1.40605e-08,2.93335e-09,0.498916,2.26234e-08,5.45922e-08,-2.01434e-08,5.45922e-08,3.697e-08,1.16528,1.37335e-07,-1.21953e-08,1.37335e-07,0.332107,0.498915,-2.47158e-08,0.498915,5.6783e-08,0.498915,-1.40605e-08,2.93335e-09,0.498915,5.6783e-08,1.16528
0.38889,1.03364,1.65199e-07,-5.3234e-08,1.65199e-07,0.29699,3.01941e-08,-5.3234e-08,3.01941e-08,0.296989,0.44678,-8.06141e-08,0.44678,1.16306e-07,9.87108e-08,-8.06141e-08,9.87108e-08,7.88711e-08,0.44678,-9.15749e-08,-6.59742e-08,-6.42318e-08,0.44678,-6.42318e-08,2.93591e-08,0.44678,1.16306e-07,9.87108e-08,-8.06141e-08,9.87108e-08,7.88711e-08,1.03364,1.43611e-07,8.53457e-08,1.43611e-07,0.296991,0.44678,3.59665e-08,0.44678,7.631e-08,0.44678,-6.42318e-08,2.93591e-08,0.44678,7.631e-08,1.03364
0.34367,0.736144,1.59553e-07,-4.72598e-08,1.59553e-07,0.221211,4.44328e-09,-4.72598e-08,4.44328e-09,0.221212,0.330971,1.29953e-08,0.330971,5.17781e-08,-7.49223e-08,1.29953e-08,-7.49223e-08,-3.92548e-07,0.330971,1.82457e-09,2.04569e-07,5.79699e-08,0.330971,5.79699e-08,8.11887e-09,0.330971,5.17781e-08,-7.49223e-08,1.29953e-08,-7.49223e-08,-3.92548e-07,0.736144,-3.54283e-07,-4.38045e-08,-3.54283e-07,0.221211,0.330971,7.64692e-09,0.330971,-2.8744e-07,0.330971,5.79699e-08,8.11887e-09,0.330971,-2.8744e-07,0.736144
0.298451,0.544223,3.06881e-07,3.27764e-07,3.06881e-07,0.176266,-7.89343e-10,3.27764e-07,-7.89343e-10,0.176269,0.254055,-3.20571e-07,0.254055,-5.99411e-07,-1.46863e-08,-3.20571e-07,-1.46863e-08,-5.36779e-07,0.254055,-3.95834e-07,-2.09391e-07,-1.17474e-07,0.254055,-1.17474e-07,2.27379e-07,0.254055,-5.99411e-07,-1.46863e-08,-3.20571e-07,-1.46863e-08,-5.36779e-07,0.544222,-4.02371e-07,-2.63831e-07,-4.02371e-07,0.176268,0.254055,-1.73493e-07,0.254055,-1.66264e-07,0.254055,-1.17474e-07,2.27379e-07,0.254055,-1.66264e-07,0.544222
0.253232,0.336971,3.72092e-07,3.80641e-07,3.72092e-07,0.118807,1.94136e-07,3.80641e-07,1.94136e-07,0.118806,0.159174,-1.6464e-07,0.159174,-1.98629e-07,3.08147e-07,-1.6464e-07,3.08147e-07,2.5428e-07,0.159174,-1.56798e-07,-1.79653e-07,-3.20525e-07,0.159174,-3.20525e-07,1.88433e-07,0.159174,-1.98629e-07,3.08147e-07,-1.6464e-07,3.08147e-07,2.5428e-07,0.336971,-1.38995e-07,-2.95408e-07,-1.38995e-07,0.118807,0.159175,-1.34745e-08,0.159175,-1.89573e-07,0.159174,-3.20525e-07,1.88433e-07,0.159175,-1.89573e-07,0.336972
0.208013,0.210114,-2.85242e-07,-5.35644e-08,-2.85242e-07,0.080739,7.45891e-08,-5.35644e-08,7.45891e-08,0.0807374,0.0986728,-1.95728e-07,0.0986728,-1.06034e-07,5.0723e-07,-1.95728e-07,5.0723e-07,5.8536e-07,0.098673,4.07431e-07,-3.07211e-08,1.82675e-08,0.098673,1.82675e-08,1.57511e-07,0.0986728,-1.06034e-07,5.0723e-07,-1.95728e-07,5.0723e-07,5.8536e-07,0.210114,1.33756e-07,-3.85813e-08,1.33756e-07,0.0807389,0.0986725,2.0281e-07,0.0986725,1.69224e-07,0.098673,1.82675e-08,1.57511e-07,0.0986725,1.69224e-07,0.210114
0.162794,0.126402,-3.07036e-07,1.10879e-07,-3.07036e-07,0.054975,-5.19483e-08,1.10879e-07,-5.19483e-08,0.0549745,0.0616083,6.53022e-09,0.0616083,-1.70379e-07,3.10684e-07,6.53022e-09,3.10684e-07,1.40747e-07,0.0616087,1.28751e-08,-2.04413e-07,-6.70757e-08,0.0616087,-6.70757e-08,1.44832e-07,0.0616083,-1.70379e-07,3.10684e-07,6.53022e-09,3.10684e-07,1.40747e-07,0.126403,2.74514e-07,6.5894e-08,2.74514e-07,0.0549749,0.0616086,-3.59104e-08,0.0616086,5.66523e-07,0.0616087,-6.70757e-08,1.44832e-07,0.0616086,5.66523e-07,0.126403
0.117575,0.0519367,-1.059e-08,-2.12185e-07,-1.059e-08,0.0248186,1.04479e-07,-2.12185e-07,1.04479e-07,0.0248191,0.0253704,7.63374e-09,0.0253704,-1.53191e-07,6.79247e-08,7.63374e-09,6.79247e-08,-1.33168e-07,0.0253705,5.72067e-08,-2.69055e-07,-6.73889e-08,0.0253705,-6.73889e-08,1.96921e-08,0.0253704,-1.53191e-07,6.79247e-08,7.63374e-09,6.79247e-08,-1.33168e-07,0.0519366,8.93521e-08,7.00736e-08,8.93521e-08,0.0248187,0.0253705,-5.23859e-08,0.0253705,6.67189e-08,0.0253705,-6.73889e-08,1.96921e-08,0.0253705,6.67189e-08,0.0519366
0.422355,1.14302,5.78461e-08,-1.29745e-08,5.78461e-08,0.325453,-1.93903e-08,-1.29745e-08,-1.93903e-08,0.325453,0.489927,-4.99613e-08,0.489927,3.30212e-08,7.77683e-08,-4.99613e-08,7.77683e-08,2.54721e-08,0.489927,-4.58984e-08,-7.30658e-08,-2.18055e-08,0.489927,-2.18055e-08,1.67776e-08,0.489927,3.30212e-08,7.77683e-08,-4.99613e-08,7.77683e-08,2.54721e-08,1.14302,1.62006e-07,2.45265e-08,1.62006e-07,0.325454,0.489927,2.08841e-08,0.489927,4.18462e-08,0.489927,-2.18055e-08,1.67776e-08,0.489927,4.18462e-08,1.14302
0.377136,0.966929,1.99152e-07,-1.06297e-07,1.99152e-07,0.279417,-6.59364e-10,-1.06297e-07,-6.59364e-10,0.279417,0.421528,-7.47895e-08,0.421528,9.54423e-08,-1.63225e-08,-7.47895e-08,-1.63225e-08,7.92364e-08,0.421528,-1.21936e-07,9.56348e-09,-2.51243e-08,0.421528,-2.51243e-08,-6.94174e-09,0.421528,9.54423e-08,-1.63225e-08,-7.47895e-08,-1.63225e-08,7.92364e-08,0.966929,-2.27047e-08,4.12859e-08,-2.27047e-08,0.279417,0.421528,8.70712e-09,0.421528,1.64903e-07,0.421528,-2.51243e-08,-6.94174e-09,0.421528,1.64903e-07,0.966929
0.331917,0.704711,8.89649e-08,-3.34247e-08,8.89649e-08,0.21247,-4.98058e-08,-3.34247e-08,-4.98058e-08,0.212471,0.317261,-1.95722e-09,0.317261,3.81472e-08,-3.55154e-08,-1.95722e-09,-3.55154e-08,-5.0057e-07,0.317261,-1.43074e-08,2.16395e-07,-3.31006e-08,0.317261,-3.31006e-08,3.87306e-08,0.317261,3.81472e-08,-3.55154e-08,-1.95722e-09,-3.55154e-08,-5.0057e-07,0.704711,-3.59012e-07,-6.08585e-08,-3.59012e-07,0.21247,0.317261,-2.24959e-08,0.317261,-3.65157e-07,0.317261,-3.31006e-08,3.87306e-08,0.317261,-3.65157e-07,0.704711
0.286698,0.517335,3.39085e-07,2.92425e-07,3.39085e-07,0.167623,-6.46621e-08,2.92425e-07,-6.46621e-08,0.167624,0.241304,-3.70913e-07,0.241304,-2.70268e-07,1.36286e-08,-3.70913e-07,1.36286e-08,-6.59171e-07,0.241304,-4.76944e-07,-3.32628e-07,-1.28953e-07,0.241304,-1.28953e-07,2.89698e-07,0.241304,-2.70268e-07,1.36286e-08,-3.70913e-07,1.36286e-08,-6.59171e-07,0.517334,-4.54062e-07,-2.87388e-07,-4.54062e-07,0.167624,0.241304,-2.75106e-07,0.241304,-2.22659e-07,0.241304,-1.28953e-07,2.89698e-07,0.241304,-2.22659e-07,0.517335
0.241479,0.336971,3.72092e-07,3.80641e-07,3.72092e-07,0.118807,1.94136e-07,3.80641e-07,1.94136e-07,0.118806,0.159174,-1.6464e-07,0.159174,-1.98629e-07,3.08147e-07,-1.6464e-07,3.08147e-07,2.5428e-07,0.159174,-1.56798e-07,-1.79653e-07,-3.20525e-07,0.159174,-3.20525e-07,1.88433e-07,0.159174,-1.98629e-07,3.08147e-07,-1.6464e-07,3.08147e-07,2.5428e-07,0.336971,-1.38995e-07,-2.95408e-07,-1.38995e-07,0.118807,0.159175,-1.34745e-08,0.159175,-1.89573e-07,0.159174,-3.20525e-07,1.88433e-07,0.159175,-1.89573e-07,0.336972
0.196259,0.164856,-5.61245e-07,-9.86359e-08,-5.61245e-07,0.0677216,1.0778e-07,-9.86359e-08,1.0778e-07,0.0677206,0.0785988,-1.35854e-07,0.0785988,-3.23099e-07,3.86994e-07,-1.35854e-07,3.86994e-07,5.39894e-07,0.0785991,2.41368e-07,4.71822e-07,1.34152e-07,0.0785991,1.34152e-07,6.7459e-08,0.0785988,-3.23099e-07,3.86994e-07,-1.35854e-07,3.86994e-07,5.39894e-07,0.164856,2.19148e-07,3.07283e-07,2.19148e-07,0.0677211,0.0785989,2.16568e-08,0.0785989,5.25579e-07,0.0785991,1.34152e-07,6.7459e-08,0.0785989,5.25579e-07,0.164856
0.15104,0.0840736,-3.45034e-07,-1.24573e-08,-3.45034e-07,0.0371481,6.35826e-09,-1.24573e-08,6.35826e-09,0.0371483,0.0392434,3.00316e-07,0.0392434,-1.18125e-08,1.99368e-07,3.00316e-07,1.99368e-07,-5.05629e-07,0.0392435,2.79561e-07,-1.45224e-07,-1.68203e-07,0.0392435,-1.68203e-07,2.49536e-07,0.0392434,-1.18125e-08,1.99368e-07,3.00316e-07,1.99368e-07,-5.05629e-07,0.0840742,-4.86178e-08,-1.45439e-10,-4.86178e-08,0.037148,0.0392436,-8.6106e-08,0.0392436,-5.6144e-08,0.0392435,-1.68203e-07,2.49536e-07,0.0392436,-5.6144e-08,0.0840741
0.105821,0.0519367,-1.059e-08,-2.12185e-07,-1.059e-08,0.0248186,1.04479e-07,-2.12185e-07,1.04479e-07,0.0248191,0.0253704,7.63374e-09,0.0253704,-1.53191e-07,6.79247e-08,7.63374e-09,6.79247e-08,-1.33168e-07,0.0253705,5.72067e-08,-2.69055e-07,-6.73889e-08,0.0253705,-6.73889e-08,1.96921e-08,0.0253704,-1.53191e-07,6.79247e-08,7.63374e-09,6.79247e-08,-1.33168e-07,0.0519366,8.93521e-08,7.00736e-08,8.93521e-08,0.0248187,0.0253705,-5.23859e-08,0.0253705,6.67189e-08,0.0253705,-6.73889e-08,1.96921e-08,0.0253705,6.67189e-08,0.0519366
0.410602,1.1251,6.25613e-08,-2.11678e-08,6.25613e-08,0.320746,-2.03003e-08,-2.11678e-08,-2.03003e-08,0.320746,0.483527,-5.12956e-08,0.483527,4.9425e-08,9.06209e-08,-5.12956e-08,9.06209e-08,3.08308e-08,0.483527,-5.02884e-08,-7.85382e-08,-3.57075e-08,0.483527,-3.57075e-08,1.83874e-08,0.483527,4.9425e-08,9.06209e-08,-5.12956e-08,9.06209e-08,3.08308e-08,1.1251,1.69974e-07,1.73474e-08,1.69974e-07,0.320747,0.483527,1.27731e-08,0.483527,2.91644e-08,0.483527,-3.57075e-08,1.83874e-08,0.483527,2.91644e-08,1.1251
0.365383,0.916487,2.47827e-07,-2.09412e-07,2.47827e-07,0.26671,5.43274e-08,-2.09412e-07,5.43274e-08,0.26671,0.401697,-6.23895e-08,0.401697,1.1692e-07,-4.56979e-09,-6.23895e-08,-4.56979e-09,5.95346e-08,0.401697,-8.72003e-08,4.56485e-08,-3.67171e-08,0.401697,-3.67171e-08,2.26067e-10,0.401697,1.1692e-07,-4.56979e-09,-6.23895e-08,-4.56979e-09,5.95346e-08,0.916487,5.73277e-09,5.99588e-08,5.73277e-09,0.266711,0.401697,9.81361e-08,0.401697,1.14716e-07,0.401697,-3.67171e-08,2.26067e-10,0.401697,1.14716e-07,0.916487
0.320163,0.673413,2.83321e-07,2.15768e-08,2.83321e-07,0.206032,3.35163e-09,2.15768e-08,3.35163e-09,0.206033,0.305308,-2.35774e-08,0.305308,2.47683e-08,-8.3626e-08,-2.35774e-08,-8.3626e-08,-4.81853e-07,0.305308,-3.77095e-08,2.40508e-07,2.56483e-08,0.305308,2.56483e-08,1.25425e-08,0.305308,2.47683e-08,-8.3626e-08,-2.35774e-08,-8.3626e-08,-4.81853e-07,0.673413,-3.55228e-07,-1.4024e-07,-3.55228e-07,0.206032,0.305308,-6.17565e-08,0.305308,-3.66563e-07,0.305308,2.56483e-08,1.25425e-08,0.305308,-3.66563e-07,0.673413
0.274944,0.423054,4.58332e-07,2.65398e-07,4.58332e-07,0.138634,-1.76497e-07,2.65398e-07,-1.76497e-07,0.138633,0.194781,-3.88414e-07,0.194781,-4.01834e-09,2.02983e-07,-3.88414e-07,2.02983e-07,-3.75272e-07,0.194781,-3.58539e-07,-1.45381e-07,-3.4025e-07,0.194781,-3.4025e-07,1.89815e-07,0.194781,-4.01834e-09,2.02983e-07,-3.88414e-07,2.02983e-07,-3.75272e-07,0.423052,-3.6037e-07,-3.52081e-07,-3.6037e-07,0.138634,0.194781,-2.08791e-07,0.194781,-3.36052e-08,0.194781,-3.4025e-07,1.89815e-07,0.194781,-3.36052e-08,0.423053
0.229725,0.261061,9.71779e-09,-1.30279e-07,9.71779e-09,0.0984203,-1.07957e-07,-1.30279e-07,-1.07957e-07,0.0984193,0.124456,2.8984e-08,0.124456,-7.88217e-08,3.87587e-07,2.8984e-08,3.87587e-07,5.17884e-07,0.124456,2.64789e-08,-1.78925e-07,-3.36902e-07,0.124456,-3.36902e-07,1.1865e-07,0.124456,-7.88217e-08,3.87587e-07,2.8984e-08,3.87587e-07,5.17884e-07,0.26106,1.19146e-07,-2.54164e-08,1.19146e-07,0.0984209,0.124456,4.26298e-07,0.124456,2.1928e-07,0.124456,-3.36902e-07,1.1865e-07,0.124456,2.1928e-07,0.26106
0.184506,0.164856,-5.61245e-07,-9.86359e-08,-5.61245e-07,0.0677216,1.0778e-07,-9.86359e-08,1.0778e-07,0.0677206,0.0785988,-1.35854e-07,0.0785988,-3.23099e-07,3.86994e-07,-1.35854e-07,3.86994e-07,5.39894e-07,0.0785991,2.41368e-07,4.71822e-07,1.34152e-07,0.0785991,1.34152e-07,6.7459e-08,0.0785988,-3.23099e-07,3.86994e-07,-1.35854e-07,3.86994e-07,5.39894e-07,0.164856,2.19148e-07,3.07283e-07,2.19148e-07,0.0677211,0.0785989,2.16568e-08,0.0785989,5.25579e-07,0.0785991,1.34152e-07,6.7459e-08,0.0785989,5.25579e-07,0.164856
0.139287,0.0840736,-3.45034e-07,-1.24573e-08,-3.45034e-07,0.0371481,6.35826e-09,-1.24573e-08,6.35826e-09,0.0371483,0.0392434,3.00316e-07,0.0392434,-1.18125e-08,1.99368e-07,3.00316e-07,1.99368e-07,-5.05629e-07,0.0392435,2.79561e-07,-1.45224e-07,-1.68203e-07,0.0392435,-1.68203e-07,2.49536e-07,0.0392434,-1.18125e-08,1.99368e-07,3.00316e-07,1.99368e-07,-5.05629e-07,0.0840742,-4.86178e-08,-1.45439e-10,-4.86178e-08,0.037148,0.0392436,-8.6106e-08,0.0392436,-5.6144e-08,0.0392435,-1.68203e-07,2.49536e-07,0.0392436,-5.6144e-08,0.0840741
0.444067,1.19609,-7.00147e-09,6.85766e-09,-7.00147e-09,0.340068,-3.52865e-08,6.85766e-09,-3.52865e-08,0.340067,0.512081,-1.05246e-08,0.512081,-4.16517e-09,3.79693e-08,-1.05246e-08,3.79693e-08,2.20871e-08,0.512081,9.07922e-09,-5.67343e-08,-2.63585e-08,0.512081,-2.63585e-08,1.98267e-08,0.512081,-4.16517e-09,3.79693e-08,-1.05246e-08,3.79693e-08,2.20871e-08,1.19609,1.42098e-07,-2.90131e-08,1.42098e-07,0.340068,0.512081,-4.04571e-08,0.512081,8.17546e-09,0.512081,-2.63585e-08,1.98267e-08,0.512081,8.17546e-09,1.19609
0.398848,1.03364,1.65199e-07,-5.3234e-08,1.65199e-07,0.29699,3.01941e-08,-5.3234e-08,3.01941e-08,0.296989,0.44678,-8.06141e-08,0.44678,1.16306e-07,9.87108e-08,-8.06141e-08,9.87108e-08,7.88711e-08,0.44678,-9.15749e-08,-6.59742e-08,-6.42318e-08,0.44678,-6.42318e-08,2.93591e-08,0.44678,1.16306e-07,9.87108e-08,-8.06141e-08,9.87108e-08,7.88711e-08,1.03364,1.43611e-07,8.53457e-08,1.43611e-07,0.296991,0.44678,3.59665e-08,0.44678,7.631e-08,0.44678,-6.42318e-08,2.93591e-08,0.44678,7.631e-08,1.03364
0.353629,0.838354,2.55701e-07,-2.34326e-07,2.55701e-07,0.24913,6.21509e-08,-2.34326e-07,6.21509e-08,0.24913,0.37241,-2.04678e-09,0.37241,1.60601e-07,-5.00914e-08,-2.04678e-09,-5.00914e-08,3.38878e-08,0.37241,-4.24624e-09,1.18674e-07,-1.16554e-08,0.37241,-1.16554e-08,1.13767e-08,0.37241,1.60601e-07,-5.00914e-08,-2.04678e-09,-5.00914e-08,3.38878e-08,0.838354,-1.0678e-07,8.1344e-08,-1.0678e-07,0.24913,0.37241,1.32446e-07,0.37241,3.81222e-08,0.37241,-1.16554e-08,1.13767e-08,0.37241,3.81222e-08,0.838354
0.30841,0.579668,3.52156e-07,1.14057e-07,3.52156e-07,0.183724,-5.52255e-09,1.14057e-07,-5.52255e-09,0.183726,0.268076,-4.74357e-08,0.268076,-3.97806e-07,1.4343e-10,-4.74357e-08,1.4343e-10,-5.11603e-07,0.268076,-2.65275e-07,-2.24882e-07,-1.09976e-07,0.268076,-1.09976e-07,3.05701e-07,0.268076,-3.97806e-07,1.4343e-10,-4.74357e-08,1.4343e-10,-5.11603e-07,0.579667,-3.63514e-07,-2.73547e-07,-3.63514e-07,0.183726,0.268076,-1.75772e-07,0.268076,-3.32527e-08,0.268076,-1.09976e-07,3.05701e-07,0.268076,-3.32527e-08,0.579667
0.263191,0.364506,2.28021e-07,2.81052e-07,2.28021e-07,0.127648,-2.59338e-08,2.81052e-07,-2.59338e-08,0.127648,0.173534,-2.36077e-07,0.173534,-2.27371e-07,3.416e-07,-2.36077e-07,3.416e-07,3.59199e-07,0.173534,-1.53397e-07,-2.26947e-07,-4.37409e-07,0.173534,-4.37409e-07,1.90085e-07,0.173534,-2.27371e-07,3.416e-07,-2.36077e-07,3.416e-07,3.59199e-07,0.364506,-3.27475e-07,-3.2258e-07,-3.27475e-07,0.127648,0.173534,-2.36864e-07,0.173534,-1.64397e-07,0.173534,-4.37409e-07,1.90085e-07,0.173534,-1.64397e-07,0.364506
0.217972,0.210114,-2.85242e-07,-5.35644e-08,-2.85242e-07,0.080739,7.45891e-08,-5.35644e-08,7.45891e-08,0.0807374,0.0986728,-1.95728e-07,0.0986728,-1.06034e-07,5.0723e-07,-1.95728e-07,5.0723e-07,5.8536e-07,0.098673,4.07431e-07,-3.07211e-08,1.82675e-08,0.098673,1.82675e-08,1.57511e-07,0.0986728,-1.06034e-07,5.0723e-07,-1.95728e-07,5.0723e-07,5.8536e-07,0.210114,1.33756e-07,-3.85813e-08,1.33756e-07,0.0807389,0.0986725,2.0281e-07,0.0986725,1.69224e-07,0.098673,1.82675e-08,1.57511e-07,0.0986725,1.69224e-07,0.210114
0.172752,0.126402,-3.07036e-07,1.10879e-07,-3.07036e-07,0.054975,-5.19483e-08,1.10879e-07,-5.19483e-08,0.0549745,0.0616083,6.53022e-09,0.0616083,-1.70379e-07,3.10684e-07,6.53022e-09,3.10684e-07,1.40747e-07,0.0616087,1.28751e-08,-2.04413e-07,-6.70757e-08,0.0616087,-6.70757e-08,1.44832e-07,0.0616083,-1.70379e-07,3.10684e-07,6.53022e-09,3.10684e-07,1.40747e-07,0.126403,2.74514e-07,6.5894e-08,2.74514e-07,0.0549749,0.0616086,-3.59104e-08,0.0616086,5.66523e-07,0.0616087,-6.70757e-08,1.44832e-07,0.0616086,5.66523e-07,0.126403
0.127533,0.0519367,-1.059e-08,-2.12185e-07,-1.059e-08,0.0248186,1.04479e-07,-2.12185e-07,1.04479e-07,0.0248191,0.0253704,7.63374e-09,0.0253704,-1.53191e-07,6.79247e-08,7.63374e-09,6.79247e-08,-1.33168e-07,0.0253705,5.72067e-08,-2.69055e-07,-6.73889e-08,0.0253705,-6.73889e-08,1.96921e-08,0.0253704,-1.53191e-07,6.79247e-08,7.63374e-09,6.79247e-08,-1.33168e-07,0.0519366,8.93521e-08,7.00736e-08,8.93521e-08,0.0248187,0.0253705,-5.23859e-08,0.0253705,6.67189e-08,0.0253705,-6.73889e-08,1.96921e-08,0.0253705,6.67189e-08,0.0519366
0.432314,1.16528,3.13303e-08,1.41409e-08,3.13303e-08,0.332106,-2.98626e-08,1.41409e-08,-2.98626e-08,0.332106,0.498916,-2.01434e-08,0.498916,2.26234e-08,5.45922e-08,-2.01434e-08,5.45922e-08,3.697e-08,0.498915,-4.63619e-08,-7.45354e-08,-1.40605e-08,0.498915,-1.40605e-08,2.93335e-09,0.498916,2.26234e-08,5.45922e-08,-2.01434e-08,5.45922e-08,3.697e-08,1.16528,1.37335e-07,-1.21953e-08,1.37335e-07,0.332107,0.498915,-2.47158e-08,0.498915,5.6783e-08,0.498915,-1.40605e-08,2.93335e-09,0.498915,5.6783e-08,1.16528
0.387095,1.03364,1.65199e-07,-5.3234e-08,1.65199e-07,0.29699,3.01941e-08,-5.3234e-08,3.01941e-08,0.296989,0.44678,-8.06141e-08,0.44678,1.16306e-07,9.87108e-08,-8.06141e-08,9.87108e-08,7.88711e-08,0.44678,-9.15749e-08,-6.59742e-08,-6.42318e-08,0.44678,-6.42318e-08,2.93591e-08,0.44678,1.16306e-07,9.87108e-08,-8.06141e-08,9.87108e-08,7.88711e-08,1.03364,1.43611e-07,8.53457e-08,1.43611e-07,0.296991,0.44678,3.59665e-08,0.44678,7.631e-08,0.44678,-6.42318e-08,2.93591e-08,0.44678,7.631e-08,1.03364
0.341876,0.736144,1.59553e-07,-4.72598e-08,1.59553e-07,0.221211,4.44328e-09,-4.72598e-08,4.44328e-09,0.221212,0.330971,1.29953e-08,0.330971,5.17781e-08,-7.49223e-08,1.29953e-08,-7.49223e-08,-3.92548e-07,0.330971,1.82457e-09,2.04569e-07,5.79699e-08,0.330971,5.79699e-08,8.11887e-09,0.330971,5.17781e-08,-7.49223e-08,1.29953e-08,-7.49223e-08,-3.92548e-07,0.736144,-3.54283e-07,-4.38045e-08,-3.54283e-07,0.221211,0.330971,7.64692e-09,0.330971,-2.8744e-07,0.330971,5.79699e-08,8.11887e-09,0.330971,-2.8744e-07,0.736144
0.296656,0.544223,3.06881e-07,3.27764e-07,3.06881e-07,0.176266,-7.89343e-10,3.27764e-07,-7.89343e-10,0.176269,0.254055,-3.20571e-07,0.254055,-5.99411e-07,-1.46863e-08,-3.20571e-07,-1.46863e-08,-5.36779e-07,0.254055,-3.95834e-07,-2.09391e-07,-1.17474e-07,0.254055,-1.17474e-07,2.27379e-07,0.254055,-5.99411e-07,-1.46863e-08,-3.20571e-07,-1.46863e-08,-5.36779e-07,0.544222,-4.02371e-07,-2.63831e-07,-4.02371e-07,0.176268,0.254055,-1.73493e-07,0.254055,-1.66264e-07,0.254055,-1.17474e-07,2.27379e-07,0.254055,-1.66264e-07,0.544222
0.251437,0.336971,3.72092e-07,3.80641e-07,3.72092e-07,0.118807,1.94136e-07,3.80641e-07,1.94136e-07,0.118806,0.159174,-1.6464e-07,0.159174,-1.98629e-07,3.08147e-07,-1.6464e-07,3.08147e-07,2.5428e-07,0.159174,-1.56798e-07,-1.79653e-07,-3.20525e-07,0.159174,-3.20525e-07,1.88433e-07,0.159174,-1.98629e-07,3.08147e-07,-1.6464e-07,3.08147e-07,2.5428e-07,0.336971,-1.38995e-07,-2.95408e-07,-1.38995e-07,0.118807,0.159175,-1.34745e-08,0.159175,-1.89573e-07,0.159174,-3.20525e-07,1.88433e-07,0.159175,-1.89573e-07,0.336972
0.206218,0.210114,-2.85242e-07,-5.35644e-08,-2.85242e-07,0.080739,7.45891e-08,-5.35644e-08,7.45891e-08,0.0807374,0.0986728,-1.95728e-07,0.0986728,-1.06034e-07,5.0723e-07,-1.95728e-07,5.0723e-07,5.8536e-07,0.098673,4.07431e-07,-3.07211e-08,1.82675e-08,0.098673,1.82675e-08,1.57511e-07,0.0986728,-1.06034e-07,5.0723e-07,-1.95728e-07,5.0723e-07,5.8536e-07,0.210114,1.33756e-07,-3.85813e-08,1.33756e-07,0.0807389,0.0986725,2.0281e-07,0.0986725,1.69224e-07,0.098673,1.82675e-08,1.57511e-07,0.0986725,1.69224e-07,0.210114
0.160999,0.0918008,-2.84429e-07,-9.07326e-08,-2.84429e-07,0.041319,1.82388e-08,-9.07326e-08,1.82388e-08,0.0413195,0.044073,2.96407e-07,0.044073,-1.35435e-07,2.25846e-07,2.96407e-07,2.25846e-07,-4.56919e-07,0.0440732,2.39609e-07,1.85313e-08,-2.04935e-07,0.0440732,-2.04935e-07,5.99149e-08,0.044073,-1.35435e-07,2.25846e-07,2.96407e-07,2.25846e-07,-4.56919e-07,0.091802,6.29211e-08,-3.12901e-08,6.29211e-08,0.0413192,0.0440732,-1.60724e-07,0.0440732,2.3817e-07,0.0440732,-2.04935e-07,5.99149e-08,0.0440732,2.3817e-07,0.0918022
0.11578,0.0519367,-1.059e-08,-2.12185e-07,-1.059e-08,0.0248186,1.04479e-07,-2.12185e-07,1.04479e-07,0.0248191,0.0253704,7.63374e-09,0.0253704,-1.53191e-07,6.79247e-08,7.63374e-09,6.79247e-08,-1.33168e-07,0.0253705,5.72067e-08,-2.69055e-07,-6.73889e-08,0.0253705,-6.73889e-08,1.96921e-08,0.0253704,-1.53191e-07,6.79247e-08,7.63374e-09,6.79247e-08,-1.33168e-07,0.0519366,8.93521e-08,7.00736e-08,8.93521e-08,0.0248187,0.0253705,-5.23859e-08,0.0253705,6.67189e-08,0.0253705,-6.73889e-08,1.96921e-08,0.0253705,6.67189e-08,0.0519366
0.42056,1.14302,5.78461e-08,-1.29745e-08,5.78461e-08,0.325453,-1.93903e-08,-1.29745e-08,-1.93903e-08,0.325453,0.489927,-4.99613e-08,0.489927,3.30212e-08,7.77683e-08,-4.99613e-08,7.77683e-08,2.54721e-08,0.489927,-4.58984e-08,-7.30658e-08,-2.18055e-08,0.489927,-2.18055e-08,1.67776e-08,0.489927,3.30212e-08,7.77683e-08,-4.99613e-08,7.77683e-08,2.54721e-08,1.14302,1.62006e-07,2.45265e-08,1.62006e-07,0.325454,0.489927,2.08841e-08,0.489927,4.18462e-08,0.489927,-2.18055e-08,1.67776e-08,0.489927,4.18462e-08,1.14302
0.375341,0.966929,1.99152e-07,-1.06297e-07,1.99152e-07,0.279417,-6.59364e-10,-1.06297e-07,-6.59364e-10,0.279417,0.421528,-7.47895e-08,0.421528,9.54423e-08,-1.63225e-08,-7.47895e-08,-1.63225e-08,7.92364e-08,0.421528,-1.21936e-07,9.56348e-09,-2.51243e-08,0.421528,-2.51243e-08,-6.94174e-09,0.421528,9.54423e-08,-1.63225e-08,-7.47895e-08,-1.63225e-08,7.92364e-08,0.966929,-2.27047e-08,4.12859e-08,-2.27047e-08,0.279417,0.421528,8.70712e-09,0.421528,1.64903e-07,0.421528,-2.51243e-08,-6.94174e-09,0.421528,1.64903e-07,0.966929
0.330122,0.704711,8.89649e-08,-3.34247e-08,8.89649e-08,0.21247,-4.98058e-08,-3.34247e-08,-4.98058e-08,0.212471,0.317261,-1.95722e-09,0.317261,3.81472e-08,-3.55154e-08,-1.95722e-09,-3.55154e-08,-5.0057e-07,0.317261,-1.43074e-08,2.16395e-07,-3.31006e-08,0.317261,-3.31006e-08,3.87306e-08,0.317261,3.81472e-08,-3.55154e-08,-1.95722e-09,-3.55154e-08,-5.0057e-07,0.704711,-3.59012e-07,-6.08585e-08,-3.59012e-07,0.21247,0.317261,-2.24959e-08,0.317261,-3.65157e-07,0.317261,-3.31006e-08,3.87306e-08,0.317261,-3.65157e-07,0.704711
0.284903,0.517335,3.39085e-07,2.92425e-07,3.39085e-07,0.167623,-6.46621e-08,2.92425e-07,-6.46621e-08,0.167624,0.241304,-3.70913e-07,0.241304,-2.70268e-07,1.36286e-08,-3.70913e-07,1.36286e-08,-6.59171e-07,0.241304,-4.76944e-07,-3.32628e-07,-1.28953e-07,0.241304,-1.28953e-07,2.89698e-07,0.241304,-2.70268e-07,1.36286e-08,-3.70913e-07,1.36286e-08,-6.59171e-07,0.517334,-4.54062e-07,-2.87388e-07,-4.54062e-07,0.167624,0.241304,-2.75106e-07,0.241304,-2.22659e-07,0.241304,-1.28953e-07,2.89698e-07,0.241304,-2.22659e-07,0.517335
0.239684,0.311099,3.3488e-07,3.5098e-07,3.3488e-07,0.113615,1.05623e-07,3.5098e-07,1.05623e-07,0.113615,0.14947,-1.10596e-07,0.14947,-2.27441e-07,3.4063e-07,-1.10596e-07,3.4063e-07,3.12741e-07,0.14947,-9.67596e-08,-1.21688e-07,-4.11233e-07,0.14947,-4.11233e-07,1.61229e-07,0.14947,-2.27441e-07,3.4063e-07,-1.10596e-07,3.4063e-07,3.12741e-07,0.3111,-6.24446e-08,-2.6863e-07,-6.24446e-08,0.113616,0.149471,-1.63318e-09,0.149471,-1.76076e-07,0.14947,-4.11233e-07,1.61229e-07,0.149471,-1.76076e-07,0.3111
0.194464,0.164856,-5.61245e-07,-9.86359e-08,-5.61245e-07,0.0677216,1.0778e-07,-9.86359e-08,1.0778e-07,0.0677206,0.0785988,-1.35854e-07,0.0785988,-3.23099e-07,3.86994e-07,-1.35854e-07,3.86994e-07,5.39894e-07,0.0785991,2.41368e-07,4.71822e-07,1.34152e-07,0.0785991,1.34152e-07,6.7459e-08,0.0785988,-3.23099e-07,3.86994e-07,-1.35854e-07,3.86994e-07,5.39894e-07,0.164856,2.19148e-07,3.07283e-07,2.19148e-07,0.0677211,0.0785989,2.16568e-08,0.0785989,5.25579e-07,0.0785991,1.34152e-07,6.7459e-08,0.0785989,5.25579e-07,0.164856
0.149245,0.0840736,-3.45034e-07,-1.24573e-08,-3.45034e-07,0.0371481,6.35826e-09,-1.24573e-08,6.35826e-09,0.0371483,0.0392434,3.00316e-07,0.0392434,-1.18125e-08,1.99368e-07,3.00316e-07,1.99368e-07,-5.05629e-07,0.0392435,2.79561e-07,-1.45224e-07,-1.68203e-07,0.0392435,-1.68203e-07,2.49536e-07,0.0392434,-1.18125e-08,1.99368e-07,3.00316e-07,1.99368e-07,-5.05629e-07,0.0840742,-4.86178e-08,-1.45439e-10,-4.86178e-08,0.037148,0.0392436,-8.6106e-08,0.0392436,-5.6144e-08,0.0392435,-1.68203e-07,2.49536e-07,0.0392436,-5.6144e-08,0.0840741
0.104026,0.0519367,-1.059e-08,-2.12185e-07,-1.059e-08,0.0248186,1.04479e-07,-2.12185e-07,1.04479e-07,0.0248191,0.0253704,7.63374e-09,0.0253704,-1.53191e-07,6.79247e-08,7.63374e-09,6.79247e-08,-1.33168e-07,0.0253705,5.72067e-08,-2.69055e-07,-6.73889e-08,0.0253705,-6.73889e-08,1.96921e-08,0.0253704,-1.53191e-07,6.79247e-08,7.63374e-09,6.79247e-08,-1.33168e-07,0.0519366,8.93521e-08,7.00736e-08,8.93521e-08,0.0248187,0.0253705,-5.23859e-08,0.0253705,6.67189e-08,0.0253705,-6.73889e-08,1.96921e-08,0.0253705,6.67189e-08,0.0519366
0.408807,1.1251,6.25613e-08,-2.11678e-08,6.25613e-08,0.320746,-2.03003e-08,-2.11678e-08,-2.03003e-08,0.320746,0.483527,-5.12956e-08,0.483527,4.9425e-08,9.06209e-08,-5.12956e-08,9.06209e-08,3.08308e-08,0.483527,-5.02884e-08,-7.85382e-08,-3.57075e-08,0.483527,-3.57075e-08,1.83874e-08,0.483527,4.9425e-08,9.06209e-08,-5.12956e-08,9.06209e-08,3.08308e-08,1.1251,1.69974e-07,1.73474e-08,1.69974e-07,0.320747,0.483527,1.27731e-08,0.483527,2.91644e-08,0.483527,-3.57075e-08,1.83874e-08,0.483527,2.91644e-08,1.1251
0.363588,0.916487,2.47827e-07,-2.09412e-07,2.47827e-07,0.26671,5.43274e-08,-2.09412e-07,5.43274e-08,0.26671,0.401697,-6.23895e-08,0.401697,1.1692e-07,-4.56979e-09,-6.23895e-08,-4.56979e-09,5.95346e-08,0.401697,-8.72003e-08,4.56485e-08,-3.67171e-08,0.401697,-3.67171e-08,2.26067e-10,0.401697,1.1692e-07,-4.56979e-09,-6.23895e-08,-4.56979e-09,5.95346e-08,0.916487,5.73277e-09,5.99588e-08,5.73277e-09,0.266711,0.401697,9.81361e-08,0.401697,1.14716e-07,0.401697,-3.67171e-08,2.26067e-10,0.401697,1.14716e-07,0.916487
0.318368,0.673413,2.83321e-07,2.15768e-08,2.83321e-07,0.206032,3.35163e-09,2.15768e-08,3.35163e-09,0.206033,0.305308,-2.35774e-08,0.305308,2.47683e-08,-8.3626e-08,-2.35774e-08,-8.3626e-08,-4.81853e-07,0.305308,-3.77095e-08,2.40508e-07,2.56483e-08,0.305308,2.56483e-08,1.25425e-08,0.305308,2.47683e-08,-8.3626e-08,-2.35774e-08,-8.3626e-08,-4.81853e-07,0.673413,-3.55228e-07,-1.4024e-07,-3.55228e-07,0.206032,0.305308,-6.17565e-08,0.305308,-3.66563e-07,0.305308,2.56483e-08,1.25425e-08,0.305308,-3.66563e-07,0.673413
0.273149,0.423054,4.58332e-07,2.65398e-07,4.58332e-07,0.138634,-1.76497e-07,2.65398e-07,-1.76497e-07,0.138633,0.194781,-3.88414e-07,0.194781,-4.01834e-09,2.02983e-07,-3.88414e-07,2.02983e-07,-3.75272e-07,0.194781,-3.58539e-07,-1.45381e-07,-3.4025e-07,0.194781,-3.4025e-07,1.89815e-07,0.194781,-4.01834e-09,2.02983e-07,-3.88414e-07,2.02983e-07,-3.75272e-07,0.423052,-3.6037e-07,-3.52081e-07,-3.6037e-07,0.138634,0.194781,-2.08791e-07,0.194781,-3.36052e-08,0.194781,-3.4025e-07,1.89815e-07,0.194781,-3.36052e-08,0.423053
0.22793,0.261061,9.71779e-09,-1.30279e-07,9.71779e-09,0.0984203,-1.07957e-07,-1.30279e-07,-1.07957e-07,0.0984193,0.124456,2.8984e-08,0.124456,-7.88217e-08,3.87587e-07,2.8984e-08,3.87587e-07,5.17884e-07,0.124456,2.64789e-08,-1.78925e-07,-3.36902e-07,0.124456,-3.36902e-07,1.1865e-07,0.124456,-7.88217e-08,3.87587e-07,2.8984e-08,3.87587e-07,5.17884e-07,0.26106,1.19146e-07,-2.54164e-08,1.19146e-07,0.0984209,0.124456,4.26298e-07,0.124456,2.1928e-07,0.124456,-3.36902e-07,1.1865e-07,0.124456,2.1928e-07,0.26106
0.182711,0.164856,-5.61245e-07,-9.86359e-08,-5.61245e-07,0.0677216,1.0778e-07,-9.86359e-08,1.0778e-07,0.0677206,0.0785988,-1.35854e-07,0.0785988,-3.23099e-07,3.86994e-07,-1.35854e-07,3.86994e-07,5.39894e-07,0.0785991,2.41368e-07,4.71822e-07,1.34152e-07,0.0785991,1.34152e-07,6.7459e-08,0.0785988,-3.23099e-07,3.86994e-07,-1.35854e-07,3.86994e-07,5.39894e-07,0.164856,2.19148e-07,3.07283e-07,2.19148e-07,0.0677211,0.0785989,2.16568e-08,0.0785989,5.25579e-07,0.0785991,1.34152e-07,6.7459e-08,0.0785989,5.25579e-07,0.164856
0.137492,0.0840736,-3.45034e-07,-1.24573e-08,-3.45034e-07,0.0371481,6.35826e-09,-1.24573e-08,6.35826e-09,0.0371483,0.0392434,3.00316e-07,0.0392434,-1.18125e-08,1.99368e-07,3.00316e-07,1.99368e-07,-5.05629e-07,0.0392435,2.79561e-07,-1.45224e-07,-1.68203e-07,0.0392435,-1.68203e-07,2.49536e-07,0.0392434,-1.18125e-08,1.99368e-07,3.00316e-07,1.99368e-07,-5.05629e-07,0.0840742,-4.86178e-08,-1.45439e-10,-4.86178e-08,0.037148,0.0392436,-8.6106e-08,0.0392436,-5.6144e-08,0.0392435,-1.68203e-07,2.49536e-07,0.0392436,-5.6144e-08,0.0840741
0.442273,1.16528,3.13303e-08,1.41409e-08,3.13303e-08,0.332106,-2.98626e-08,1.41409e-08,-2.98626e-08,0.332106,0.498916,-2.01434e-08,0.498916,2.26234e-08,5.45922e-08,-2.01434e-08,5.45922e-08,3.697e-08,0.498915,-4.63619e-08,-7.45354e-08,-1.40605e-08,0.498915,-1.40605e-08,2.93335e-09,0.498916,2.26234e-08,5.45922e-08,-2.01434e-08,5.45922e-08,3.697e-08,1.16528,1.37335e-07,-1.21953e-08,1.37335e-07,0.332107,0.498915,-2.47158e-08,0.498915,5.6783e-08,0.498915,-1.40605e-08,2.93335e-09,0.498915,5.6783e-08,1.16528
0.397053,1.03364,1.65199e-07,-5.3234e-08,1.65199e-07,0.29699,3.01941e-08,-5.3234e-08,3.01941e-08,0.296989,0.44678,-8.06141e-08,0.44678,1.16306e-07,9.87108e-08,-8.06141e-08,9.87108e-08,7.88711e-08,0.44678,-9.15749e-08,-6.59742e-08,-6.42318e-08,0.44678,-6.42318e-08,2.93591e-08,0.44678,1.16306e-07,9.87108e-08,-8.06141e-08,9.87108e-08,7.88711e-08,1.03364,1.43611e-07,8.53457e-08,1.43611e-07,0.296991,0.44678,3.59665e-08,0.44678,7.631e-08,0.44678,-6.42318e-08,2.93591e-08,0.44678,7.631e-08,1.03364
0.351834,0.838354,2.55701e-07,-2.34326e-07,2.55701e-07,0.24913,6.21509e-08,-2.34326e-07,6.21509e-08,0.24913,0.37241,-2.04678e-09,0.37241,1.60601e-07,-5.00914e-08,-2.04678e-09,-5.00914e-08,3.38878e-08,0.37241,-4.24624e-09,1.18674e-07,-1.16554e-08,0.37241,-1.16554e-08,1.13767e-08,0.37241,1.60601e-07,-5.00914e-08,-2.04678e-09,-5.00914e-08,3.38878e-08,0.838354,-1.0678e-07,8.1344e-08,-1.0678e-07,0.24913,0.37241,1.32446e-07,0.37241,3.81222e-08,0.37241,-1.16554e-08,1.13767e-08,0.37241,3.81222e-08,0.838354
0.306615,0.544223,3.06881e-07,3.27764e-07,3.06881e-07,0.176266,-7.89343e-10,3.27764e-07,-7.89343e-10,0.176269,0.254055,-3.20571e-07,0.254055,-5.99411e-07,-1.46863e-08,-3.20571e-07,-1.46863e-08,-5.36779e-07,0.254055,-3.95834e-07,-2.09391e-07,-1.17474e-07,0.254055,-1.17474e-07,2.27379e-07,0.254055,-5.99411e-07,-1.46863e-08,-3.20571e-07,-1.46863e-08,-5.36779e-07,0.544222,-4.02371e-07,-2.63831e-07,-4.02371e-07,0.176268,0.254055,-1.73493e-07,0.254055,-1.66264e-07,0.254055,-1.17474e-07,2.27379e-07,0.254055,-1.66264e-07,0.544222
0.261396,0.364506,2.28021e-07,2.81052e-07,2.28021e-07,0.127648,-2.59338e-08,2.81052e-07,-2.59338e-08,0.127648,0.173534,-2.36077e-07,0.173534,-2.27371e-07,3.416e-07,-2.36077e-07,3.416e-07,3.59199e-07,0.173534,-1.53397e-07,-2.26947e-07,-4.37409e-07,0.173534,-4.37409e-07,1.90085e-07,0.173534,-2.27371e-07,3.416e-07,-2.36077e-07,3.416e-07,3.59199e-07,0.364506,-3.27475e-07,-3.2258e-07,-3.27475e-07,0.127648,0.173534,-2.36864e-07,0.173534,-1.64397e-07,0.173534,-4.37409e-07,1.90085e-07,0.173534,-1.64397e-07,0.364506
0.216177,0.210114,-2.85242e-07,-5.35644e-08,-2.85242e-07,0.080739,7.45891e-08,-5.35644e-08,7.45891e-08,0.0807374,0.0986728,-1.95728e-07,0.0986728,-1.06034e-07,5.0723e-07,-1.95728e-07,5.0723e-07,5.8536e-07,0.098673,4.07431e-07,-3.07211e-08,1.82675e-08,0.098673,1.82675e-08,1.57511e-07,0.0986728,-1.06034e-07,5.0723e-07,-1.95728e-07,5.0723e-07,5.8536e-07,0.210114,1.33756e-07,-3.85813e-08,1.33756e-07,0.0807389,0.0986725,2.0281e-07,0.0986725,1.69224e-07,0.098673,1.82675e-08,1.57511e-07,0.0986725,1.69224e-07,0.210114
0.170957,0.126402,-3.07036e-07,1.10879e-07,-3.07036e-07,0.054975,-5.19483e-08,1.10879e-07,-5.19483e-08,0.0549745,0.0616083,6.53022e-09,0.0616083,-1.70379e-07,3.10684e-07,6.53022e-09,3.10684e-07,1.40747e-07,0.0616087,1.28751e-08,-2.04413e-07,-6.70757e-08,0.0616087,-6.70757e-08,1.44832e-07,0.0616083,-1.70379e-07,3.10684e-07,6.53022e-09,3.10684e-07,1.40747e-07,0.126403,2.74514e-07,6.5894e-08,2.74514e-07,0.0549749,0.0616086,-3.59104e-08,0.0616086,5.66523e-07,0.0616087,-6.70757e-08,1.44832e-07,0.0616086,5.66523e-07,0.126403
0.125738,0.0519367,-1.059e-08,-2.12185e-07,-1.059e-08,0.0248186,1.04479e-07,-2.12185e-07,1.04479e-07,0.0248191,0.0253704,7.63374e-09,0.0253704,-1.53191e-07,6.79247e-08,7.63374e-09,6.79247e-08,-1.33168e-07,0.0253705,5.72067e-08,-2.69055e-07,-6.73889e-08,0.0253705,-6.73889e-08,1.96921e-08,0.0253704,-1.53191e-07,6.79247e-08,7.63374e-09,6.79247e-08,-1.33168e-07,0.0519366,8.93521e-08,7.00736e-08,8.93521e-08,0.0248187,0.0253705,-5.23859e-08,0.0253705,6.67189e-08,0.0253705,-6.73889e-08,1.96921e-08,0.0253705,6.67189e-08,0.0519366
0.430519,1.16528,3.13303e-08,1.41409e-08,3.13303e-08,0.332106,-2.98626e-08,1.41409e-08,-2.98626e-08,0.332106,0.498916,-2.01434e-08,0.498916,2.26234e-08,5.45922e-08,-2.01434e-08,5.45922e-08,3.697e-08,0.498915,-4.63619e-08,-7.45354e-08,-1.40605e-08,0.498915,-1.40605e-08,2.93335e-09,0.498916,2.26234e-08,5.45922e-08,-2.01434e-08,5.45922e-08,3.697e-08,1.16528,1.37335e-07,-1.21953e-08,1.37335e-07,0.332107,0.498915,-2.47158e-08,0.498915,5.6783e-08,0.498915,-1.40605e-08,2.93335e-09,0.498915,5.6783e-08,1.16528
0.3853,0.989919,2.12686e-07,-9.82704e-08,2.12686e-07,0.285764,-1.63464e-09,-9.82704e-08,-1.63464e-09,0.285765,0.430522,-7.05608e-08,0.430522,1.42295e-07,-1.53133e-08,-7.05608e-08,-1.53133e-08,8.51035e-08,0.430522,-1.027e-07,-4.51747e-08,-3.97938e-09,0.430522,-3.97938e-09,-3.69857e-09,0.430522,1.42295e-07,-1.53133e-08,-7.05608e-08,-1.53133e-08,8.51035e-08,0.989919,-2.10244e-08,6.79487e-08,-2.10244e-08,0.285765,0.430522,2.20211e-08,0.430522,1.82189e-07,0.430522,-3.97938e-09,-3.69857e-09,0.430522,1.82189e-07,0.989919
0.340081,0.736144,1.59553e-07,-4.72598e-08,1.59553e-07,0.221211,4.44328e-09,-4.72598e-08,4.44328e-09,0.221212,0.330971,1.29953e-08,0.330971,5.17781e-08,-7.49223e-08,1.29953e-08,-7.49223e-08,-3.92548e-07,0.330971,1.82457e-09,2.04569e-07,5.79699e-08,0.330971,5.79699e-08,8.11887e-09,0.330971,5.17781e-08,-7.49223e-08,1.29953e-08,-7.49223e-08,-3.92548e-07,0.736144,-3.54283e-07,-4.38045e-08,-3.54283e-07,0.221211,0.330971,7.64692e-09,0.330971,-2.8744e-07,0.330971,5.79699e-08,8.11887e-09,0.330971,-2.8744e-07,0.736144
0.294861,0.544223,3.06881e-07,3.27764e-07,3.06881e-07,0.176266,-7.89343e-10,3.27764e-07,-7.89343e-10,0.176269,0.254055,-3.20571e-07,0.254055,-5.99411e-07,-1.46863e-08,-3.20571e-07,-1.46863e-08,-5.36779e-07,0.254055,-3.95834e-07,-2.09391e-07,-1.17474e-07,0.254055,-1.17474e-07,2.27379e-07,0.254055,-5.99411e-07,-1.46863e-08,-3.20571e-07,-1.46863e-08,-5.36779e-07,0.544222,-4.02371e-07,-2.63831e-07,-4.02371e-07,0.176268,0.254055,-1.73493e-07,0.254055,-1.66264e-07,0.254055,-1.17474e-07,2.27379e-07,0.254055,-1.66264e-07,0.544222
0.249642,0.336971,3.72092e-07,3.80641e-07,3.72092e-07,0.118807,1.94136e-07,3.80641e-07,1.94136e-07,0.118806,0.159174,-1.6464e-07,0.159174,-1.98629e-07,3.08147e-07,-1.6464e-07,3.08147e-07,2.5428e-07,0.159174,-1.56798e-07,-1.79653e-07,-3.20525e-07,0.159174,-3.20525e-07,1.88433e-07,0.159174,-1.98629e-07,3.08147e-07,-1.6464e-07,3.08147e-07,2.5428e-07,0.336971,-1.38995e-07,-2.95408e-07,-1.38995e-07,0.118807,0.159175,-1.34745e-08,0.159175,-1.89573e-07,0.159174,-3.20525e-07,1.88433e-07,0.159175,-1.89573e-07,0.336972
0.204423,0.187535,-5.77438e-07,-2.44391e-07,-5.77438e-07,0.0733647,1.70475e-07,-2.44391e-07,1.70475e-07,0.0733632,0.0873752,-1.08431e-07,0.0873752,-1.23269e-07,4.74594e-07,-1.08431e-07,4.74594e-07,5.03632e-07,0.0873755,4.91494e-07,2.64182e-07,1.26099e-07,0.0873755,1.26099e-07,-4.9764e-09,0.0873752,-1.23269e-07,4.74594e-07,-1.08431e-07,4.74594e-07,5.03632e-07,0.187535,2.53064e-07,2.97986e-07,2.53064e-07,0.0733641,0.0873754,5.97345e-08,0.0873754,3.53554e-07,0.0873755,1.26099e-07,-4.9764e-09,0.0873754,3.53554e-07,0.187535
0.159204,0.0918008,-2.84429e-07,-9.07326e-08,-2.84429e-07,0.041319,1.82388e-08,-9.07326e-08,1.82388e-08,0.0413195,0.044073,2.96407e-07,0.044073,-1.35435e-07,2.25846e-07,2.96407e-07,2.25846e-07,-4.56919e-07,0.0440732,2.39609e-07,1.85313e-08,-2.04935e-07,0.0440732,-2.04935e-07,5.99149e-08,0.044073,-1.35435e-07,2.25846e-07,2.96407e-07,2.25846e-07,-4.56919e-07,0.091802,6.29211e-08,-3.12901e-08,6.29211e-08,0.0413192,0.0440732,-1.60724e-07,0.0440732,2.3817e-07,0.0440732,-2.04935e-07,5.99149e-08,0.0440732,2.3817e-07,0.0918022
0.113985,0.0519367,-1.059e-08,-2.12185e-07,-1.059e-08,0.0248186,1.04479e-07,-2.12185e-07,1.04479e-07,0.0248191,0.0253704,7.63374e-09,0.0253704,-1.53191e-07,6.79247e-08,7.63374e-09,6.79247e-08,-1.33168e-07,0.0253705,5.72067e-08,-2.69055e-07,-6.73889e-08,0.0253705,-6.73889e-08,1.96921e-08,0.0253704,-1.53191e-07,6.79247e-08,7.63374e-09,6.79247e-08,-1.33168e-07,0.0519366,8.93521e-08,7.00736e-08,8.93521e-08,0.0248187,0.0253705,-5.23859e-08,0.0253705,6.67189e-08,0.0253705,-6.73889e-08,1.96921e-08,0.0253705,6.67189e-08,0.0519366
0.418765,1.14302,5.78461e-08,-1.29745e-08,5.78461e-08,0.325453,-1.93903e-08,-1.29745e-08,-1.93903e-08,0.325453,0.489927,-4.99613e-08,0.489927,3.30212e-08,7.77683e-08,-4.99613e-08,7.77683e-08,2.54721e-08,0.489927,-4.58984e-08,-7.30658e-08,-2.18055e-08,0.489927,-2.18055e-08,1.67776e-08,0.489927,3.30212e-08,7.77683e-08,-4.99613e-08,7.77683e-08,2.54721e-08,1.14302,1.62006e-07,2.45265e-08,1.62006e-07,0.325454,0.489927,2.08841e-08,0.489927,4.18462e-08,0.489927,-2.18055e-08,1.67776e-08,0.489927,4.18462e-08,1.14302
0.373546,0.966929,1.99152e-07,-1.06297e-07,1.99152e-07,0.279417,-6.59364e-10,-1.06297e-07,-6.59364e-10,0.279417,0.421528,-7.47895e-08,0.421528,9.54423e-08,-1.63225e-08,-7.47895e-08,-1.63225e-08,7.92364e-08,0.421528,-1.21936e-07,9.56348e-09,-2.51243e-08,0.421528,-2.51243e-08,-6.94174e-09,0.421528,9.54423e-08,-1.63225e-08,-7.47895e-08,-1.63225e-08,7.92364e-08,0.966929,-2.27047e-08,4.12859e-08,-2.27047e-08,0.279417,0.421528,8.70712e-09,0.421528,1.64903e-07,0.421528,-2.51243e-08,-6.94174e-09,0.421528,1.64903e-07,0.966929
0.328327,0.704711,8.89649e-08,-3.34247e-08,8.89649e-08,0.21247,-4.98058e-08,-3.34247e-08,-4.98058e-08,0.212471,0.317261,-1.95722e-09,0.317261,3.81472e-08,-3.55154e-08,-1.95722e-09,-3.55154e-08,-5.0057e-07,0.317261,-1.43074e-08,2.16395e-07,-3.31006e-08,0.317261,-3.31006e-08,3.87306e-08,0.317261,3.81472e-08,-3.55154e-08,-1.95722e-09,-3.55154e-08,-5.0057e-07,0.704711,-3.59012e-07,-6.08585e-08,-3.59012e-07,0.21247,0.317261,-2.24959e-08,0.317261,-3.65157e-07,0.317261,-3.31006e-08,3.87306e-08,0.317261,-3.65157e-07,0.704711
0.283108,0.494644,2.21701e-07,3.18243e-07,2.21701e-07,0.159054,-2.02243e-07,3.18243e-07,-2.02243e-07,0.159055,0.228403,-3.60945e-07,0.228403,-2.0591e-07,4.80195e-08,-3.60945e-07,4.80195e-08,-3.71301e-08,0.228403,-3.71274e-07,-4.01483e-07,-2.12352e-07,0.228403,-2.12352e-07,2.35681e-07,0.228403,-2.0591e-07,4.80195e-08,-3.60945e-07,4.80195e-08,-3.71301e-08,0.494643,-2.81667e-07,-4.33275e-07,-2.81667e-07,0.159055,0.228403,-3.03566e-07,0.228403,9.2342e-08,0.228403,-2.12352e-07,2.35681e-07,0.228403,9.2342e-08,0.494643
0.237889,0.311099,3.3488e-07,3.5098e-07,3.3488e-07,0.113615,1.05623e-07,3.5098e-07,1.05623e-07,0.113615,0.14947,-1.10596e-07,0.14947,-2.27441e-07,3.4063e-07,-1.10596e-07,3.4063e-07,3.12741e-07,0.14947,-9.67596e-08,-1.21688e-07,-4.11233e-07,0.14947,-4.11233e-07,1.61229e-07,0.14947,-2.27441e-07,3.4063e-07,-1.10596e-07,3.4063e-07,3.12741e-07,0.3111,-6.24446e-08,-2.6863e-07,-6.24446e-08,0.113616,0.149471,-1.63318e-09,0.149471,-1.76076e-07,0.14947,-4.11233e-07,1.61229e-07,0.149471,-1.76076e-07,0.3111
0.192669,0.164856,-5.61245e-07,-9.86359e-08,-5.61245e-07,0.0677216,1.0778e-07,-9.86359e-08,1.0778e-07,0.0677206,0.0785988,-1.35854e-07,0.0785988,-3.23099e-07,3.86994e-07,-1.35854e-07,3.86994e-07,5.39894e-07,0.0785991,2.41368e-07,4.71822e-07,1.34152e-07,0.0785991,1.34152e-07,6.7459e-08,0.0785988,-3.23099e-07,3.86994e-07,-1.35854e-07,3.86994e-07,5.39894e-07,0.164856,2.19148e-07,3.07283e-07,2.19148e-07,0.0677211,0.0785989,2.16568e-08,0.0785989,5.25579e-07,0.0785991,1.34152e-07,6.7459e-08,0.0785989,5.25579e-07,0.164856
0.14745,0.0840736,-3.45034e-07,-1.24573e-08,-3.45034e-07,0.0371481,6.35826e-09,-1.24573e-08,6.35826e-09,0.0371483,0.0392434,3.00316e-07,0.0392434,-1.18125e-08,1.99368e-07,3.00316e-07,1.99368e-07,-5.05629e-07,0.0392435,2.79561e-07,-1.45224e-07,-1.68203e-07,0.0392435,-1.68203e-07,2.49536e-07,0.0392434,-1.18125e-08,1.99368e-07,3.00316e-07,1.99368e-07,-5.05629e-07,0.0840742,-4.86178e-08,-1.45439e-10,-4.86178e-08,0.037148,0.0392436,-8.6106e-08,0.0392436,-5.6144e-08,0.0392435,-1.68203e-07,2.49536e-07,0.0392436,-5.6144e-08,0.0840741
0.102231,0.0382465,-5.8275e-08,-7.41829e-08,-5.8275e-08,0.0181721,2.63409e-08,-7.41829e-08,2.63409e-08,0.0181719,0.0182847,1.94463e-08,0.0182847,7.7086e-08,-7.57211e-08,1.94463e-08,-7.57211e-08,-6.05818e-08,0.0182849,-1.09007e-07,6.55496e-09,-2.36174e-08,0.0182849,-2.36174e-08,-7.978e-08,0.0182847,7.7086e-08,-7.57211e-08,1.94463e-08,-7.57211e-08,-6.05818e-08,0.0382465,-8.8898e-08,7.23672e-08,-8.8898e-08,0.0181719,0.0182847,2.39884e-08,0.0182847,1.41723e-07,0.0182849,-2.36174e-08,-7.978e-08,0.0182847,1.41723e-07,0.0382466
0.407012,1.07717,1.05631e-07,-4.58973e-08,1.05631e-07,0.308108,1.92582e-08,-4.58973e-08,1.92582e-08,0.308108,0.464599,-6.43636e-08,0.464599,8.03793e-08,9.91853e-08,-6.43636e-08,9.91853e-08,2.71256e-08,0.464599,-6.78742e-08,-5.53988e-08,-5.31801e-08,0.464599,-5.31801e-08,4.56383e-08,0.464599,8.03793e-08,9.91853e-08,-6.43636e-08,9.91853e-08,2.71256e-08,1.07717,1.76684e-07,4.31342e-08,1.76684e-07,0.308109,0.464599,1.77858e-08,0.464599,-7.96289e-10,0.464599,-5.31801e-08,4.56383e-08,0.464599,-7.96289e-10,1.07717
0.361793,0.916487,2.47827e-07,-2.09412e-07,2.47827e-07,0.26671,5.43274e-08,-2.09412e-07,5.43274e-08,0.26671,0.401697,-6.23895e-08,0.401697,1.1692e-07,-4.56979e-09,-6.23895e-08,-4.56979e-09,5.95346e-08,0.401697,-8.72003e-08,4.56485e-08,-3.67171e-08,0.401697,-3.67171e-08,2.26067e-10,0.401697,1.1692e-07,-4.56979e-09,-6.23895e-08,-4.56979e-09,5.95346e-08,0.916487,5.73277e-09,5.99588e-08,5.73277e-09,0.266711,0.401697,9.81361e-08,0.401697,1.14716e-07,0.401697,-3.67171e-08,2.26067e-10,0.401697,1.14716e-07,0.916487
0.316574,0.673413,2.83321e-07,2.15768e-08,2.83321e-07,0.206032,3.35163e-09,2.15768e-08,3.35163e-09,0.206033,0.305308,-2.35774e-08,0.305308,2.47683e-08,-8.3626e-08,-2.35774e-08,-8.3626e-08,-4.81853e-07,0.305308,-3.77095e-08,2.40508e-07,2.56483e-08,0.305308,2.56483e-08,1.25425e-08,0.305308,2.47683e-08,-8.3626e-08,-2.35774e-08,-8.3626e-08,-4.81853e-07,0.673413,-3.55228e-07,-1.4024e-07,-3.55228e-07,0.206032,0.305308,-6.17565e-08,0.305308,-3.66563e-07,0.305308,2.56483e-08,1.25425e-08,0.305308,-3.66563e-07,0.673413
0.271354,0.423054,4.58332e-07,2.65398e-07,4.58332e-07,0.138634,-1.76497e-07,2.65398e-07,-1.76497e-07,0.138633,0.194781,-3.88414e-07,0.194781,-4.01834e-09,2.02983e-07,-3.88414e-07,2.02983e-07,-3.75272e-07,0.194781,-3.58539e-07,-1.45381e-07,-3.4025e-07,0.194781,-3.4025e-07,1.89815e-07,0.194781,-4.01834e-09,2.02983e-07,-3.88414e-07,2.02983e-07,-3.75272e-07,0.423052,-3.6037e-07,-3.52081e-07,-3.6037e-07,0.138634,0.194781,-2.08791e-07,0.194781,-3.36052e-08,0.194781,-3.4025e-07,1.89815e-07,0.194781,-3.36052e-08,0.423053
0.226135,0.261061,9.71779e-09,-1.30279e-07,9.71779e-09,0.0984203,-1.07957e-07,-1.30279e-07,-1.07957e-07,0.0984193,0.124456,2.8984e-08,0.124456,-7.88217e-08,3.87587e-07,2.8984e-08,3.87587e-07,5.17884e-07,0.124456,2.64789e-08,-1.78925e-07,-3.36902e-07,0.124456,-3.36902e-07,1.1865e-07,0.124456,-7.88217e-08,3.87587e-07,2.8984e-08,3.87587e-07,5.17884e-07,0.26106,1.19146e-07,-2.54164e-08,1.19146e-07,0.0984209,0.124456,4.26298e-07,0.124456,2.1928e-07,0.124456,-3.36902e-07,1.1865e-07,0.124456,2.1928e-07,0.26106
0.180916,0.164856,-5.61245e-07,-9.86359e-08,-5.61245e-07,0.0677216,1.0778e-07,-9.86359e-08,1.0778e-07,0.0677206,0.0785988,-1.35854e-07,0.0785988,-3.23099e-07,3.86994e-07,-1.35854e-07,3.86994e-07,5.39894e-07,0.0785991,2.41368e-07,4.71822e-07,1.34152e-07,0.0785991,1.34152e-07,6.7459e-08,0.0785988,-3.23099e-07,3.86994e-07,-1.35854e-07,3.86994e-07,5.39894e-07,0.164856,2.19148e-07,3.07283e-07,2.19148e-07,0.0677211,0.0785989,2.16568e-08,0.0785989,5.25579e-07,0.0785991,1.34152e-07,6.7459e-08,0.0785989,5.25579e-07,0.164856
0.135697,0.0677711,-2.09579e-07,-8.68479e-08,-2.09579e-07,0.0314462,2.23153e-07,-8.68479e-08,2.23153e-07,0.0314469,0.0330134,1.79248e-07,0.0330134,1.67973e-07,2.67023e-07,1.79248e-07,2.67023e-07,-7.26568e-07,0.0330135,1.58314e-07,-2.8179e-07,-1.78189e-08,0.0330135,-1.78189e-08,2.13699e-08,0.0330134,1.67973e-07,2.67023e-07,1.79248e-07,2.67023e-07,-7.26568e-07,0.0677715,-6.035e-08,8.3159e-08,-6.035e-08,0.0314466,0.0330135,-1.13369e-08,0.0330135,3.52524e-07,0.0330135,-1.78189e-08,2.13699e-08,0.0330135,3.52524e-07,0.0677711
0.440478,1.16528,3.13303e-08,1.41409e-08,3.13303e-08,0.332106,-2.98626e-08,1.41409e-08,-2.98626e-08,0.332106,0.498916,-2.01434e-08,0.498916,2.26234e-08,5.45922e-08,-2.01434e-08,5.45922e-08,3.697e-08,0.498915,-4.63619e-08,-7.45354e-08,-1.40605e-08,0.498915,-1.40605e-08,2.93335e-09,0.498916,2.26234e-08,5.45922e-08,-2.01434e-08,5.45922e-08,3.697e-08,1.16528,1.37335e-07,-1.21953e-08,1.37335e-07,0.332107,0.498915,-2.47158e-08,0.498915,5.6783e-08,0.498915,-1.40605e-08,2.93335e-09,0.498915,5.6783e-08,1.16528
0.395258,1.03364,1.65199e-07,-5.3234e-08,1.65199e-07,0.29699,3.01941e-08,-5.3234e-08,3.01941e-08,0.296989,0.44678,-8.06141e-08,0.44678,1.16306e-07,9.87108e-08,-8.06141e-08,9.87108e-08,7.88711e-08,0.44678,-9.15749e-08,-6.59742e-08,-6.42318e-08,0.44678,-6.42318e-08,2.93591e-08,0.44678,1.16306e-07,9.87108e-08,-8.06141e-08,9.87108e-08,7.88711e-08,1.03364,1.43611e-07,8.53457e-08,1.43611e-07,0.296991,0.44678,3.59665e-08,0.44678,7.631e-08,0.44678,-6.42318e-08,2.93591e-08,0.44678,7.631e-08,1.03364
0.350039,0.838354,2.55701e-07,-2.34326e-07,2.55701e-07,0.24913,6.21509e-08,-2.34326e-07,6.21509e-08,0.24913,0.37241,-2.04678e-09,0.37241,1.60601e-07,-5.00914e-08,-2.04678e-09,-5.00914e-08,3.38878e-08,0.37241,-4.24624e-09,1.18674e-07,-1.16554e-08,0.37241,-1.16554e-08,1.13767e-08,0.37241,1.60601e-07,-5.00914e-08,-2.04678e-09,-5.00914e-08,3.38878e-08,0.838354,-1.0678e-07,8.1344e-08,-1.0678e-07,0.24913,0.37241,1.32446e-07,0.37241,3.81222e-08,0.37241,-1.16554e-08,1.13767e-08,0.37241,3.81222e-08,0.838354
0.30482,0.544223,3.06881e-07,3.27764e-07,3.06881e-07,0.176266,-7.89343e-10,3.27764e-07,-7.89343e-10,0.176269,0.254055,-3.20571e-07,0.254055,-5.99411e-07,-1.46863e-08,-3.20571e-07,-1.46863e-08,-5.36779e-07,0.254055,-3.95834e-07,-2.09391e-07,-1.17474e-07,0.254055,-1.17474e-07,2.27379e-07,0.254055,-5.99411e-07,-1.46863e-08,-3.20571e-07,-1.46863e-08,-5.36779e-07,0.544222,-4.02371e-07,-2.63831e-07,-4.02371e-07,0.176268,0.254055,-1.73493e-07,0.254055,-1.66264e-07,0.254055,-1.17474e-07,2.27379e-07,0.254055,-1.66264e-07,0.544222
0.259601,0.364506,2.28021e-07,2.81052e-07,2.28021e-07,0.127648,-2.59338e-08,2.81052e-07,-2.59338e-08,0.127648,0.173534,-2.36077e-07,0.173534,-2.27371e-07,3.416e-07,-2.36077e-07,3.416e-07,3.59199e-07,0.173534,-1.53397e-07,-2.26947e-07,-4.37409e-07,0.173534,-4.37409e-07,1.90085e-07,0.173534,-2.27371e-07,3.416e-07,-2.36077e-07,3.416e-07,3.59199e-07,0.364506,-3.27475e-07,-3.2258e-07,-3.27475e-07,0.127648,0.173534,-2.36864e-07,0.173534,-1.64397e-07,0.173534,-4.37409e-07,1.90085e-07,0.173534,-1.64397e-07,0.364506
0.214382,0.210114,-2.85242e-07,-5.35644e-08,-2.85242e-07,0.080739,7.45891e-08,-5.35644e-08,7.45891e-08,0.0807374,0.0986728,-1.95728e-07,0.0986728,-1.06034e-07,5.0723e-07,-1.95728e-07,5.0723e-07,5.8536e-07,0.098673,4.07431e-07,-3.07211e-08,1.82675e-08,0.098673,1.82675e-08,1.57511e-07,0.0986728,-1.06034e-07,5.0723e-07,-1.95728e-07,5.0723e-07,5.8536e-07,0.210114,1.33756e-07,-3.85813e-08,1.33756e-07,0.0807389,0.0986725,2.0281e-07,0.0986725,1.69224e-07,0.098673,1.82675e-08,1.57511e-07,0.0986725,1.69224e-07,0.210114
0.169162,0.126402,-3.07036e-07,1.10879e-07,-3.07036e-07,0.054975,-5.19483e-08,1.10879e-07,-5.19483e-08,0.0549745,0.0616083,6.53022e-09,0.0616083,-1.70379e-07,3.10684e-07,6.53022e-09,3.10684e-07,1.40747e-07,0.0616087,1.28751e-08,-2.04413e-07,-6.70757e-08,0.0616087,-6.70757e-08,1.44832e-07,0.0616083,-1.70379e-07,3.10684e-07,6.53022e-09,3.10684e-07,1.40747e-07,0.126403,2.74514e-07,6.5894e-08,2.74514e-07,0.0549749,0.0616086,-3.59104e-08,0.0616086,5.66523e-07,0.0616087,-6.70757e-08,1.44832e-07,0.0616086,5.66523e-07,0.126403
0.123943,0.0519367,-1.059e-08,-2.12185e-07,-1.059e-08,0.0248186,1.04479e-07,-2.12185e-07,1.04479e-07,0.0248191,0.0253704,7.63374e-09,0.0253704,-1.53191e-07,6.79247e-08,7.63374e-09,6.79247e-08,-1.33168e-07,0.0253705,5.72067e-08,-2.69055e-07,-6.73889e-08,0.0253705,-6.73889e-08,1.96921e-08,0.0253704,-1.53191e-07,6.79247e-08,7.63374e-09,6.79247e-08,-1.33168e-07,0.0519366,8.93521e-08,7.00736e-08,8.93521e-08,0.0248187,0.0253705,-5.23859e-08,0.0253705,6.67189e-08,0.0253705,-6.73889e-08,1.96921e-08,0.0253705,6.67189e-08,0.0519366
0.428724,1.16528,3.13303e-08,1.41409e-08,3.13303e-08,0.332106,-2.98626e-08,1.41409e-08,-2.98626e-08,0.332106,0.498916,-2.01434e-08,0.498916,2.26234e-08,5.45922e-08,-2.01434e-08,5.45922e-08,3.697e-08,0.498915,-4.63619e-08,-7.45354e-08,-1.40605e-08,0.498915,-1.40605e-08,2.93335e-09,0.498916,2.26234e-08,5.45922e-08,-2.01434e-08,5.45922e-08,3.697e-08,1.16528,1.37335e-07,-1.21953e-08,1.37335e-07,0.332107,0.498915,-2.47158e-08,0.498915,5.6783e-08,0.498915,-1.40605e-08,2.93335e-09,0.498915,5.6783e-08,1.16528
0.383505,0.989919,2.12686e-07,-9.82704e-08,2.12686e-07,0.285764,-1.63464e-09,-9.82704e-08,-1.63464e-09,0.285765,0.430522,-7.05608e-08,0.430522,1.42295e-07,-1.53133e-08,-7.05608e-08,-1.53133e-08,8.51035e-08,0.430522,-1.027e-07,-4.51747e-08,-3.97938e-09,0.430522,-3.97938e-09,-3.69857e-09,0.430522,1.42295e-07,-1.53133e-08,-7.05608e-08,-1.53133e-08,8.51035e-08,0.989919,-2.10244e-08,6.79487e-08,-2.10244e-08,0.285765,0.430522,2.20211e-08,0.430522,1.82189e-07,0.430522,-3.97938e-09,-3.69857e-09,0.430522,1.82189e-07,0.989919
0.338286,0.736144,1.59553e-07,-4.72598e-08,1.59553e-07,0.221211,4.44328e-09,-4.72598e-08,4.44328e-09,0.221212,0.330971,1.29953e-08,0.330971,5.17781e-08,-7.49223e-08,1.29953e-08,-7.49223e-08,-3.92548e-07,0.330971,1.82457e-09,2.04569e-07,5.79699e-08,0.330971,5.79699e-08,8.11887e-09,0.330971,5.17781e-08,-7.49223e-08,1.29953e-08,-7.49223e-08,-3.92548e-07,0.736144,-3.54283e-07,-4.38045e-08,-3.54283e-07,0.221211,0.330971,7.64692e-09,0.330971,-2.8744e-07,0.330971,5.79699e-08,8.11887e-09,0.330971,-2.8744e-07,0.736144
0.293066,0.517335,3.39085e-07,2.92425e-07,3.39085e-07,0.167623,-6.46621e-08,2.92425e-07,-6.46621e-08,0.167624,0.241304,-3.70913e-07,0.241304,-2.70268e-07,1.36286e-08,-3.70913e-07,1.36286e-08,-6.59171e-07,0.241304,-4.76944e-07,-3.32628e-07,-1.28953e-07,0.241304,-1.28953e-07,2.89698e-07,0.241304,-2.70268e-07,1.36286e-08,-3.70913e-07,1.36286e-08,-6.59171e-07,0.517334,-4.54062e-07,-2.87388e-07,-4.54062e-07,0.167624,0.241304,-2.75106e-07,0.241304,-2.22659e-07,0.241304,-1.28953e-07,2.89698e-07,0.241304,-2.22659e-07,0.517335
0.247847,0.336971,3.72092e-07,3.80641e-07,3.72092e-07,0.118807,1.94136e-07,3.80641e-07,1.94136e-07,0.118806,0.159174,-1.6464e-07,0.159174,-1.98629e-07,3.08147e-07,-1.6464e-07,3.08147e-07,2.5428e-07,0.159174,-1.56798e-07,-1.79653e-07,-3.20525e-07,0.159174,-3.20525e-07,1.88433e-07,0.159174,-1.98629e-07,3.08147e-07,-1.6464e-07,3.08147e-07,2.5428e-07,0.336971,-1.38995e-07,-2.95408e-07,-1.38995e-07,0.118807,0.159175,-1.34745e-08,0.159175,-1.89573e-07,0.159174,-3.20525e-07,1.88433e-07,0.159175,-1.89573e-07,0.336972
0.202628,0.187535,-5.77438e-07,-2.44391e-07,-5.77438e-07,0.0733647,1.70475e-07,-2.44391e-07,1.70475e-07,0.0733632,0.0873752,-1.08431e-07,0.0873752,-1.23269e-07,4.74594e-07,-1.08431e-07,4.74594e-07,5.03632e-07,0.0873755,4.91494e-07,2.64182e-07,1.26099e-07,0.0873755,1.26099e-07,-4.9764e-09,0.0873752,-1.23269e-07,4.74594e-07,-1.08431e-07,4.74594e-07,5.03632e-07,0.187535,2.53064e-07,2.97986e-07,2.53064e-07,0.0733641,0.0873754,5.97345e-08,0.0873754,3.53554e-07,0.0873755,1.26099e-07,-4.9764e-09,0.0873754,3.53554e-07,0.187535
0.157409,0.0918008,-2.84429e-07,-9.07326e-08,-2.84429e-07,0.041319,1.82388e-08,-9.07326e-08,1.82388e-08,0.0413195,0.044073,2.96407e-07,0.044073,-1.35435e-07,2.25846e-07,2.96407e-07,2.25846e-07,-4.56919e-07,0.0440732,2.39609e-07,1.85313e-08,-2.04935e-07,0.0440732,-2.04935e-07,5.99149e-08,0.044073,-1.35435e-07,2.25846e-07,2.96407e-07,2.25846e-07,-4.56919e-07,0.091802,6.29211e-08,-3.12901e-08,6.29211e-08,0.0413192,0.0440732,-1.60724e-07,0.0440732,2.3817e-07,0.0440732,-2.04935e-07,5.99149e-08,0.0440732,2.3817e-07,0.0918022
0.11219,0.0519367,-1.059e-08,-2.12185e-07,-1.059e-08,0.0248186,1.04479e-07,-2.12185e-07,1.04479e-07,0.0248191,0.0253704,7.63374e-09,0.0253704,-1.53191e-07,6.79247e-08,7.63374e-09,6.79247e-08,-1.33168e-07,0.0253705,5.72067e-08,-2.69055e-07,-6.73889e-08,0.0253705,-6.73889e-08,1.96921e-08,0.0253704,-1.53191e-07,6.79247e-08,7.63374e-09,6.79247e-08,-1.33168e-07,0.0519366,8.93521e-08,7.00736e-08,8.93521e-08,0.0248187,0.0253705,-5.23859e-08,0.0253705,6.67189e-08,0.0253705,-6.73889e-08,1.96921e-08,0.0253705,6.67189e-08,0.0519366
0.41697,1.14103,5.72757e-08,-1.40236e-08,5.72757e-08,0.324977,-2.22672e-08,-1.40236e-08,-2.22672e-08,0.324977,0.489245,-5.03492e-08,0.489245,3.4962e-08,7.89773e-08,-5.03492e-08,7.89773e-08,2.67783e-08,0.489245,-4.64475e-08,-7.51886e-08,-2.33453e-08,0.489245,-2.33453e-08,1.51414e-08,0.489245,3.4962e-08,7.89773e-08,-5.03492e-08,7.89773e-08,2.67783e-08,1.14103,1.62779e-07,2.42896e-08,1.62779e-07,0.324978,0.489245,2.01611e-08,0.489245,3.98594e-08,0.489245,-2.33453e-08,1.51414e-08,0.489245,3.98594e-08,1.14103
0.371751,0.966929,1.99152e-07,-1.06297e-07,1.99152e-07,0.279417,-6.59364e-10,-1.06297e-07,-6.59364e-10,0.279417,0.421528,-7.47895e-08,0.421528,9.54423e-08,-1.63225e-08,-7.47895e-08,-1.63225e-08,7.92364e-08,0.421528,-1.21936e-07,9.56348e-09,-2.51243e-08,0.421528,-2.51243e-08,-6.94174e-09,0.421528,9.54423e-08,-1.63225e-08,-7.47895e-08,-1.63225e-08,7.92364e-08,0.966929,-2.27047e-08,4.12859e-08,-2.27047e-08,0.279417,0.421528,8.70712e-09,0.421528,1.64903e-07,0.421528,-2.51243e-08,-6.94174e-09,0.421528,1.64903e-07,0.966929
0.326532,0.704711,8.89649e-08,-3.34247e-08,8.89649e-08,0.21247,-4.98058e-08,-3.34247e-08,-4.98058e-08,0.212471,0.317261,-1.95722e-09,0.317261,3.81472e-08,-3.55154e-08,-1.95722e-09,-3.55154e-08,-5.0057e-07,0.317261,-1.43074e-08,2.16395e-07,-3.31006e-08,0.317261,-3.31006e-08,3.87306e-08,0.317261,3.81472e-08,-3.55154e-08,-1.95722e-09,-3.55154e-08,-5.0057e-07,0.704711,-3.59012e-07,-6.08585e-08,-3.59012e-07,0.21247,0.317261,-2.24959e-08,0.317261,-3.65157e-07,0.317261,-3.31006e-08,3.87306e-08,0.317261,-3.65157e-07,0.704711
0.281313,0.494644,2.21701e-07,3.18243e-07,2.21701e-07,0.159054,-2.02243e-07,3.18243e-07,-2.02243e-07,0.159055,0.228403,-3.60945e-07,0.228403,-2.0591e-07,4.80195e-08,-3.60945e-07,4.80195e-08,-3.71301e-08,0.228403,-3.71274e-07,-4.01483e-07,-2.12352e-07,0.228403,-2.12352e-07,2.35681e-07,0.228403,-2.0591e-07,4.80195e-08,-3.60945e-07,4.80195e-08,-3.71301e-08,0.494643,-2.81667e-07,-4.33275e-07,-2.81667e-07,0.159055,0.228403,-3.03566e-07,0.228403,9.2342e-08,0.228403,-2.12352e-07,2.35681e-07,0.228403,9.2342e-08,0.494643
0.236094,0.311099,3.3488e-07,3.5098e-07,3.3488e-07,0.113615,1.05623e-07,3.5098e-07,1.05623e-07,0.113615,0.14947,-1.10596e-07,0.14947,-2.27441e-07,3.4063e-07,-1.10596e-07,3.4063e-07,3.12741e-07,0.14947,-9.67596e-08,-1.21688e-07,-4.11233e-07,0.14947,-4.11233e-07,1.61229e-07,0.14947,-2.27441e-07,3.4063e-07,-1.10596e-07,3.4063e-07,3.12741e-07,0.3111,-6.24446e-08,-2.6863e-07,-6.24446e-08,0.113616,0.149471,-1.63318e-09,0.149471,-1.76076e-07,0.14947,-4.11233e-07,1.61229e-07,0.149471,-1.76076e-07,0.3111
0.190875,0.164856,-5.61245e-07,-9.86359e-08,-5.61245e-07,0.0677216,1.0778e-07,-9.86359e-08,1.0778e-07,0.0677206,0.0785988,-1.35854e-07,0.0785988,-3.23099e-07,3.86994e-07,-1.35854e-07,3.86994e-07,5.39894e-07,0.0785991,2.41368e-07,4.71822e-07,1.34152e-07,0.0785991,1.34152e-07,6.7459e-08,0.0785988,-3.23099e-07,3.86994e-07,-1.35854e-07,3.86994e-07,5.39894e-07,0.164856,2.19148e-07,3.07283e-07,2.19148e-07,0.0677211,0.0785989,2.16568e-08,0.0785989,5.25579e-07,0.0785991,1.34152e-07,6.7459e-08,0.0785989,5.25579e-07,0.164856
0.145655,0.0840736,-3.45034e-07,-1.24573e-08,-3.45034e-07,0.0371481,6.35826e-09,-1.24573e-08,6.35826e-09,0.0371483,0.0392434,3.00316e-07,0.0392434,-1.18125e-08,1.99368e-07,3.00316e-07,1.99368e-07,-5.05629e-07,0.0392435,2.79561e-07,-1.45224e-07,-1.68203e-07,0.0392435,-1.68203e-07,2.49536e-07,0.0392434,-1.18125e-08,1.99368e-07,3.00316e-07,1.99368e-07,-5.05629e-07,0.0840742,-4.86178e-08,-1.45439e-10,-4.86178e-08,0.037148,0.0392436,-8.6106e-08,0.0392436,-5.6144e-08,0.0392435,-1.68203e-07,2.49536e-07,0.0392436,-5.6144e-08,0.0840741
0.100436,0.0382465,-5.8275e-08,-7.41829e-08,-5.8275e-08,0.0181721,2.63409e-08,-7.41829e-08,2.63409e-08,0.0181719,0.0182847,1.94463e-08,0.0182847,7.7086e-08,-7.57211e-08,1.94463e-08,-7.57211e-08,-6.05818e-08,0.0182849,-1.09007e-07,6.55496e-09,-2.36174e-08,0.0182849,-2.36174e-08,-7.978e-08,0.0182847,7.7086e-08,-7.57211e-08,1.94463e-08,-7.57211e-08,-6.05818e-08,0.0382465,-8.8898e-08,7.23672e-08,-8.8898e-08,0.0181719,0.0182847,2.39884e-08,0.0182847,1.41723e-07,0.0182849,-2.36174e-08,-7.978e-08,0.0182847,1.41723e-07,0.0382466
0.405217,1.06589,9.29114e-08,-4.18743e-08,9.29114e-08,0.304467,3.82353e-08,-4.18743e-08,3.82353e-08,0.304466,0.459915,-5.51833e-08,0.459915,1.05064e-07,1.06007e-07,-5.51833e-08,1.06007e-07,3.27748e-08,0.459915,-6.30361e-08,-5.94527e-08,-6.15412e-08,0.459915,-6.15412e-08,4.54377e-08,0.459915,1.05064e-07,1.06007e-07,-5.51833e-08,1.06007e-07,3.27748e-08,1.06589,1.70752e-07,4.70624e-08,1.70752e-07,0.304468,0.459915,6.9275e-09,0.459915,-1.98108e-08,0.459915,-6.15412e-08,4.54377e-08,0.459915,-1.98108e-08,1.06589
0.359998,0.916487,2.47827e-07,-2.09412e-07,2.47827e-07,0.26671,5.43274e-08,-2.09412e-07,5.43274e-08,0.26671,0.401697,-6.23895e-08,0.401697,1.1692e-07,-4.56979e-09,-6.23895e-08,-4.56979e-09,5.95346e-08,0.401697,-8.72003e-08,4.56485e-08,-3.67171e-08,0.401697,-3.67171e-08,2.26067e-10,0.401697,1.1692e-07,-4.56979e-09,-6.23895e-08,-4.56979e-09,5.95346e-08,0.916487,5.73277e-09,5.99588e-08,5.73277e-09,0.266711,0.401697,9.81361e-08,0.401697,1.14716e-07,0.401697,-3.67171e-08,2.26067e-10,0.401697,1.14716e-07,0.916487
0.314779,0.673413,2.83321e-07,2.15768e-08,2.83321e-07,0.206032,3.35163e-09,2.15768e-08,3.35163e-09,0.206033,0.305308,-2.35774e-08,0.305308,2.47683e-08,-8.3626e-08,-2.35774e-08,-8.3626e-08,-4.81853e-07,0.305308,-3.77095e-08,2.40508e-07,2.56483e-08,0.305308,2.56483e-08,1.25425e-08,0.305308,2.47683e-08,-8.3626e-08,-2.35774e-08,-8.3626e-08,-4.81853e-07,0.673413,-3.55228e-07,-1.4024e-07,-3.55228e-07,0.206032,0.305308,-6.17565e-08,0.305308,-3.66563e-07,0.305308,2.56483e-08,1.25425e-08,0.305308,-3.66563e-07,0.673413
0.269559,0.391782,4.52714e-07,2.4034e-07,4.52714e-07,0.131707,-2.07485e-07,2.4034e-07,-2.07485e-07,0.131706,0.181803,-3.37731e-07,0.181803,-2.21199e-08,3.6116e-07,-3.37731e-07,3.6116e-07,3.66148e-07,0.181804,-2.60811e-07,-1.13643e-07,-4.82358e-07,0.181804,-4.82358e-07,6.7231e-08,0.181803,-2.21199e-08,3.6116e-07,-3.37731e-07,3.6116e-07,3.66148e-07,0.391782,-3.68441e-07,-2.64359e-07,-3.68441e-07,0.131707,0.181803,-2.53527e-07,0.181803,-1.68717e-07,0.181804,-4.82358e-07,6.7231e-08,0.181803,-1.68717e-07,0.391782
0.22434,0.261061,9.71779e-09,-1.30279e-07,9.71779e-09,0.0984203,-1.07957e-07,-1.30279e-07,-1.07957e-07,0.0984193,0.124456,2.8984e-08,0.124456,-7.88217e-08,3.87587e-07,2.8984e-08,3.87587e-07,5.17884e-07,0.124456,2.64789e-08,-1.78925e-07,-3.36902e-07,0.124456,-3.36902e-07,1.1865e-07,0.124456,-7.88217e-08,3.87587e-07,2.8984e-08,3.87587e-07,5.17884e-07,0.26106,1.19146e-07,-2.54164e-08,1.19146e-07,0.0984209,0.124456,4.26298e-07,0.124456,2.1928e-07,0.124456,-3.36902e-07,1.1865e-07,0.124456,2.1928e-07,0.26106
0.179121,0.126402,-3.07036e-07,1.10879e-07,-3.07036e-07,0.054975,-5.19483e-08,1.10879e-07,-5.19483e-08,0.0549745,0.0616083,6.53022e-09,0.0616083,-1.70379e-07,3.10684e-07,6.53022e-09,3.10684e-07,1.40747e-07,0.0616087,1.28751e-08,-2.04413e-07,-6.70757e-08,0.0616087,-6.70757e-08,1.44832e-07,0.0616083,-1.70379e-07,3.10684e-07,6.53022e-09,3.10684e-07,1.40747e-07,0.126403,2.74514e-07,6.5894e-08,2.74514e-07,0.0549749,0.0616086,-3.59104e-08,0.0616086,5.66523e-07,0.0616087,-6.70757e-08,1.44832e-07,0.0616086,5.66523e-07,0.126403
0.133902,0.0677711,-2.09579e-07,-8.68479e-08,-2.09579e-07,0.0314462,2.23153e-07,-8.68479e-08,2.23153e-07,0.0314469,0.0330134,1.79248e-07,0.0330134,1.67973e-07,2.67023e-07,1.79248e-07,2.67023e-07,-7.26568e-07,0.0330135,1.58314e-07,-2.8179e-07,-1.78189e-08,0.0330135,-1.78189e-08,2.13699e-08,0.0330134,1.67973e-07,2.67023e-07,1.79248e-07,2.67023e-07,-7.26568e-07,0.0677715,-6.035e-08,8.3159e-08,-6.035e-08,0.0314466,0.0330135,-1.13369e-08,0.0330135,3.52524e-07,0.0330135,-1.78189e-08,2.13699e-08,0.0330135,3.52524e-07,0.0677711
0.438683,1.16528,3.13303e-08,1.41409e-08,3.13303e-08,0.332106,-2.98626e-08,1.41409e-08,-2.98626e-08,0.332106,0.498916,-2.01434e-08,0.498916,2.26234e-08,5.45922e-08,-2.01434e-08,5.45922e-08,3.697e-08,0.498915,-4.63619e-08,-7.45354e-08,-1.40605e-08,0.498915,-1.40605e-08,2.93335e-09,0.498916,2.26234e-08,5.45922e-08,-2.01434e-08,5.45922e-08,3.697e-08,1.16528,1.37335e-07,-1.21953e-08,1.37335e-07,0.332107,0.498915,-2.47158e-08,0.498915,5.6783e-08,0.498915,-1.40605e-08,2.93335e-09,0.498915,5.6783e-08,1.16528
0.393463,1.03364,1.65199e-07,-5.3234e-08,1.65199e-07,0.29699,3.01941e-08,-5.3234e-08,3.01941e-08,0.296989,0.44678,-8.06141e-08,0.44678,1.16306e-07,9.87108e-08,-8.06141e-08,9.87108e-08,7.88711e-08,0.44678,-9.15749e-08,-6.59742e-08,-6.42318e-08,0.44678,-6.42318e-08,2.93591e-08,0.44678,1.16306e-07,9.87108e-08,-8.06141e-08,9.87108e-08,7.88711e-08,1.03364,1.43611e-07,8.53457e-08,1.43611e-07,0.296991,0.44678,3.59665e-08,0.44678,7.631e-08,0.44678,-6.42318e-08,2.93591e-08,0.44678,7.631e-08,1.03364
0.348244,0.838354,2.55701e-07,-2.34326e-07,2.55701e-07,0.24913,6.21509e-08,-2.34326e-07,6.21509e-08,0.24913,0.37241,-2.04678e-09,0.37241,1.60601e-07,-5.00914e-08,-2.04678e-09,-5.00914e-08,3.38878e-08,0.37241,-4.24624e-09,1.18674e-07,-1.16554e-08,0.37241,-1.16554e-08,1.13767e-08,0.37241,1.60601e-07,-5.00914e-08,-2.04678e-09,-5.00914e-08,3.38878e-08,0.838354,-1.0678e-07,8.1344e-08,-1.0678e-07,0.24913,0.37241,1.32446e-07,0.37241,3.81222e-08,0.37241,-1.16554e-08,1.13767e-08,0.37241,3.81222e-08,0.838354
0.303025,0.544223,3.06881e-07,3.27764e-07,3.06881e-07,0.176266,-7.89343e-10,3.27764e-07,-7.89343e-10,0.176269,0.254055,-3.20571e-07,0.254055,-5.99411e-07,-1.46863e-08,-3.20571e-07,-1.46863e-08,-5.36779e-07,0.254055,-3.95834e-07,-2.09391e-07,-1.17474e-07,0.254055,-1.17474e-07,2.27379e-07,0.254055,-5.99411e-07,-1.46863e-08,-3.20571e-07,-1.46863e-08,-5.36779e-07,0.544222,-4.02371e-07,-2.63831e-07,-4.02371e-07,0.176268,0.254055,-1.73493e-07,0.254055,-1.66264e-07,0.254055,-1.17474e-07,2.27379e-07,0.254055,-1.66264e-07,0.544222
0.257806,0.364506,2.28021e-07,2.81052e-07,2.28021e-07,0.127648,-2.59338e-08,2.81052e-07,-2.59338e-08,0.127648,0.173534,-2.36077e-07,0.173534,-2.27371e-07,3.416e-07,-2.36077e-07,3.416e-07,3.59199e-07,0.173534,-1.53397e-07,-2.26947e-07,-4.37409e-07,0.173534,-4.37409e-07,1.90085e-07,0.173534,-2.27371e-07,3.416e-07,-2.36077e-07,3.416e-07,3.59199e-07,0.364506,-3.27475e-07,-3.2258e-07,-3.27475e-07,0.127648,0.173534,-2.36864e-07,0.173534,-1.64397e-07,0.173534,-4.37409e-07,1.90085e-07,0.173534,-1.64397e-07,0.364506
0.212587,0.210114,-2.85242e-07,-5.35644e-08,-2.85242e-07,0.080739,7.45891e-08,-5.35644e-08,7.45891e-08,0.0807374,0.0986728,-1.95728e-07,0.0986728,-1.06034e-07,5.0723e-07,-1.95728e-07,5.0723e-07,5.8536e-07,0.098673,4.07431e-07,-3.07211e-08,1.82675e-08,0.098673,1.82675e-08,1.57511e-07,0.0986728,-1.06034e-07,5.0723e-07,-1.95728e-07,5.0723e-07,5.8536e-07,0.210114,1.33756e-07,-3.85813e-08,1.33756e-07,0.0807389,0.0986725,2.0281e-07,0.0986725,1.69224e-07,0.098673,1.82675e-08,1.57511e-07,0.0986725,1.69224e-07,0.210114
0.167367,0.126402,-3.07036e-07,1.10879e-07,-3.07036e-07,0.054975,-5.19483e-08,1.10879e-07,-5.19483e-08,0.0549745,0.0616083,6.53022e-09,0.0616083,-1.70379e-07,3.10684e-07,6.53022e-09,3.10684e-07,1.40747e-07,0.0616087,1.28751e-08,-2.04413e-07,-6.70757e-08,0.0616087,-6.70757e-08,1.44832e-07,0.0616083,-1.70379e-07,3.10684e-07,6.53022e-09,3.10684e-07,1.40747e-07,0.126403,2.74514e-07,6.5894e-08,2.74514e-07,0.0549749,0.0616086,-3.59104e-08,0.0616086,5.66523e-07,0.0616087,-6.70757e-08,1.44832e-07,0.0616086,5.66523e-07,0.126403
0.122148,0.0519367,-1.059e-08,-2.12185e-07,-1.059e-08,0.0248186,1.04479e-07,-2.12185e-07,1.04479e-07,0.0248191,0.0253704,7.63374e-09,0.0253704,-1.53191e-07,6.79247e-08,7.63374e-09,6.79247e-08,-1.33168e-07,0.0253705,5.72067e-08,-2.69055e-07,-6.73889e-08,0.0253705,-6.73889e-08,1.96921e-08,0.0253704,-1.53191e-07,6.79247e-08,7.63374e-09,6.79247e-08,-1.33168e-07,0.0519366,8.93521e-08,7.00736e-08,8.93521e-08,0.0248187,0.0253705,-5.23859e-08,0.0253705,6.67189e-08,0.0253705,-6.73889e-08,1.96921e-08,0.0253705,6.67189e-08,0.0519366
0.426929,1.14302,5.78461e-08,-1.29745e-08,5.78461e-08,0.325453,-1.93903e-08,-1.29745e-08,-1.93903e-08,0.325453,0.489927,-4.99613e-08,0.489927,3.30212e-08,7.77683e-08,-4.99613e-08,7.77683e-08,2.54721e-08,0.489927,-4.58984e-08,-7.30658e-08,-2.18055e-08,0.489927,-2.18055e-08,1.67776e-08,0.489927,3.30212e-08,7.77683e-08,-4.99613e-08,7.77683e-08,2.54721e-08,1.14302,1.62006e-07,2.45265e-08,1.62006e-07,0.325454,0.489927,2.08841e-08,0.489927,4.18462e-08,0.489927,-2.18055e-08,1.67776e-08,0.489927,4.18462e-08,1.14302
0.38171,0.989919,2.12686e-07,-9.82704e-08,2.12686e-07,0.285764,-1.63464e-09,-9.82704e-08,-1.63464e-09,0.285765,0.430522,-7.05608e-08,0.430522,1.42295e-07,-1.53133e-08,-7.05608e-08,-1.53133e-08,8.51035e-08,0.430522,-1.027e-07,-4.51747e-08,-3.97938e-09,0.430522,-3.97938e-09,-3.69857e-09,0.430522,1.42295e-07,-1.53133e-08,-7.05608e-08,-1.53133e-08,8.51035e-08,0.989919,-2.10244e-08,6.79487e-08,-2.10244e-08,0.285765,0.430522,2.20211e-08,0.430522,1.82189e-07,0.430522,-3.97938e-09,-3.69857e-09,0.430522,1.82189e-07,0.989919
0.336491,0.736144,1.59553e-07,-4.72598e-08,1.59553e-07,0.221211,4.44328e-09,-4.72598e-08,4.44328e-09,0.221212,0.330971,1.29953e-08,0.330971,5.17781e-08,-7.49223e-08,1.29953e-08,-7.49223e-08,-3.92548e-07,0.330971,1.82457e-09,2.04569e-07,5.79699e-08,0.330971,5.79699e-08,8.11887e-09,0.330971,5.17781e-08,-7.49223e-08,1.29953e-08,-7.49223e-08,-3.92548e-07,0.736144,-3.54283e-07,-4.38045e-08,-3.54283e-07,0.221211,0.330971,7.64692e-09,0.330971,-2.8744e-07,0.330971,5.79699e-08,8.11887e-09,0.330971,-2.8744e-07,0.736144
0.291271,0.517335,3.39085e-07,2.92425e-07,3.39085e-07,0.167623,-6.46621e-08,2.92425e-07,-6.46621e-08,0.167624,0.241304,-3.70913e-07,0.241304,-2.70268e-07,1.36286e-08,-3.70913e-07,1.36286e-08,-6.59171e-07,0.241304,-4.76944e-07,-3.32628e-07,-1.28953e-07,0.241304,-1.28953e-07,2.89698e-07,0.241304,-2.70268e-07,1.36286e-08,-3.70913e-07,1.36286e-08,-6.59171e-07,0.517334,-4.54062e-07,-2.87388e-07,-4.54062e-07,0.167624,0.241304,-2.75106e-07,0.241304,-2.22659e-07,0.241304,-1.28953e-07,2.89698e-07,0.241304,-2.22659e-07,0.517335
0.246052,0.336971,3.72092e-07,3.80641e-07,3.72092e-07,0.118807,1.94136e-07,3.80641e-07,1.94136e-07,0.118806,0.159174,-1.6464e-07,0.159174,-1.98629e-07,3.08147e-07,-1.6464e-07,3.08147e-07,2.5428e-07,0.159174,-1.56798e-07,-1.79653e-07,-3.20525e-07,0.159174,-3.20525e-07,1.88433e-07,0.159174,-1.98629e-07,3.08147e-07,-1.6464e-07,3.08147e-07,2.5428e-07,0.336971,-1.38995e-07,-2.95408e-07,-1.38995e-07,0.118807,0.159175,-1.34745e-08,0.159175,-1.89573e-07,0.159174,-3.20525e-07,1.88433e-07,0.159175,-1.89573e-07,0.336972
0.200833,0.187535,-5.77438e-07,-2.44391e-07,-5.77438e-07,0.0733647,1.70475e-07,-2.44391e-07,1.70475e-07,0.0733632,0.0873752,-1.08431e-07,0.0873752,-1.23269e-07,4.74594e-07,-1.08431e-07,4.74594e-07,5.03632e-07,0.0873755,4.91494e-07,2.64182e-07,1.26099e-07,0.0873755,1.26099e-07,-4.9764e-09,0.0873752,-1.23269e-07,4.74594e-07,-1.08431e-07,4.74594e-07,5.03632e-07,0.187535,2.53064e-07,2.97986e-07,2.53064e-07,0.0733641,0.0873754,5.97345e-08,0.0873754,3.53554e-07,0.0873755,1.26099e-07,-4.9764e-09,0.0873754,3.53554e-07,0.187535
0.155614,0.0840736,-3.45034e-07,-1.24573e-08,-3.45034e-07,0.0371481,6.35826e-09,-1.24573e-08,6.35826e-09,0.0371483,0.0392434,3.00316e-07,0.0392434,-1.18125e-08,1.99368e-07,3.00316e-07,1.99368e-07,-5.05629e-07,0.0392435,2.79561e-07,-1.45224e-07,-1.68203e-07,0.0392435,-1.68203e-07,2.49536e-07,0.0392434,-1.18125e-08,1.99368e-07,3.00316e-07,1.99368e-07,-5.05629e-07,0.0840742,-4.86178e-08,-1.45439e-10,-4.86178e-08,0.037148,0.0392436,-8.6106e-08,0.0392436,-5.6144e-08,0.0392435,-1.68203e-07,2.49536e-07,0.0392436,-5.6144e-08,0.0840741
0.110395,0.0519367,-1.059e-08,-2.12185e-07,-1.059e-08,0.0248186,1.04479e-07,-2.12185e-07,1.04479e-07,0.0248191,0.0253704,7.63374e-09,0.0253704,-1.53191e-07,6.79247e-08,7.63374e-09,6.79247e-08,-1.33168e-07,0.0253705,5.72067e-08,-2.69055e-07,-6.73889e-08,0.0253705,-6.73889e-08,1.96921e-08,0.0253704,-1.53191e-07,6.79247e-08,7.63374e-09,6.79247e-08,-1.33168e-07,0.0519366,8.93521e-08,7.00736e-08,8.93521e-08,0.0248187,0.0253705,-5.23859e-08,0.0253705,6.67189e-08,0.0253705,-6.73889e-08,1.96921e-08,0.0253705,6.67189e-08,0.0519366
0.415176,1.1251,6.25613e-08,-2.11678e-08,6.25613e-08,0.320746,-2.03003e-08,-2.11678e-08,-2.03003e-08,0.320746,0.483527,-5.12956e-08,0.483527,4.9425e-08,9.06209e-08,-5.12956e-08,9.06209e-08,3.08308e-08,0.483527,-5.02884e-08,-7.85382e-08,-3.57075e-08,0.483527,-3.57075e-08,1.83874e-08,0.483527,4.9425e-08,9.06209e-08,-5.12956e-08,9.06209e-08,3.08308e-08,1.1251,1.69974e-07,1.73474e-08,1.69974e-07,0.320747,0.483527,1.27731e-08,0.483527,2.91644e-08,0.483527,-3.57075e-08,1.83874e-08,0.483527,2.91644e-08,1.1251
0.369956,0.966929,1.99152e-07,-1.06297e-07,1.99152e-07,0.279417,-6.59364e-10,-1.06297e-07,-6.59364e-10,0.279417,0.421528,-7.47895e-08,0.421528,9.54423e-08,-1.63225e-08,-7.47895e-08,-1.63225e-08,7.92364e-08,0.421528,-1.21936e-07,9.56348e-09,-2.51243e-08,0.421528,-2.51243e-08,-6.94174e-09,0.421528,9.54423e-08,-1.63225e-08,-7.47895e-08,-1.63225e-08,7.92364e-08,0.966929,-2.27047e-08,4.12859e-08,-2.27047e-08,0.279417,0.421528,8.70712e-09,0.421528,1.64903e-07,0.421528,-2.51243e-08,-6.94174e-09,0.421528,1.64903e-07,0.966929
0.324737,0.704711,8.89649e-08,-3.34247e-08,8.89649e-08,0.21247,-4.98058e-08,-3.34247e-08,-4.98058e-08,0.212471,0.317261,-1.95722e-09,0.317261,3.81472e-08,-3.55154e-08,-1.95722e-09,-3.55154e-08,-5.0057e-07,0.317261,-1.43074e-08,2.16395e-07,-3.31006e-08,0.317261,-3.31006e-08,3.87306e-08,0.317261,3.81472e-08,-3.55154e-08,-1.95722e-09,-3.55154e-08,-5.0057e-07,0.704711,-3.59012e-07,-6.08585e-08,-3.59012e-07,0.21247,0.317261,-2.24959e-08,0.317261,-3.65157e-07,0.317261,-3.31006e-08,3.87306e-08,0.317261,-3.65157e-07,0.704711
0.279518,0.423054,4.58332e-07,2.65398e-07,4.58332e-07,0.138634,-1.76497e-07,2.65398e-07,-1.76497e-07,0.138633,0.194781,-3.88414e-07,0.194781,-4.01834e-09,2.02983e-07,-3.88414e-07,2.02983e-07,-3.75272e-07,0.194781,-3.58539e-07,-1.45381e-07,-3.4025e-07,0.194781,-3.4025e-07,1.89815e-07,0.194781,-4.01834e-09,2.02983e-07,-3.88414e-07,2.02983e-07,-3.75272e-07,0.423052,-3.6037e-07,-3.52081e-07,-3.6037e-07,0.138634,0.194781,-2.08791e-07,0.194781,-3.36052e-08,0.194781,-3.4025e-07,1.89815e-07,0.194781,-3.36052e-08,0.423053
0.234299,0.261061,9.71779e-09,-1.30279e-07,9.71779e-09,0.0984203,-1.07957e-07,-1.30279e-07,-1.07957e-07,0.0984193,0.124456,2.8984e-08,0.124456,-7.88217e-08,3.87587e-07,2.8984e-08,3.87587e-07,5.17884e-07,0.124456,2.64789e-08,-1.78925e-07,-3.36902e-07,0.124456,-3.36902e-07,1.1865e-07,0.124456,-7.88217e-08,3.87587e-07,2.8984e-08,3.87587e-07,5.17884e-07,0.26106,1.19146e-07,-2.54164e-08,1.19146e-07,0.0984209,0.124456,4.26298e-07,0.124456,2.1928e-07,0.124456,-3.36902e-07,1.1865e-07,0.124456,2.1928e-07,0.26106
0.18908,0.164856,-5.61245e-07,-9.86359e-08,-5.61245e-07,0.0677216,1.0778e-07,-9.86359e-08,1.0778e-07,0.0677206,0.0785988,-1.35854e-07,0.0785988,-3.23099e-07,3.86994e-07,-1.35854e-07,3.86994e-07,5.39894e-07,0.0785991,2.41368e-07,4.71822e-07,1.34152e-07,0.0785991,1.34152e-07,6.7459e-08,0.0785988,-3.23099e-07,3.86994e-07,-1.35854e-07,3.86994e-07,5.39894e-07,0.164856,2.19148e-07,3.07283e-07,2.19148e-07,0.0677211,0.0785989,2.16568e-08,0.0785989,5.25579e-07,0.0785991,1.34152e-07,6.7459e-08,0.0785989,5.25579e-07,0.164856
0.14386,0.0840736,-3.45034e-07,-1.24573e-08,-3.45034e-07,0.0371481,6.35826e-09,-1.24573e-08,6.35826e-09,0.0371483,0.0392434,3.00316e-07,0.0392434,-1.18125e-08,1.99368e-07,3.00316e-07,1.99368e-07,-5.05629e-07,0.0392435,2.79561e-07,-1.45224e-07,-1.68203e-07,0.0392435,-1.68203e-07,2.49536e-07,0.0392434,-1.18125e-08,1.99368e-07,3.00316e-07,1.99368e-07,-5.05629e-07,0.0840742,-4.86178e-08,-1.45439e-10,-4.86178e-08,0.037148,0.0392436,-8.6106e-08,0.0392436,-5.6144e-08,0.0392435,-1.68203e-07,2.49536e-07,0.0392436,-5.6144e-08,0.0840741
0.448641,1.19609,-7.00147e-09,6.85766e-09,-7.00147e-09,0.340068,-3.52865e-08,6.85766e-09,-3.52865e-08,0.340067,0.512081,-1.05246e-08,0.512081,-4.16517e-09,3.79693e-08,-1.05246e-08,3.79693e-08,2.20871e-08,0.512081,9.07922e-09,-5.67343e-08,-2.63585e-08,0.512081,-2.63585e-08,1.98267e-08,0.512081,-4.16517e-09,3.79693e-08,-1.05246e-08,3.79693e-08,2.20871e-08,1.19609,1.42098e-07,-2.90131e-08,1.42098e-07,0.340068,0.512081,-4.04571e-08,0.512081,8.17546e-09,0.512081,-2.63585e-08,1.98267e-08,0.512081,8.17546e-09,1.19609
0.403422,1.06589,9.29114e-08,-4.18743e-08,9.29114e-08,0.304467,3.82353e-08,-4.18743e-08,3.82353e-08,0.304466,0.459915,-5.51833e-08,0.459915,1.05064e-07,1.06007e-07,-5.51833e-08,1.06007e-07,3.27748e-08,0.459915,-6.30361e-08,-5.94527e-08,-6.15412e-08,0.459915,-6.15412e-08,4.54377e-08,0.459915,1.05064e-07,1.06007e-07,-5.51833e-08,1.06007e-07,3.27748e-08,1.06589,1.70752e-07,4.70624e-08,1.70752e-07,0.304468,0.459915,6.9275e-09,0.459915,-1.98108e-08,0.459915,-6.15412e-08,4.54377e-08,0.459915,-1.98108e-08,1.06589
0.358203,0.916487,2.47827e-07,-2.09412e-07,2.47827e-07,0.26671,5.43274e-08,-2.09412e-07,5.43274e-08,0.26671,0.401697,-6.23895e-08,0.401697,1.1692e-07,-4.56979e-09,-6.23895e-08,-4.56979e-09,5.95346e-08,0.401697,-8.72003e-08,4.56485e-08,-3.67171e-08,0.401697,-3.67171e-08,2.26067e-10,0.401697,1.1692e-07,-4.56979e-09,-6.23895e-08,-4.56979e-09,5.95346e-08,0.916487,5.73277e-09,5.99588e-08,5.73277e-09,0.266711,0.401697,9.81361e-08,0.401697,1.14716e-07,0.401697,-3.67171e-08,2.26067e-10,0.401697,1.14716e-07,0.916487
0.312984,0.673413,2.83321e-07,2.15768e-08,2.83321e-07,0.206032,3.35163e-09,2.15768e-08,3.35163e-09,0.206033,0.305308,-2.35774e-08,0.305308,2.47683e-08,-8.3626e-08,-2.35774e-08,-8.3626e-08,-4.81853e-07,0.305308,-3.77095e-08,2.40508e-07,2.56483e-08,0.305308,2.56483e-08,1.25425e-08,0.305308,2.47683e-08,-8.3626e-08,-2.35774e-08,-8.3626e-08,-4.81853e-07,0.673413,-3.55228e-07,-1.4024e-07,-3.55228e-07,0.206032,0.305308,-6.17565e-08,0.305308,-3.66563e-07,0.305308,2.56483e-08,1.25425e-08,0.305308,-3.66563e-07,0.673413
0.267764,0.391782,4.52714e-07,2.4034e-07,4.52714e-07,0.131707,-2.07485e-07,2.4034e-07,-2.07485e-07,0.131706,0.181803,-3.37731e-07,0.181803,-2.21199e-08,3.6116e-07,-3.37731e-07,3.6116e-07,3.66148e-07,0.181804,-2.60811e-07,-1.13643e-07,-4.82358e-07,0.181804,-4.82358e-07,6.7231e-08,0.181803,-2.21199e-08,3.6116e-07,-3.37731e-07,3.6116e-07,3.66148e-07,0.391782,-3.68441e-07,-2.64359e-07,-3.68441e-07,0.131707,0.181803,-2.53527e-07,0.181803,-1.68717e-07,0.181804,-4.82358e-07,6.7231e-08,0.181803,-1.68717e-07,0.391782
0.222545,0.219028,-2.63525e-07,-3.88798e-09,-2.63525e-07,0.0855547,7.48902e-08,-3.88798e-09,7.48902e-08,0.0855534,0.105067,-1.64842e-07,0.105067,-6.38575e-08,3.18099e-07,-1.64842e-07,3.18099e-07,4.77797e-07,0.105067,2.34441e-07,-2.4432e-07,1.02727e-07,0.105067,1.02727e-07,1.43763e-07,0.105067,-6.38575e-08,3.18099e-07,-1.64842e-07,3.18099e-07,4.77797e-07,0.219029,1.91153e-08,-8.79878e-08,1.91153e-08,0.0855546,0.105067,3.14094e-07,0.105067,1.06792e-07,0.105067,1.02727e-07,1.43763e-07,0.105067,1.06792e-07,0.219029
0.177326,0.126402,-3.07036e-07,1.10879e-07,-3.07036e-07,0.054975,-5.19483e-08,1.10879e-07,-5.19483e-08,0.0549745,0.0616083,6.53022e-09,0.0616083,-1.70379e-07,3.10684e-07,6.53022e-09,3.10684e-07,1.40747e-07,0.0616087,1.28751e-08,-2.04413e-07,-6.70757e-08,0.0616087,-6.70757e-08,1.44832e-07,0.0616083,-1.70379e-07,3.10684e-07,6.53022e-09,3.10684e-07,1.40747e-07,0.126403,2.74514e-07,6.5894e-08,2.74514e-07,0.0549749,0.0616086,-3.59104e-08,0.0616086,5.66523e-07,0.0616087,-6.70757e-08,1.44832e-07,0.0616086,5.66523e-07,0.126403
0.132107,0.0677711,-2.09579e-07,-8.68479e-08,-2.09579e-07,0.0314462,2.23153e-07,-8.68479e-08,2.23153e-07,0.0314469,0.0330134,1.79248e-07,0.0330134,1.67973e-07,2.67023e-07,1.79248e-07,2.67023e-07,-7.26568e-07,0.0330135,1.58314e-07,-2.8179e-07,-1.78189e-08,0.0330135,-1.78189e-08,2.13699e-08,0.0330134,1.67973e-07,2.67023e-07,1.79248e-07,2.67023e-07,-7.26568e-07,0.0677715,-6.035e-08,8.3159e-08,-6.035e-08,0.0314466,0.0330135,-1.13369e-08,0.0330135,3.52524e-07,0.0330135,-1.78189e-08,2.13699e-08,0.0330135,3.52524e-07,0.0677711
0.436888,1.16528,3.13303e-08,1.41409e-08,3.13303e-08,0.332106,-2.98626e-08,1.41409e-08,-2.98626e-08,0.332106,0.498916,-2.01434e-08,0.498916,2.26234e-08,5.45922e-08,-2.01434e-08,5.45922e-08,3.697e-08,0.498915,-4.63619e-08,-7.45354e-08,-1.40605e-08,0.498915,-1.40605e-08,2.93335e-09,0.498916,2.26234e-08,5.45922e-08,-2.01434e-08,5.45922e-08,3.697e-08,1.16528,1.37335e-07,-1.21953e-08,1.37335e-07,0.332107,0.498915,-2.47158e-08,0.498915,5.6783e-08,0.498915,-1.40605e-08,2.93335e-09,0.498915,5.6783e-08,1.16528
0.391668,1.03364,1.65199e-07,-5.3234e-08,1.65199e-07,0.29699,3.01941e-08,-5.3234e-08,3.01941e-08,0.296989,0.44678,-8.06141e-08,0.44678,1.16306e-07,9.87108e-08,-8.06141e-08,9.87108e-08,7.88711e-08,0.44678,-9.15749e-08,-6.59742e-08,-6.42318e-08,0.44678,-6.42318e-08,2.93591e-08,0.44678,1.16306e-07,9.87108e-08,-8.06141e-08,9.87108e-08,7.88711e-08,1.03364,1.43611e-07,8.53457e-08,1.43611e-07,0.296991,0.44678,3.59665e-08,0.44678,7.631e-08,0.44678,-6.42318e-08,2.93591e-08,0.44678,7.631e-08,1.03364
0.346449,0.781943,1.87422e-07,-3.0836e-07,1.87422e-07,0.234609,-5.82659e-09,-3.0836e-07,-5.82659e-09,0.234609,0.350348,-9.63393e-10,0.350348,1.86776e-07,-6.01189e-08,-9.63393e-10,-6.01189e-08,-2.43514e-07,0.350348,3.78632e-09,2.44292e-07,5.90387e-08,0.350348,5.90387e-08,-3.56009e-09,0.350348,1.86776e-07,-6.01189e-08,-9.63393e-10,-6.01189e-08,-2.43514e-07,0.781942,-2.74975e-07,7.25405e-08,-2.74975e-07,0.234608,0.350348,9.56731e-08,0.350348,-1.65411e-07,0.350348,5.90387e-08,-3.56009e-09,0.350348,-1.65411e-07,0.781943
0.30123,0.544223,3.06881e-07,3.27764e-07,3.06881e-07,0.176266,-7.89343e-10,3.27764e-07,-7.89343e-10,0.176269,0.254055,-3.20571e-07,0.254055,-5.99411e-07,-1.46863e-08,-3.20571e-07,-1.46863e-08,-5.36779e-07,0.254055,-3.95834e-07,-2.09391e-07,-1.17474e-07,0.254055,-1.17474e-07,2.27379e-07,0.254055,-5.99411e-07,-1.46863e-08,-3.20571e-07,-1.46863e-08,-5.36779e-07,0.544222,-4.02371e-07,-2.63831e-07,-4.02371e-07,0.176268,0.254055,-1.73493e-07,0.254055,-1.66264e-07,0.254055,-1.17474e-07,2.27379e-07,0.254055,-1.66264e-07,0.544222
0.256011,0.364506,2.28021e-07,2.81052e-07,2.28021e-07,0.127648,-2.59338e-08,2.81052e-07,-2.59338e-08,0.127648,0.173534,-2.36077e-07,0.173534,-2.27371e-07,3.416e-07,-2.36077e-07,3.416e-07,3.59199e-07,0.173534,-1.53397e-07,-2.26947e-07,-4.37409e-07,0.173534,-4.37409e-07,1.90085e-07,0.173534,-2.27371e-07,3.416e-07,-2.36077e-07,3.416e-07,3.59199e-07,0.364506,-3.27475e-07,-3.2258e-07,-3.27475e-07,0.127648,0.173534,-2.36864e-07,0.173534,-1.64397e-07,0.173534,-4.37409e-07,1.90085e-07,0.173534,-1.64397e-07,0.364506
0.210792,0.210114,-2.85242e-07,-5.35644e-08,-2.85242e-07,0.080739,7.45891e-08,-5.35644e-08,7.45891e-08,0.0807374,0.0986728,-1.95728e-07,0.0986728,-1.06034e-07,5.0723e-07,-1.95728e-07,5.0723e-07,5.8536e-07,0.098673,4.07431e-07,-3.07211e-08,1.82675e-08,0.098673,1.82675e-08,1.57511e-07,0.0986728,-1.06034e-07,5.0723e-07,-1.95728e-07,5.0723e-07,5.8536e-07,0.210114,1.33756e-07,-3.85813e-08,1.33756e-07,0.0807389,0.0986725,2.0281e-07,0.0986725,1.69224e-07,0.098673,1.82675e-08,1.57511e-07,0.0986725,1.69224e-07,0.210114
0.165573,0.126402,-3.07036e-07,1.10879e-07,-3.07036e-07,0.054975,-5.19483e-08,1.10879e-07,-5.19483e-08,0.0549745,0.0616083,6.53022e-09,0.0616083,-1.70379e-07,3.10684e-07,6.53022e-09,3.10684e-07,1.40747e-07,0.0616087,1.28751e-08,-2.04413e-07,-6.70757e-08,0.0616087,-6.70757e-08,1.44832e-07,0.0616083,-1.70379e-07,3.10684e-07,6.53022e-09,3.10684e-07,1.40747e-07,0.126403,2.74514e-07,6.5894e-08,2.74514e-07,0.0549749,0.0616086,-3.59104e-08,0.0616086,5.66523e-07,0.0616087,-6.70757e-08,1.44832e-07,0.0616086,5.66523e-07,0.126403
0.120353,0.0519367,-1.059e-08,-2.12185e-07,-1.059e-08,0.0248186,1.04479e-07,-2.12185e-07,1.04479e-07,0.0248191,0.0253704,7.63374e-09,0.0253704,-1.53191e-07,6.79247e-08,7.63374e-09,6.79247e-08,-1.33168e-07,0.0253705,5.72067e-08,-2.69055e-07,-6.73889e-08,0.0253705,-6.73889e-08,1.96921e-08,0.0253704,-1.53191e-07,6.79247e-08,7.63374e-09,6.79247e-08,-1.33168e-07,0.0519366,8.93521e-08,7.00736e-08,8.93521e-08,0.0248187,0.0253705,-5.23859e-08,0.0253705,6.67189e-08,0.0253705,-6.73889e-08,1.96921e-08,0.0253705,6.67189e-08,0.0519366
0.425134,1.14302,5.78461e-08,-1.29745e-08,5.78461e-08,0.325453,-1.93903e-08,-1.29745e-08,-1.93903e-08,0.325453,0.489927,-4.99613e-08,0.489927,3.30212e-08,7.77683e-08,-4.99613e-08,7.77683e-08,2.54721e-08,0.489927,-4.58984e-08,-7.30658e-08,-2.18055e-08,0.489927,-2.18055e-08,1.67776e-08,0.489927,3.30212e-08,7.77683e-08,-4.99613e-08,7.77683e-08,2.54721e-08,1.14302,1.62006e-07,2.45265e-08,1.62006e-07,0.325454,0.489927,2.08841e-08,0.489927,4.18462e-08,0.489927,-2.18055e-08,1.67776e-08,0.489927,4.18462e-08,1.14302
0.379915,0.989919,2.12686e-07,-9.82704e-08,2.12686e-07,0.285764,-1.63464e-09,-9.82704e-08,-1.63464e-09,0.285765,0.430522,-7.05608e-08,0.430522,1.42295e-07,-1.53133e-08,-7.05608e-08,-1.53133e-08,8.51035e-08,0.430522,-1.027e-07,-4.51747e-08,-3.97938e-09,0.430522,-3.97938e-09,-3.69857e-09,0.430522,1.42295e-07,-1.53133e-08,-7.05608e-08,-1.53133e-08,8.51035e-08,0.989919,-2.10244e-08,6.79487e-08,-2.10244e-08,0.285765,0.430522,2.20211e-08,0.430522,1.82189e-07,0.430522,-3.97938e-09,-3.69857e-09,0.430522,1.82189e-07,0.989919
0.334696,0.736144,1.59553e-07,-4.72598e-08,1.59553e-07,0.221211,4.44328e-09,-4.72598e-08,4.44328e-09,0.221212,0.330971,1.29953e-08,0.330971,5.17781e-08,-7.49223e-08,1.29953e-08,-7.49223e-08,-3.92548e-07,0.330971,1.82457e-09,2.04569e-07,5.79699e-08,0.330971,5.79699e-08,8.11887e-09,0.330971,5.17781e-08,-7.49223e-08,1.29953e-08,-7.49223e-08,-3.92548e-07,0.736144,-3.54283e-07,-4.38045e-08,-3.54283e-07,0.221211,0.330971,7.64692e-09,0.330971,-2.8744e-07,0.330971,5.79699e-08,8.11887e-09,0.330971,-2.8744e-07,0.736144
0.289477,0.517335,3.39085e-07,2.92425e-07,3.39085e-07,0.167623,-6.46621e-08,2.92425e-07,-6.46621e-08,0.167624,0.241304,-3.70913e-07,0.241304,-2.70268e-07,1.36286e-08,-3.70913e-07,1.36286e-08,-6.59171e-07,0.241304,-4.76944e-07,-3.32628e-07,-1.28953e-07,0.241304,-1.28953e-07,2.89698e-07,0.241304,-2.70268e-07,1.36286e-08,-3.70913e-07,1.36286e-08,-6.59171e-07,0.517334,-4.54062e-07,-2.87388e-07,-4.54062e-07,0.167624,0.241304,-2.75106e-07,0.241304,-2.22659e-07,0.241304,-1.28953e-07,2.89698e-07,0.241304,-2.22659e-07,0.517335
0.244257,0.336971,3.72092e-07,3.80641e-07,3.72092e-07,0.118807,1.94136e-07,3.80641e-07,1.94136e-07,0.118806,0.159174,-1.6464e-07,0.159174,-1.98629e-07,3.08147e-07,-1.6464e-07,3.08147e-07,2.5428e-07,0.159174,-1.56798e-07,-1.79653e-07,-3.20525e-07,0.159174,-3.20525e-07,1.88433e-07,0.159174,-1.98629e-07,3.08147e-07,-1.6464e-07,3.08147e-07,2.5428e-07,0.336971,-1.38995e-07,-2.95408e-07,-1.38995e-07,0.118807,0.159175,-1.34745e-08,0.159175,-1.89573e-07,0.159174,-3.20525e-07,1.88433e-07,0.159175,-1.89573e-07,0.336972
0.199038,0.164856,-5.61245e-07,-9.86359e-08,-5.61245e-07,0.0677216,1.0778e-07,-9.86359e-08,1.0778e-07,0.0677206,0.0785988,-1.35854e-07,0.0785988,-3.23099e-07,3.86994e-07,-1.35854e-07,3.86994e-07,5.39894e-07,0.0785991,2.41368e-07,4.71822e-07,1.34152e-07,0.0785991,1.34152e-07,6.7459e-08,0.0785988,-3.23099e-07,3.86994e-07,-1.35854e-07,3.86994e-07,5.39894e-07,0.164856,2.19148e-07,3.07283e-07,2.19148e-07,0.0677211,0.0785989,2.16568e-08,0.0785989,5.25579e-07,0.0785991,1.34152e-07,6.7459e-08,0.0785989,5.25579e-07,0.164856
0.153819,0.0840736,-3.45034e-07,-1.24573e-08,-3.45034e-07,0.0371481,6.35826e-09,-1.24573e-08,6.35826e-09,0.0371483,0.0392434,3.00316e-07,0.0392434,-1.18125e-08,1.99368e-07,3.00316e-07,1.99368e-07,-5.05629e-07,0.0392435,2.79561e-07,-1.45224e-07,-1.68203e-07,0.0392435,-1.68203e-07,2.49536e-07,0.0392434,-1.18125e-08,1.99368e-07,3.00316e-07,1.99368e-07,-5.05629e-07,0.0840742,-4.86178e-08,-1.45439e-10,-4.86178e-08,0.037148,0.0392436,-8.6106e-08,0.0392436,-5.6144e-08,0.0392435,-1.68203e-07,2.49536e-07,0.0392436,-5.6144e-08,0.0840741
0.1086,0.0519367,-1.059e-08,-2.12185e-07,-1.059e-08,0.0248186,1.04479e-07,-2.12185e-07,1.04479e-07,0.0248191,0.0253704,7.63374e-09,0.0253704,-1.53191e-07,6.79247e-08,7.63374e-09,6.79247e-08,-1.33168e-07,0.0253705,5.72067e-08,-2.69055e-07,-6.73889e-08,0.0253705,-6.73889e-08,1.96921e-08,0.0253704,-1.53191e-07,6.79247e-08,7.63374e-09,6.79247e-08,-1.33168e-07,0.0519366,8.93521e-08,7.00736e-08,8.93521e-08,0.0248187,0.0253705,-5.23859e-08,0.0253705,6.67189e-08,0.0253705,-6.73889e-08,1.96921e-08,0.0253705,6.67189e-08,0.0519366
0.413381,1.1251,6.25613e-08,-2.11678e-08,6.25613e-08,0.320746,-2.03003e-08,-2.11678e-08,-2.03003e-08,0.320746,0.483527,-5.12956e-08,0.483527,4.9425e-08,9.06209e-08,-5.12956e-08,9.06209e-08,3.08308e-08,0.483527,-5.02884e-08,-7.85382e-08,-3.57075e-08,0.483527,-3.57075e-08,1.83874e-08,0.483527,4.9425e-08,9.06209e-08,-5.12956e-08,9.06209e-08,3.08308e-08,1.1251,1.69974e-07,1.73474e-08,1.69974e-07,0.320747,0.483527,1.27731e-08,0.483527,2.91644e-08,0.483527,-3.57075e-08,1.83874e-08,0.483527,2.91644e-08,1.1251
0.368161,0.948658,1.06838e-07,-1.10602e-07,1.06838e-07,0.274803,1.38795e-08,-1.10602e-07,1.38795e-08,0.274802,0.415002,-5.18158e-08,0.415002,1.01165e-07,-6.82361e-10,-5.18158e-08,-6.82361e-10,8.01721e-08,0.415003,-9.32274e-08,1.49272e-08,-5.16367e-08,0.415003,-5.16367e-08,-2.07975e-08,0.415002,1.01165e-07,-6.82361e-10,-5.18158e-08,-6.82361e-10,8.01721e-08,0.948658,-2.38076e-08,2.32945e-08,-2.38076e-08,0.274803,0.415002,-1.57145e-08,0.415002,1.54395e-07,0.415003,-5.16367e-08,-2.07975e-08,0.415002,1.54395e-07,0.948658
0.322942,0.673413,2.83321e-07,2.15768e-08,2.83321e-07,0.206032,3.35163e-09,2.15768e-08,3.35163e-09,0.206033,0.305308,-2.35774e-08,0.305308,2.47683e-08,-8.3626e-08,-2.35774e-08,-8.3626e-08,-4.81853e-07,0.305308,-3.77095e-08,2.40508e-07,2.56483e-08,0.305308,2.56483e-08,1.25425e-08,0.305308,2.47683e-08,-8.3626e-08,-2.35774e-08,-8.3626e-08,-4.81853e-07,0.673413,-3.55228e-07,-1.4024e-07,-3.55228e-07,0.206032,0.305308,-6.17565e-08,0.305308,-3.66563e-07,0.305308,2.56483e-08,1.25425e-08,0.305308,-3.66563e-07,0.673413
0.277723,0.423054,4.58332e-07,2.65398e-07,4.58332e-07,0.138634,-1.76497e-07,2.65398e-07,-1.76497e-07,0.138633,0.194781,-3.88414e-07,0.194781,-4.01834e-09,2.02983e-07,-3.88414e-07,2.02983e-07,-3.75272e-07,0.194781,-3.58539e-07,-1.45381e-07,-3.4025e-07,0.194781,-3.4025e-07,1.89815e-07,0.194781,-4.01834e-09,2.02983e-07,-3.88414e-07,2.02983e-07,-3.75272e-07,0.423052,-3.6037e-07,-3.52081e-07,-3.6037e-07,0.138634,0.194781,-2.08791e-07,0.194781,-3.36052e-08,0.194781,-3.4025e-07,1.89815e-07,0.194781,-3.36052e-08,0.423053
0.232504,0.261061,9.71779e-09,-1.30279e-07,9.71779e-09,0.0984203,-1.07957e-07,-1.30279e-07,-1.07957e-07,0.0984193,0.124456,2.8984e-08,0.124456,-7.88217e-08,3.87587e-07,2.8984e-08,3.87587e-07,5.17884e-07,0.124456,2.64789e-08,-1.78925e-07,-3.36902e-07,0.124456,-3.36902e-07,1.1865e-07,0.124456,-7.88217e-08,3.87587e-07,2.8984e-08,3.87587e-07,5.17884e-07,0.26106,1.19146e-07,-2.54164e-08,1.19146e-07,0.0984209,0.124456,4.26298e-07,0.124456,2.1928e-07,0.124456,-3.36902e-07,1.1865e-07,0.124456,2.1928e-07,0.26106
0.187285,0.164856,-5.61245e-07,-9.86359e-08,-5.61245e-07,0.0677216,1.0778e-07,-9.86359e-08,1.0778e-07,0.0677206,0.0785988,-1.35854e-07,0.0785988,-3.23099e-07,3.86994e-07,-1.35854e-07,3.86994e-07,5.39894e-07,0.0785991,2.41368e-07,4.71822e-07,1.34152e-07,0.0785991,1.34152e-07,6.7459e-08,0.0785988,-3.23099e-07,3.86994e-07,-1.35854e-07,3.86994e-07,5.39894e-07,0.164856,2.19148e-07,3.07283e-07,2.19148e-07,0.0677211,0.0785989,2.16568e-08,0.0785989,5.25579e-07,0.0785991,1.34152e-07,6.7459e-08,0.0785989,5.25579e-07,0.164856
0.142065,0.0840736,-3.45034e-07,-1.24573e-08,-3.45034e-07,0.0371481,6.35826e-09,-1.24573e-08,6.35826e-09,0.0371483,0.0392434,3.00316e-07,0.0392434,-1.18125e-08,1.99368e-07,3.00316e-07,1.99368e-07,-5.05629e-07,0.0392435,2.79561e-07,-1.45224e-07,-1.68203e-07,0.0392435,-1.68203e-07,2.49536e-07,0.0392434,-1.18125e-08,1.99368e-07,3.00316e-07,1.99368e-07,-5.05629e-07,0.0840742,-4.86178e-08,-1.45439e-10,-4.86178e-08,0.037148,0.0392436,-8.6106e-08,0.0392436,-5.6144e-08,0.0392435,-1.68203e-07,2.49536e-07,0.0392436,-5.6144e-08,0.0840741
0.446846,1.19609,-7.00147e-09,6.85766e-09,-7.00147e-09,0.340068,-3.52865e-08,6.85766e-09,-3.52865e-08,0.340067,0.512081,-1.05246e-08,0.512081,-4.16517e-09,3.79693e-08,-1.05246e-08,3.79693e-08,2.20871e-08,0.512081,9.07922e-09,-5.67343e-08,-2.63585e-08,0.512081,-2.63585e-08,1.98267e-08,0.512081,-4.16517e-09,3.79693e-08,-1.05246e-08,3.79693e-08,2.20871e-08,1.19609,1.42098e-07,-2.90131e-08,1.42098e-07,0.340068,0.512081,-4.04571e-08,0.512081,8.17546e-09,0.512081,-2.63585e-08,1.98267e-08,0.512081,8.17546e-09,1.19609
0.401627,1.06589,9.29114e-08,-4.18743e-08,9.29114e-08,0.304467,3.82353e-08,-4.18743e-08,3.82353e-08,0.304466,0.459915,-5.51833e-08,0.459915,1.05064e-07,1.06007e-07,-5.51833e-08,1.06007e-07,3.27748e-08,0.459915,-6.30361e-08,-5.94527e-08,-6.15412e-08,0.459915,-6.15412e-08,4.54377e-08,0.459915,1.05064e-07,1.06007e-07,-5.51833e-08,1.06007e-07,3.27748e-08,1.06589,1.70752e-07,4.70624e-08,1.70752e-07,0.304468,0.459915,6.9275e-09,0.459915,-1.98108e-08,0.459915,-6.15412e-08,4.54377e-08,0.459915,-1.98108e-08,1.06589
0.356408,0.895574,2.09001e-07,-2.35818e-07,2.09001e-07,0.261467,7.25611e-08,-2.35818e-07,7.25611e-08,0.261467,0.393715,-5.44437e-08,0.393715,1.45788e-07,1.11724e-09,-5.44437e-08,1.11724e-09,4.54841e-08,0.393715,-7.91144e-08,5.84194e-08,-5.69037e-08,0.393715,-5.69037e-08,-6.87824e-09,0.393715,1.45788e-07,1.11724e-09,-5.44437e-08,1.11724e-09,4.54841e-08,0.895574,-8.60825e-09,5.82402e-08,-8.60825e-09,0.261468,0.393715,1.07357e-07,0.393715,9.63787e-08,0.393715,-5.69037e-08,-6.87824e-09,0.393715,9.63787e-08,0.895574
0.311189,0.673413,2.83321e-07,2.15768e-08,2.83321e-07,0.206032,3.35163e-09,2.15768e-08,3.35163e-09,0.206033,0.305308,-2.35774e-08,0.305308,2.47683e-08,-8.3626e-08,-2.35774e-08,-8.3626e-08,-4.81853e-07,0.305308,-3.77095e-08,2.40508e-07,2.56483e-08,0.305308,2.56483e-08,1.25425e-08,0.305308,2.47683e-08,-8.3626e-08,-2.35774e-08,-8.3626e-08,-4.81853e-07,0.673413,-3.55228e-07,-1.4024e-07,-3.55228e-07,0.206032,0.305308,-6.17565e-08,0.305308,-3.66563e-07,0.305308,2.56483e-08,1.25425e-08,0.305308,-3.66563e-07,0.673413
0.265969,0.364506,2.28021e-07,2.81052e-07,2.28021e-07,0.127648,-2.59338e-08,2.81052e-07,-2.59338e-08,0.127648,0.173534,-2.36077e-07,0.173534,-2.27371e-07,3.416e-07,-2.36077e-07,3.416e-07,3.59199e-07,0.173534,-1.53397e-07,-2.26947e-07,-4.37409e-07,0.173534,-4.37409e-07,1.90085e-07,0.173534,-2.27371e-07,3.416e-07,-2.36077e-07,3.416e-07,3.59199e-07,0.364506,-3.27475e-07,-3.2258e-07,-3.27475e-07,0.127648,0.173534,-2.36864e-07,0.173534,-1.64397e-07,0.173534,-4.37409e-07,1.90085e-07,0.173534,-1.64397e-07,0.364506
0.22075,0.219028,-2.63525e-07,-3.88798e-09,-2.63525e-07,0.0855547,7.48902e-08,-3.88798e-09,7.48902e-08,0.0855534,0.105067,-1.64842e-07,0.105067,-6.38575e-08,3.18099e-07,-1.64842e-07,3.18099e-07,4.77797e-07,0.105067,2.34441e-07,-2.4432e-07,1.02727e-07,0.105067,1.02727e-07,1.43763e-07,0.105067,-6.38575e-08,3.18099e-07,-1.64842e-07,3.18099e-07,4.77797e-07,0.219029,1.91153e-08,-8.79878e-08,1.91153e-08,0.0855546,0.105067,3.14094e-07,0.105067,1.06792e-07,0.105067,1.02727e-07,1.43763e-07,0.105067,1.06792e-07,0.219029
0.175531,0.126402,-3.07036e-07,1.10879e-07,-3.07036e-07,0.054975,-5.19483e-08,1.10879e-07,-5.19483e-08,0.0549745,0.0616083,6.53022e-09,0.0616083,-1.70379e-07,3.10684e-07,6.53022e-09,3.10684e-07,1.40747e-07,0.0616087,1.28751e-08,-2.04413e-07,-6.70757e-08,0.0616087,-6.70757e-08,1.44832e-07,0.0616083,-1.70379e-07,3.10684e-07,6.53022e-09,3.10684e-07,1.40747e-07,0.126403,2.74514e-07,6.5894e-08,2.74514e-07,0.0549749,0.0616086,-3.59104e-08,0.0616086,5.66523e-07,0.0616087,-6.70757e-08,1.44832e-07,0.0616086,5.66523e-07,0.126403
0.130312,0.0677711,-2.09579e-07,-8.68479e-08,-2.09579e-07,0.0314462,2.23153e-07,-8.68479e-08,2.23153e-07,0.0314469,0.0330134,1.79248e-07,0.0330134,1.67973e-07,2.67023e-07,1.79248e-07,2.67023e-07,-7.26568e-07,0.0330135,1.58314e-07,-2.8179e-07,-1.78189e-08,0.0330135,-1.78189e-08,2.13699e-08,0.0330134,1.67973e-07,2.67023e-07,1.79248e-07,2.67023e-07,-7.26568e-07,0.0677715,-6.035e-08,8.3159e-08,-6.035e-08,0.0314466,0.0330135,-1.13369e-08,0.0330135,3.52524e-07,0.0330135,-1.78189e-08,2.13699e-08,0.0330135,3.52524e-07,0.0677711
0.435093,1.16528,3.13303e-08,1.41409e-08,3.13303e-08,0.332106,-2.98626e-08,1.41409e-08,-2.98626e-08,0.332106,0.498916,-2.01434e-08,0.498916,2.26234e-08,5.45922e-08,-2.01434e-08,5.45922e-08,3.697e-08,0.498915,-4.63619e-08,-7.45354e-08,-1.40605e-08,0.498915,-1.40605e-08,2.93335e-09,0.498916,2.26234e-08,5.45922e-08,-2.01434e-08,5.45922e-08,3.697e-08,1.16528,1.37335e-07,-1.21953e-08,1.37335e-07,0.332107,0.498915,-2.47158e-08,0.498915,5.6783e-08,0.498915,-1.40605e-08,2.93335e-09,0.498915,5.6783e-08,1.16528
0.389874,1.03364,1.65199e-07,-5.3234e-08,1.65199e-07,0.29699,3.01941e-08,-5.3234e-08,3.01941e-08,0.296989,0.44678,-8.06141e-08,0.44678,1.16306e-07,9.87108e-08,-8.06141e-08,9.87108e-08,7.88711e-08,0.44678,-9.15749e-08,-6.59742e-08,-6.42318e-08,0.44678,-6.42318e-08,2.93591e-08,0.44678,1.16306e-07,9.87108e-08,-8.06141e-08,9.87108e-08,7.88711e-08,1.03364,1.43611e-07,8.53457e-08,1.43611e-07,0.296991,0.44678,3.59665e-08,0.44678,7.631e-08,0.44678,-6.42318e-08,2.93591e-08,0.44678,7.631e-08,1.03364
0.344654,0.781943,1.87422e-07,-3.0836e-07,1.87422e-07,0.234609,-5.82659e-09,-3.0836e-07,-5.82659e-09,0.234609,0.350348,-9.63393e-10,0.350348,1.86776e-07,-6.01189e-08,-9.63393e-10,-6.01189e-08,-2.43514e-07,0.350348,3.78632e-09,2.44292e-07,5.90387e-08,0.350348,5.90387e-08,-3.56009e-09,0.350348,1.86776e-07,-6.01189e-08,-9.63393e-10,-6.01189e-08,-2.43514e-07,0.781942,-2.74975e-07,7.25405e-08,-2.74975e-07,0.234608,0.350348,9.56731e-08,0.350348,-1.65411e-07,0.350348,5.90387e-08,-3.56009e-09,0.350348,-1.65411e-07,0.781943
0.299435,0.544223,3.06881e-07,3.27764e-07,3.06881e-07,0.176266,-7.89343e-10,3.27764e-07,-7.89343e-10,0.176269,0.254055,-3.20571e-07,0.254055,-5.99411e-07,-1.46863e-08,-3.20571e-07,-1.46863e-08,-5.36779e-07,0.254055,-3.95834e-07,-2.09391e-07,-1.17474e-07,0.254055,-1.17474e-07,2.27379e-07,0.254055,-5.99411e-07,-1.46863e-08,-3.20571e-07,-1.46863e-08,-5.36779e-07,0.544222,-4.02371e-07,-2.63831e-07,-4.02371e-07,0.176268,0.254055,-1.73493e-07,0.254055,-1.66264e-07,0.254055,-1.17474e-07,2.27379e-07,0.254055,-1.66264e-07,0.544222
0.254216,0.336971,3.72092e-07,3.80641e-07,3.72092e-07,0.118807,1.94136e-07,3.80641e-07,1.94136e-07,0.118806,0.159174,-1.6464e-07,0.159174,-1.98629e-07,3.08147e-07,-1.6464e-07,3.08147e-07,2.5428e-07,0.159174,-1.56798e-07,-1.79653e-07,-3.20525e-07,0.159174,-3.20525e-07,1.88433e-07,0.159174,-1.98629e-07,3.08147e-07,-1.6464e-07,3.08147e-07,2.5428e-07,0.336971,-1.38995e-07,-2.95408e-07,-1.38995e-07,0.118807,0.159175,-1.34745e-08,0.159175,-1.89573e-07,0.159174,-3.20525e-07,1.88433e-07,0.159175,-1.89573e-07,0.336972
0.208997,0.210114,-2.85242e-07,-5.35644e-08,-2.85242e-07,0.080739,7.45891e-08,-5.35644e-08,7.45891e-08,0.0807374,0.0986728,-1.95728e-07,0.0986728,-1.06034e-07,5.0723e-07,-1.95728e-07,5.0723e-07,5.8536e-07,0.098673,4.07431e-07,-3.07211e-08,1.82675e-08,0.098673,1.82675e-08,1.57511e-07,0.0986728,-1.06034e-07,5.0723e-07,-1.95728e-07,5.0723e-07,5.8536e-07,0.210114,1.33756e-07,-3.85813e-08,1.33756e-07,0.0807389,0.0986725,2.0281e-07,0.0986725,1.69224e-07,0.098673,1.82675e-08,1.57511e-07,0.0986725,1.69224e-07,0.210114
0.163778,0.126402,-3.07036e-07,1.10879e-07,-3.07036e-07,0.054975,-5.19483e-08,1.10879e-07,-5.19483e-08,0.0549745,0.0616083,6.53022e-09,0.0616083,-1.70379e-07,3.10684e-07,6.53022e-09,3.10684e-07,1.40747e-07,0.0616087,1.28751e-08,-2.04413e-07,-6.70757e-08,0.0616087,-6.70757e-08,1.44832e-07,0.0616083,-1.70379e-07,3.10684e-07,6.53022e-09,3.10684e-07,1.40747e-07,0.126403,2.74514e-07,6.5894e-08,2.74514e-07,0.0549749,0.0616086,-3.59104e-08,0.0616086,5.66523e-07,0.0616087,-6.70757e-08,1.44832e-07,0.0616086,5.66523e-07,0.126403
0.118558,0.0519367,-1.059e-08,-2.12185e-07,-1.059e-08,0.0248186,1.04479e-07,-2.12185e-07,1.04479e-07,0.0248191,0.0253704,7.63374e-09,0.0253704,-1.53191e-07,6.79247e-08,7.63374e-09,6.79247e-08,-1.33168e-07,0.0253705,5.72067e-08,-2.69055e-07,-6.73889e-08,0.0253705,-6.73889e-08,1.96921e-08,0.0253704,-1.53191e-07,6.79247e-08,7.63374e-09,6.79247e-08,-1.33168e-07,0.0519366,8.93521e-08,7.00736e-08,8.93521e-08,0.0248187,0.0253705,-5.23859e-08,0.0253705,6.67189e-08,0.0253705,-6.73889e-08,1.96921e-08,0.0253705,6.67189e-08,0.0519366
0.423339,1.14302,5.78461e-08,-1.29745e-08,5.78461e-08,0.325453,-1.93903e-08,-1.29745e-08,-1.93903e-08,0.325453,0.489927,-4.99613e-08,0.489927,3.30212e-08,7.77683e-08,-4.99613e-08,7.77683e-08,2.54721e-08,0.489927,-4.58984e-08,-7.30658e-08,-2.18055e-08,0.489927,-2.18055e-08,1.67776e-08,0.489927,3.30212e-08,7.77683e-08,-4.99613e-08,7.77683e-08,2.54721e-08,1.14302,1.62006e-07,2.45265e-08,1.62006e-07,0.325454,0.489927,2.08841e-08,0.489927,4.18462e-08,0.489927,-2.18055e-08,1.67776e-08,0.489927,4.18462e-08,1.14302
0.37812,0.966929,1.99152e-07,-1.06297e-07,1.99152e-07,0.279417,-6.59364e-10,-1.06297e-07,-6.59364e-10,0.279417,0.421528,-7.47895e-08,0.421528,9.54423e-08,-1.63225e-08,-7.47895e-08,-1.63225e-08,7.92364e-08,0.421528,-1.21936e-07,9.56348e-09,-2.51243e-08,0.421528,-2.51243e-08,-6.94174e-09,0.421528,9.54423e-08,-1.63225e-08,-7.47895e-08,-1.63225e-08,7.92364e-08,0.966929,-2.27047e-08,4.12859e-08,-2.27047e-08,0.279417,0.421528,8.70712e-09,0.421528,1.64903e-07,0.421528,-2.51243e-08,-6.94174e-09,0.421528,1.64903e-07,0.966929
0.332901,0.736144,1.59553e-07,-4.72598e-08,1.59553e-07,0.221211,4.44328e-09,-4.72598e-08,4.44328e-09,0.221212,0.330971,1.29953e-08,0.330971,5.17781e-08,-7.49223e-08,1.29953e-08,-7.49223e-08,-3.92548e-07,0.330971,1.82457e-09,2.04569e-07,5.79699e-08,0.330971,5.79699e-08,8.11887e-09,0.330971,5.17781e-08,-7.49223e-08,1.29953e-08,-7.49223e-08,-3.92548e-07,0.736144,-3.54283e-07,-4.38045e-08,-3.54283e-07,0.221211,0.330971,7.64692e-09,0.330971,-2.8744e-07,0.330971,5.79699e-08,8.11887e-09,0.330971,-2.8744e-07,0.736144
0.287682,0.517335,3.39085e-07,2.92425e-07,3.39085e-07,0.167623,-6.46621e-08,2.92425e-07,-6.46621e-08,0.167624,0.241304,-3.70913e-07,0.241304,-2.70268e-07,1.36286e-08,-3.70913e-07,1.36286e-08,-6.59171e-07,0.241304,-4.76944e-07,-3.32628e-07,-1.28953e-07,0.241304,-1.28953e-07,2.89698e-07,0.241304,-2.70268e-07,1.36286e-08,-3.70913e-07,1.36286e-08,-6.59171e-07,0.517334,-4.54062e-07,-2.87388e-07,-4.54062e-07,0.167624,0.241304,-2.75106e-07,0.241304,-2.22659e-07,0.241304,-1.28953e-07,2.89698e-07,0.241304,-2.22659e-07,0.517335
0.242462,0.336971,3.72092e-07,3.80641e-07,3.72092e-07,0.118807,1.94136e-07,3.80641e-07,1.94136e-07,0.118806,0.159174,-1.6464e-07,0.159174,-1.98629e-07,3.08147e-07,-1.6464e-07,3.08147e-07,2.5428e-07,0.159174,-1.56798e-07,-1.79653e-07,-3.20525e-07,0.159174,-3.20525e-07,1.88433e-07,0.159174,-1.98629e-07,3.08147e-07,-1.6464e-07,3.08147e-07,2.5428e-07,0.336971,-1.38995e-07,-2.95408e-07,-1.38995e-07,0.118807,0.159175,-1.34745e-08,0.159175,-1.89573e-07,0.159174,-3.20525e-07,1.88433e-07,0.159175,-1.89573e-07,0.336972
0.197243,0.164856,-5.61245e-07,-9.86359e-08,-5.61245e-07,0.0677216,1.0778e-07,-9.86359e-08,1.0778e-07,0.0677206,0.0785988,-1.35854e-07,0.0785988,-3.23099e-07,3.86994e-07,-1.35854e-07,3.86994e-07,5.39894e-07,0.0785991,2.41368e-07,4.71822e-07,1.34152e-07,0.0785991,1.34152e-07,6.7459e-08,0.0785988,-3.23099e-07,3.86994e-07,-1.35854e-07,3.86994e-07,5.39894e-07,0.164856,2.19148e-07,3.07283e-07,2.19148e-07,0.0677211,0.0785989,2.16568e-08,0.0785989,5.25579e-07,0.0785991,1.34152e-07,6.7459e-08,0.0785989,5.25579e-07,0.164856
0.152024,0.0840736,-3.45034e-07,-1.24573e-08,-3.45034e-07,0.0371481,6.35826e-09,-1.24573e-08,6.35826e-09,0.0371483,0.0392434,3.00316e-07,0.0392434,-1.18125e-08,1.99368e-07,3.00316e-07,1.99368e-07,-5.05629e-07,0.0392435,2.79561e-07,-1.45224e-07,-1.68203e-07,0.0392435,-1.68203e-07,2.49536e-07,0.0392434,-1.18125e-08,1.99368e-07,3.00316e-07,1.99368e-07,-5.05629e-07,0.0840742,-4.86178e-08,-1.45439e-10,-4.86178e-08,0.037148,0.0392436,-8.6106e-08,0.0392436,-5.6144e-08,0.0392435,-1.68203e-07,2.49536e-07,0.0392436,-5.6144e-08,0.0840741
0.106805,0.0519367,-1.059e-08,-2.12185e-07,-1.059e-08,0.0248186,1.04479e-07,-2.12185e-07,1.04479e-07,0.0248191,0.0253704,7.63374e-09,0.0253704,-1.53191e-07,6.79247e-08,7.63374e-09,6.79247e-08,-1.33168e-07,0.0253705,5.72067e-08,-2.69055e-07,-6.73889e-08,0.0253705,-6.73889e-08,1.96921e-08,0.0253704,-1.53191e-07,6.79247e-08,7.63374e-09,6.79247e-08,-1.33168e-07,0.0519366,8.93521e-08,7.00736e-08,8.93521e-08,0.0248187,0.0253705,-5.23859e-08,0.0253705,6.67189e-08,0.0253705,-6.73889e-08,1.96921e-08,0.0253705,6.67189e-08,0.0519366
0.411586,1.1251,6.25613e-08,-2.11678e-08,6.25613e-08,0.320746,-2.03003e-08,-2.11678e-08,-2.03003e-08,0.320746,0.483527,-5.12956e-08,0.483527,4.9425e-08,9.06209e-08,-5.12956e-08,9.06209e-08,3.08308e-08,0.483527,-5.02884e-08,-7.85382e-08,-3.57075e-08,0.483527,-3.57075e-08,1.83874e-08,0.483527,4.9425e-08,9.06209e-08,-5.12956e-08,9.06209e-08,3.08308e-08,1.1251,1.69974e-07,1.73474e-08,1.69974e-07,0.320747,0.483527,1.27731e-08,0.483527,2.91644e-08,0.483527,-3.57075e-08,1.83874e-08,0.483527,2.91644e-08,1.1251
0.366366,0.948658,1.06838e-07,-1.10602e-07,1.06838e-07,0.274803,1.38795e-08,-1.10602e-07,1.38795e-08,0.274802,0.415002,-5.18158e-08,0.415002,1.01165e-07,-6.82361e-10,-5.18158e-08,-6.82361e-10,8.01721e-08,0.415003,-9.32274e-08,1.49272e-08,-5.16367e-08,0.415003,-5.16367e-08,-2.07975e-08,0.415002,1.01165e-07,-6.82361e-10,-5.18158e-08,-6.82361e-10,8.01721e-08,0.948658,-2.38076e-08,2.32945e-08,-2.38076e-08,0.274803,0.415002,-1.57145e-08,0.415002,1.54395e-07,0.415003,-5.16367e-08,-2.07975e-08,0.415002,1.54395e-07,0.948658
0.321147,0.673413,2.83321e-07,2.15768e-08,2.83321e-07,0.206032,3.35163e-09,2.15768e-08,3.35163e-09,0.206033,0.305308,-2.35774e-08,0.305308,2.47683e-08,-8.3626e-08,-2.35774e-08,-8.3626e-08,-4.81853e-07,0.305308,-3.77095e-08,2.40508e-07,2.56483e-08,0.305308,2.56483e-08,1.25425e-08,0.305308,2.47683e-08,-8.3626e-08,-2.35774e-08,-8.3626e-08,-4.81853e-07,0.673413,-3.55228e-07,-1.4024e-07,-3.55228e-07,0.206032,0.305308,-6.17565e-08,0.305308,-3.66563e-07,0.305308,2.56483e-08,1.25425e-08,0.305308,-3.66563e-07,0.673413
0.275928,0.423054,4.58332e-07,2.65398e-07,4.58332e-07,0.138634,-1.76497e-07,2.65398e-07,-1.76497e-07,0.138633,0.194781,-3.88414e-07,0.194781,-4.01834e-09,2.02983e-07,-3.88414e-07,2.02983e-07,-3.75272e-07,0.194781,-3.58539e-07,-1.45381e-07,-3.4025e-07,0.194781,-3.4025e-07,1.89815e-07,0.194781,-4.01834e-09,2.02983e-07,-3.88414e-07,2.02983e-07,-3.75272e-07,0.423052,-3.6037e-07,-3.52081e-07,-3.6037e-07,0.138634,0.194781,-2.08791e-07,0.194781,-3.36052e-08,0.194781,-3.4025e-07,1.89815e-07,0.194781,-3.36052e-08,0.423053
0.230709,0.261061,9.71779e-09,-1.30279e-07,9.71779e-09,0.0984203,-1.07957e-07,-1.30279e-07,-1.07957e-07,0.0984193,0.124456,2.8984e-08,0.124456,-7.88217e-08,3.87587e-07,2.8984e-08,3.87587e-07,5.17884e-07,0.124456,2.64789e-08,-1.78925e-07,-3.36902e-07,0.124456,-3.36902e-07,1.1865e-07,0.124456,-7.88217e-08,3.87587e-07,2.8984e-08,3.87587e-07,5.17884e-07,0.26106,1.19146e-07,-2.54164e-08,1.19146e-07,0.0984209,0.124456,4.26298e-07,0.124456,2.1928e-07,0.124456,-3.36902e-07,1.1865e-07,0.124456,2.1928e-07,0.26106
0.18549,0.164856,-5.61245e-07,-9.86359e-08,-5.61245e-07,0.0677216,1.0778e-07,-9.86359e-08,1.0778e-07,0.0677206,0.0785988,-1.35854e-07,0.0785988,-3.23099e-07,3.86994e-07,-1.35854e-07,3.86994e-07,5.39894e-07,0.0785991,2.41368e-07,4.71822e-07,1.34152e-07,0.0785991,1.34152e-07,6.7459e-08,0.0785988,-3.23099e-07,3.86994e-07,-1.35854e-07,3.86994e-07,5.39894e-07,0.164856,2.19148e-07,3.07283e-07,2.19148e-07,0.0677211,0.0785989,2.16568e-08,0.0785989,5.25579e-07,0.0785991,1.34152e-07,6.7459e-08,0.0785989,5.25579e-07,0.164856
0.14027,0.0840736,-3.45034e-07,-1.24573e-08,-3.45034e-07,0.0371481,6.35826e-09,-1.24573e-08,6.35826e-09,0.0371483,0.0392434,3.00316e-07,0.0392434,-1.18125e-08,1.99368e-07,3.00316e-07,1.99368e-07,-5.05629e-07,0.0392435,2.79561e-07,-1.45224e-07,-1.68203e-07,0.0392435,-1.68203e-07,2.49536e-07,0.0392434,-1.18125e-08,1.99368e-07,3.00316e-07,1.99368e-07,-5.05629e-07,0.0840742,-4.86178e-08,-1.45439e-10,-4.86178e-08,0.037148,0.0392436,-8.6106e-08,0.0392436,-5.6144e-08,0.0392435,-1.68203e-07,2.49536e-07,0.0392436,-5.6144e-08,0.0840741
0.445051,1.19609,-7.00147e-09,6.85766e-09,-7.00147e-09,0.340068,-3.52865e-08,6.85766e-09,-3.52865e-08,0.340067,0.512081,-1.05246e-08,0.512081,-4.16517e-09,3.79693e-08,-1.05246e-08,3.79693e-08,2.20871e-08,0.512081,9.07922e-09,-5.67343e-08,-2.63585e-08,0.512081,-2.63585e-08,1.98267e-08,0.512081,-4.16517e-09,3.79693e-08,-1.05246e-08,3.79693e-08,2.20871e-08,1.19609,1.42098e-07,-2.90131e-08,1.42098e-07,0.340068,0.512081,-4.04571e-08,0.512081,8.17546e-09,0.512081,-2.63585e-08,1.98267e-08,0.512081,8.17546e-09,1.19609
0.399832,1.06589,9.29114e-08,-4.18743e-08,9.29114e-08,0.304467,3.82353e-08,-4.18743e-08,3.82353e-08,0.304466,0.459915,-5.51833e-08,0.459915,1.05064e-07,1.06007e-07,-5.51833e-08,1.06007e-07,3.27748e-08,0.459915,-6.30361e-08,-5.94527e-08,-6.15412e-08,0.459915,-6.15412e-08,4.54377e-08,0.459915,1.05064e-07,1.06007e-07,-5.51833e-08,1.06007e-07,3.27748e-08,1.06589,1.70752e-07,4.70624e-08,1.70752e-07,0.304468,0.459915,6.9275e-09,0.459915,-1.98108e-08,0.459915,-6.15412e-08,4.54377e-08,0.459915,-1.98108e-08,1.06589
0.354613,0.838354,2.55701e-07,-2.34326e-07,2.55701e-07,0.24913,6.21509e-08,-2.34326e-07,6.21509e-08,0.24913,0.37241,-2.04678e-09,0.37241,1.60601e-07,-5.00914e-08,-2.04678e-09,-5.00914e-08,3.38878e-08,0.37241,-4.24624e-09,1.18674e-07,-1.16554e-08,0.37241,-1.16554e-08,1.13767e-08,0.37241,1.60601e-07,-5.00914e-08,-2.04678e-09,-5.00914e-08,3.38878e-08,0.838354,-1.0678e-07,8.1344e-08,-1.0678e-07,0.24913,0.37241,1.32446e-07,0.37241,3.81222e-08,0.37241,-1.16554e-08,1.13767e-08,0.37241,3.81222e-08,0.838354
0.309394,0.579668,3.52156e-07,1.14057e-07,3.52156e-07,0.183724,-5.52255e-09,1.14057e-07,-5.52255e-09,0.183726,0.268076,-4.74357e-08,0.268076,-3.97806e-07,1.4343e-10,-4.74357e-08,1.4343e-10,-5.11603e-07,0.268076,-2.65275e-07,-2.24882e-07,-1.09976e-07,0.268076,-1.09976e-07,3.05701e-07,0.268076,-3.97806e-07,1.4343e-10,-4.74357e-08,1.4343e-10,-5.11603e-07,0.579667,-3.63514e-07,-2.73547e-07,-3.63514e-07,0.183726,0.268076,-1.75772e-07,0.268076,-3.32527e-08,0.268076,-1.09976e-07,3.05701e-07,0.268076,-3.32527e-08,0.579667
0.264175,0.364506,2.28021e-07,2.81052e-07,2.28021e-07,0.127648,-2.59338e-08,2.81052e-07,-2.59338e-08,0.127648,0.173534,-2.36077e-07,0.173534,-2.27371e-07,3.416e-07,-2.36077e-07,3.416e-07,3.59199e-07,0.173534,-1.53397e-07,-2.26947e-07,-4.37409e-07,0.173534,-4.37409e-07,1.90085e-07,0.173534,-2.27371e-07,3.416e-07,-2.36077e-07,3.416e-07,3.59199e-07,0.364506,-3.27475e-07,-3.2258e-07,-3.27475e-07,0.127648,0.173534,-2.36864e-07,0.173534,-1.64397e-07,0.173534,-4.37409e-07,1.90085e-07,0.173534,-1.64397e-07,0.364506
0.218955,0.219028,-2.63525e-07,-3.88798e-09,-2.63525e-07,0.0855547,7.48902e-08,-3.88798e-09,7.48902e-08,0.0855534,0.105067,-1.64842e-07,0.105067,-6.38575e-08,3.18099e-07,-1.64842e-07,3.18099e-07,4.77797e-07,0.105067,2.34441e-07,-2.4432e-07,1.02727e-07,0.105067,1.02727e-07,1.43763e-07,0.105067,-6.38575e-08,3.18099e-07,-1.64842e-07,3.18099e-07,4.77797e-07,0.219029,1.91153e-08,-8.79878e-08,1.91153e-08,0.0855546,0.105067,3.14094e-07,0.105067,1.06792e-07,0.105067,1.02727e-07,1.43763e-07,0.105067,1.06792e-07,0.219029
0.173736,0.126402,-3.07036e-07,1.10879e-07,-3.07036e-07,0.054975,-5.19483e-08,1.10879e-07,-5.19483e-08,0.0549745,0.0616083,6.53022e-09,0.0616083,-1.70379e-07,3.10684e-07,6.53022e-09,3.10684e-07,1.40747e-07,0.0616087,1.28751e-08,-2.04413e-07,-6.70757e-08,0.0616087,-6.70757e-08,1.44832e-07,0.0616083,-1.70379e-07,3.10684e-07,6.53022e-09,3.10684e-07,1.40747e-07,0.126403,2.74514e-07,6.5894e-08,2.74514e-07,0.0549749,0.0616086,-3.59104e-08,0.0616086,5.66523e-07,0.0616087,-6.70757e-08,1.44832e-07,0.0616086,5.66523e-07,0.126403
0.128517,0.0519367,-1.059e-08,-2.12185e-07,-1.059e-08,0.0248186,1.04479e-07,-2.12185e-07,1.04479e-07,0.0248191,0.0253704,7.63374e-09,0.0253704,-1.53191e-07,6.79247e-08,7.63374e-09,6.79247e-08,-1.33168e-07,0.0253705,5.72067e-08,-2.69055e-07,-6.73889e-08,0.0253705,-6.73889e-08,1.96921e-08,0.0253704,-1.53191e-07,6.79247e-08,7.63374e-09,6.79247e-08,-1.33168e-07,0.0519366,8.93521e-08,7.00736e-08,8.93521e-08,0.0248187,0.0253705,-5.23859e-08,0.0253705,6.67189e-08,0.0253705,-6.73889e-08,1.96921e-08,0.0253705,6.67189e-08,0.0519366
0.433298,1.16528,3.13303e-08,1.41409e-08,3.13303e-08,0.332106,-2.98626e-08,1.41409e-08,-2.98626e-08,0.332106,0.498916,-2.01434e-08,0.498916,2.26234e-08,5.45922e-08,-2.01434e-08,5.45922e-08,3.697e-08,0.498915,-4.63619e-08,-7.45354e-08,-1.40605e-08,0.498915,-1.40605e-08,2.93335e-09,0.498916,2.26234e-08,5.45922e-08,-2.01434e-08,5.45922e-08,3.697e-08,1.16528,1.37335e-07,-1.21953e-08,1.37335e-07,0.332107,0.498915,-2.47158e-08,0.498915,5.6783e-08,0.498915,-1.40605e-08,2.93335e-09,0.498915,5.6783e-08,1.16528
0.388079,1.03364,1.65199e-07,-5.3234e-08,1.65199e-07,0.29699,3.01941e-08,-5.3234e-08,3.01941e-08,0.296989,0.44678,-8.06141e-08,0.44678,1.16306e-07,9.87108e-08,-8.06141e-08,9.87108e-08,7.88711e-08,0.44678,-9.15749e-08,-6.59742e-08,-6.42318e-08,0.44678,-6.42318e-08,2.93591e-08,0.44678,1.16306e-07,9.87108e-08,-8.06141e-08,9.87108e-08,7.88711e-08,1.03364,1.43611e-07,8.53457e-08,1.43611e-07,0.296991,0.44678,3.59665e-08,0.44678,7.631e-08,0.44678,-6.42318e-08,2.93591e-08,0.44678,7.631e-08,1.03364
0.342859,0.736144,1.59553e-07,-4.72598e-08,1.59553e-07,0.221211,4.44328e-09,-4.72598e-08,4.44328e-09,0.221212,0.330971,1.29953e-08,0.330971,5.17781e-08,-7.49223e-08,1.29953e-08,-7.49223e-08,-3.92548e-07,0.330971,1.82457e-09,2.04569e-07,5.79699e-08,0.330971,5.79699e-08,8.11887e-09,0.330971,5.17781e-08,-7.49223e-08,1.29953e-08,-7.49223e-08,-3.92548e-07,0.736144,-3.54283e-07,-4.38045e-08,-3.54283e-07,0.221211,0.330971,7.64692e-09,0.330971,-2.8744e-07,0.330971,5.79699e-08,8.11887e-09,0.330971,-2.8744e-07,0.736144
0.29764,0.544223,3.06881e-07,3.27764e-07,3.06881e-07,0.176266,-7.89343e-10,3.27764e-07,-7.89343e-10,0.176269,0.254055,-3.20571e-07,0.254055,-5.99411e-07,-1.46863e-08,-3.20571e-07,-1.46863e-08,-5.36779e-07,0.254055,-3.95834e-07,-2.09391e-07,-1.17474e-07,0.254055,-1.17474e-07,2.27379e-07,0.254055,-5.99411e-07,-1.46863e-08,-3.20571e-07,-1.46863e-08,-5.36779e-07,0.544222,-4.02371e-07,-2.63831e-07,-4.02371e-07,0.176268,0.254055,-1.73493e-07,0.254055,-1.66264e-07,0.254055,-1.17474e-07,2.27379e-07,0.254055,-1.66264e-07,0.544222
0.252421,0.336971,3.72092e-07,3.80641e-07,3.72092e-07,0.118807,1.94136e-07,3.80641e-07,1.94136e-07,0.118806,0.159174,-1.6464e-07,0.159174,-1.98629e-07,3.08147e-07,-1.6464e-07,3.08147e-07,2.5428e-07,0.159174,-1.56798e-07,-1.79653e-07,-3.20525e-07,0.159174,-3.20525e-07,1.88433e-07,0.159174,-1.98629e-07,3.08147e-07,-1.6464e-07,3.08147e-07,2.5428e-07,0.336971,-1.38995e-07,-2.95408e-07,-1.38995e-07,0.118807,0.159175,-1.34745e-08,0.159175,-1.89573e-07,0.159174,-3.20525e-07,1.88433e-07,0.159175,-1.89573e-07,0.336972
0.207202,0.210114,-2.85242e-07,-5.35644e-08,-2.85242e-07,0.080739,7.45891e-08,-5.35644e-08,7.45891e-08,0.0807374,0.0986728,-1.95728e-07,0.0986728,-1.06034e-07,5.0723e-07,-1.95728e-07,5.0723e-07,5.8536e-07,0.098673,4.07431e-07,-3.07211e-08,1.82675e-08,0.098673,1.82675e-08,1.57511e-07,0.0986728,-1.06034e-07,5.0723e-07,-1.95728e-07,5.0723e-07,5.8536e-07,0.210114,1.33756e-07,-3.85813e-08,1.33756e-07,0.0807389,0.0986725,2.0281e-07,0.0986725,1.69224e-07,0.098673,1.82675e-08,1.57511e-07,0.0986725,1.69224e-07,0.210114
0.161983,0.0918008,-2.84429e-07,-9.07326e-08,-2.84429e-07,0.041319,1.82388e-08,-9.07326e-08,1.82388e-08,0.0413195,0.044073,2.96407e-07,0.044073,-1.35435e-07,2.25846e-07,2.96407e-07,2.25846e-07,-4.56919e-07,0.0440732,2.39609e-07,1.85313e-08,-2.04935e-07,0.0440732,-2.04935e-07,5.99149e-08,0.044073,-1.35435e-07,2.25846e-07,2.96407e-07,2.25846e-07,-4.56919e-07,0.091802,6.29211e-08,-3.12901e-08,6.29211e-08,0.0413192,0.0440732,-1.60724e-07,0.0440732,2.3817e-07,0.0440732,-2.04935e-07,5.99149e-08,0.0440732,2.3817e-07,0.0918022
0.116763,0.0519367,-1.059e-08,-2.12185e-07,-1.059e-08,0.0248186,1.04479e-07,-2.12185e-07,1.04479e-07,0.0248191,0.0253704,7.63374e-09,0.0253704,-1.53191e-07,6.79247e-08,7.63374e-09,6.79247e-08,-1.33168e-07,0.0253705,5.72067e-08,-2.69055e-07,-6.73889e-08,0.0253705,-6.73889e-08,1.96921e-08,0.0253704,-1.53191e-07,6.79247e-08,7.63374e-09,6.79247e-08,-1.33168e-07,0.0519366,8.93521e-08,7.00736e-08,8.93521e-08,0.0248187,0.0253705,-5.23859e-08,0.0253705,6.67189e-08,0.0253705,-6.73889e-08,1.96921e-08,0.0253705,6.67189e-08,0.0519366
0.421544,1.14302,5.78461e-08,-1.29745e-08,5.78461e-08,0.325453,-1.93903e-08,-1.29745e-08,-1.93903e-08,0.325453,0.489927,-4.99613e-08,0.489927,3.30212e-08,7.77683e-08,-4.99613e-08,7.77683e-08,2.54721e-08,0.489927,-4.58984e-08,-7.30658e-08,-2.18055e-08,0.489927,-2.18055e-08,1.67776e-08,0.489927,3.30212e-08,7.77683e-08,-4.99613e-08,7.77683e-08,2.54721e-08,1.14302,1.62006e-07,2.45265e-08,1.62006e-07,0.325454,0.489927,2.08841e-08,0.489927,4.18462e-08,0.489927,-2.18055e-08,1.67776e-08,0.489927,4.18462e-08,1.14302
0.376325,0.966929,1.99152e-07,-1.06297e-07,1.99152e-07,0.279417,-6.59364e-10,-1.06297e-07,-6.59364e-10,0.279417,0.421528,-7.47895e-08,0.421528,9.54423e-08,-1.63225e-08,-7.47895e-08,-1.63225e-08,7.92364e-08,0.421528,-1.21936e-07,9.56348e-09,-2.51243e-08,0.421528,-2.51243e-08,-6.94174e-09,0.421528,9.54423e-08,-1.63225e-08,-7.47895e-08,-1.63225e-08,7.92364e-08,0.966929,-2.27047e-08,4.12859e-08,-2.27047e-08,0.279417,0.421528,8.70712e-09,0.421528,1.64903e-07,0.421528,-2.51243e-08,-6.94174e-09,0.421528,1.64903e-07,0.966929
0.331106,0.704711,8.89649e-08,-3.34247e-08,8.89649e-08,0.21247,-4.98058e-08,-3.34247e-08,-4.98058e-08,0.212471,0.317261,-1.95722e-09,0.317261,3.81472e-08,-3.55154e-08,-1.95722e-09,-3.55154e-08,-5.0057e-07,0.317261,-1.43074e-08,2.16395e-07,-3.31006e-08,0.317261,-3.31006e-08,3.87306e-08,0.317261,3.81472e-08,-3.55154e-08,-1.95722e-09,-3.55154e-08,-5.0057e-07,0.704711,-3.59012e-07,-6.08585e-08,-3.59012e-07,0.21247,0.317261,-2.24959e-08,0.317261,-3.65157e-07,0.317261,-3.31006e-08,3.87306e-08,0.317261,-3.65157e-07,0.704711
0.285887,0.517335,3.39085e-07,2.92425e-07,3.39085e-07,0.167623,-6.46621e-08,2.92425e-07,-6.46621e-08,0.167624,0.241304,-3.70913e-07,0.241304,-2.70268e-07,1.36286e-08,-3.70913e-07,1.36286e-08,-6.59171e-07,0.241304,-4.76944e-07,-3.32628e-07,-1.28953e-07,0.241304,-1.28953e-07,2.89698e-07,0.241304,-2.70268e-07,1.36286e-08,-3.70913e-07,1.36286e-08,-6.59171e-07,0.517334,-4.54062e-07,-2.87388e-07,-4.54062e-07,0.167624,0.241304,-2.75106e-07,0.241304,-2.22659e-07,0.241304,-1.28953e-07,2.89698e-07,0.241304,-2.22659e-07,0.517335
0.240667,0.336971,3.72092e-07,3.80641e-07,3.72092e-07,0.118807,1.94136e-07,3.80641e-07,1.94136e-07,0.118806,0.159174,-1.6464e-07,0.159174,-1.98629e-07,3.08147e-07,-1.6464e-07,3.08147e-07,2.5428e-07,0.159174,-1.56798e-07,-1.79653e-07,-3.20525e-07,0.159174,-3.20525e-07,1.88433e-07,0.159174,-1.98629e-07,3.08147e-07,-1.6464e-07,3.08147e-07,2.5428e-07,0.336971,-1.38995e-07,-2.95408e-07,-1.38995e-07,0.118807,0.159175,-1.34745e-08,0.159175,-1.89573e-07,0.159174,-3.20525e-07,1.88433e-07,0.159175,-1.89573e-07,0.336972
0.195448,0.164856,-5.61245e-07,-9.86359e-08,-5.61245e-07,0.0677216,1.0778e-07,-9.86359e-08,1.0778e-07,0.0677206,0.0785988,-1.35854e-07,0.0785988,-3.23099e-07,3.86994e-07,-1.35854e-07,3.86994e-07,5.39894e-07,0.0785991,2.41368e-07,4.71822e-07,1.34152e-07,0.0785991,1.34152e-07,6.7459e-08,0.0785988,-3.23099e-07,3.86994e-07,-1.35854e-07,3.86994e-07,5.39894e-07,0.164856,2.19148e-07,3.07283e-07,2.19148e-07,0.0677211,0.0785989,2.16568e-08,0.0785989,5.25579e-07,0.0785991,1.34152e-07,6.7459e-08,0.0785989,5.25579e-07,0.164856
0.150229,0.0840736,-3.45034e-07,-1.24573e-08,-3.45034e-07,0.0371481,6.35826e-09,-1.24573e-08,6.35826e-09,0.0371483,0.0392434,3.00316e-07,0.0392434,-1.18125e-08,1.99368e-07,3.00316e-07,1.99368e-07,-5.05629e-07,0.0392435,2.79561e-07,-1.45224e-07,-1.68203e-07,0.0392435,-1.68203e-07,2.49536e-07,0.0392434,-1.18125e-08,1.99368e-07,3.00316e-07,1.99368e-07,-5.05629e-07,0.0840742,-4.86178e-08,-1.45439e-10,-4.86178e-08,0.037148,0.0392436,-8.6106e-08,0.0392436,-5.6144e-08,0.0392435,-1.68203e-07,2.49536e-07,0.0392436,-5.6144e-08,0.0840741
0.10501,0.0519367,-1.059e-08,-2.12185e-07,-1.059e-08,0.0248186,1.04479e-07,-2.12185e-07,1.04479e-07,0.0248191,0.0253704,7.63374e-09,0.0253704,-1.53191e-07,6.79247e-08,7.63374e-09,6.79247e-08,-1.33168e-07,0.0253705,5.72067e-08,-2.69055e-07,-6.73889e-08,0.0253705,-6.73889e-08,1.96921e-08,0.0253704,-1.53191e-07,6.79247e-08,7.63374e-09,6.79247e-08,-1.33168e-07,0.0519366,8.93521e-08,7.00736e-08,8.93521e-08,0.0248187,0.0253705,-5.23859e-08,0.0253705,6.67189e-08,0.0253705,-6.73889e-08,1.96921e-08,0.0253705,6.67189e-08,0.0519366
0.409791,1.1251,6.25613e-08,-2.11678e-08,6.25613e-08,0.320746,-2.03003e-08,-2.11678e-08,-2.03003e-08,0.320746,0.483527,-5.12956e-08,0.483527,4.9425e-08,9.06209e-08,-5.12956e-08,9.06209e-08,3.08308e-08,0.483527,-5.02884e-08,-7.85382e-08,-3.57075e-08,0.483527,-3.57075e-08,1.83874e-08,0.483527,4.9425e-08,9.06209e-08,-5.12956e-08,9.06209e-08,3.08308e-08,1.1251,1.69974e-07,1.73474e-08,1.69974e-07,0.320747,0.483527,1.27731e-08,0.483527,2.91644e-08,0.483527,-3.57075e-08,1.83874e-08,0.483527,2.91644e-08,1.1251
0.364571,0.916487,2.47827e-07,-2.09412e-07,2.47827e-07,0.26671,5.43274e-08,-2.09412e-07,5.43274e-08,0.26671,0.401697,-6.23895e-08,0.401697,1.1692e-07,-4.56979e-09,-6.23895e-08,-4.56979e-09,5.95346e-08,0.401697,-8.72003e-08,4.56485e-08,-3.67171e-08,0.401697,-3.67171e-08,2.26067e-10,0.401697,1.1692e-07,-4.56979e-09,-6.23895e-08,-4.56979e-09,5.95346e-08,0.916487,5.73277e-09,5.99588e-08,5.73277e-09,0.266711,0.401697,9.81361e-08,0.401697,1.14716e-07,0.401697,-3.67171e-08,2.26067e-10,0.401697,1.14716e-07,0.916487
0.319352,0.673413,2.83321e-07,2.15768e-08,2.83321e-07,0.206032,3.35163e-09,2.15768e-08,3.35163e-09,0.206033,0.305308,-2.35774e-08,0.305308,2.47683e-08,-8.3626e-08,-2.35774e-08,-8.3626e-08,-4.81853e-07,0.305308,-3.77095e-08,2.40508e-07,2.56483e-08,0.305308,2.56483e-08,1.25425e-08,0.305308,2.47683e-08,-8.3626e-08,-2.35774e-08,-8.3626e-08,-4.81853e-07,0.673413,-3.55228e-07,-1.4024e-07,-3.55228e-07,0.206032,0.305308,-6.17565e-08,0.305308,-3.66563e-07,0.305308,2.56483e-08,1.25425e-08,0.305308,-3.66563e-07,0.673413
0.274133,0.423054,4.58332e-07,2.65398e-07,4.58332e-07,0.138634,-1.76497e-07,2.65398e-07,-1.76497e-07,0.138633,0.194781,-3.88414e-07,0.194781,-4.01834e-09,2.02983e-07,-3.88414e-07,2.02983e-07,-3.75272e-07,0.194781,-3.58539e-07,-1.45381e-07,-3.4025e-07,0.194781,-3.4025e-07,1.89815e-07,0.194781,-4.01834e-09,2.02983e-07,-3.88414e-07,2.02983e-07,-3.75272e-07,0.423052,-3.6037e-07,-3.52081e-07,-3.6037e-07,0.138634,0.194781,-2.08791e-07,0.194781,-3.36052e-08,0.194781,-3.4025e-07,1.89815e-07,0.194781,-3.36052e-08,0.423053
0.228914,0.261061,9.71779e-09,-1.30279e-07,9.71779e-09,0.0984203,-1.07957e-07,-1.30279e-07,-1.07957e-07,0.0984193,0.124456,2.8984e-08,0.124456,-7.88217e-08,3.87587e-07,2.8984e-08,3.87587e-07,5.17884e-07,0.124456,2.64789e-08,-1.78925e-07,-3.36902e-07,0.124456,-3.36902e-07,1.1865e-07,0.124456,-7.88217e-08,3.87587e-07,2.8984e-08,3.87587e-07,5.17884e-07,0.26106,1.19146e-07,-2.54164e-08,1.19146e-07,0.0984209,0.124456,4.26298e-07,0.124456,2.1928e-07,0.124456,-3.36902e-07,1.1865e-07,0.124456,2.1928e-07,0.26106
0.183695,0.164856,-5.61245e-07,-9.86359e-08,-5.61245e-07,0.0677216,1.0778e-07,-9.86359e-08,1.0778e-07,0.0677206,0.0785988,-1.35854e-07,0.0785988,-3.23099e-07,3.86994e-07,-1.35854e-07,3.86994e-07,5.39894e-07,0.0785991,2.41368e-07,4.71822e-07,1.34152e-07,0.0785991,1.34152e-07,6.7459e-08,0.0785988,-3.23099e-07,3.86994e-07,-1.35854e-07,3.86994e-07,5.39894e-07,0.164856,2.19148e-07,3.07283e-07,2.19148e-07,0.0677211,0.0785989,2.16568e-08,0.0785989,5.25579e-07,0.0785991,1.34152e-07,6.7459e-08,0.0785989,5.25579e-07,0.164856
0.138476,0.0840736,-3.45034e-07,-1.24573e-08,-3.45034e-07,0.0371481,6.35826e-09,-1.24573e-08,6.35826e-09,0.0371483,0.0392434,3.00316e-07,0.0392434,-1.18125e-08,1.99368e-07,3.00316e-07,1.99368e-07,-5.05629e-07,0.0392435,2.79561e-07,-1.45224e-07,-1.68203e-07,0.0392435,-1.68203e-07,2.49536e-07,0.0392434,-1.18125e-08,1.99368e-07,3.00316e-07,1.99368e-07,-5.05629e-07,0.0840742,-4.86178e-08,-1.45439e-10,-4.86178e-08,0.037148,0.0392436,-8.6106e-08,0.0392436,-5.6144e-08,0.0392435,-1.68203e-07,2.49536e-07,0.0392436,-5.6144e-08,0.0840741
0.443256,1.19609,-7.00147e-09,6.85766e-09,-7.00147e-09,0.340068,-3.52865e-08,6.85766e-09,-3.52865e-08,0.340067,0.512081,-1.05246e-08,0.512081,-4.16517e-09,3.79693e-08,-1.05246e-08,3.79693e-08,2.20871e-08,0.512081,9.07922e-09,-5.67343e-08,-2.63585e-08,0.512081,-2.63585e-08,1.98267e-08,0.512081,-4.16517e-09,3.79693e-08,-1.05246e-08,3.79693e-08,2.20871e-08,1.19609,1.42098e-07,-2.90131e-08,1.42098e-07,0.340068,0.512081,-4.04571e-08,0.512081,8.17546e-09,0.512081,-2.63585e-08,1.98267e-08,0.512081,8.17546e-09,1.19609
0.398037,1.03364,1.65199e-07,-5.3234e-08,1.65199e-07,0.29699,3.01941e-08,-5.3234e-08,3.01941e-08,0.296989,0.44678,-8.06141e-08,0.44678,1.16306e-07,9.87108e-08,-8.06141e-08,9.87108e-08,7.88711e-08,0.44678,-9.15749e-08,-6.59742e-08,-6.42318e-08,0.44678,-6.42318e-08,2.93591e-08,0.44678,1.16306e-07,9.87108e-08,-8.06141e-08,9.87108e-08,7.88711e-08,1.03364,1.43611e-07,8.53457e-08,1.43611e-07,0.296991,0.44678,3.59665e-08,0.44678,7.631e-08,0.44678,-6.42318e-08,2.93591e-08,0.44678,7.631e-08,1.03364
0.352818,0.838354,2.55701e-07,-2.34326e-07,2.55701e-07,0.24913,6.21509e-08,-2.34326e-07,6.21509e-08,0.24913,0.37241,-2.04678e-09,0.37241,1.60601e-07,-5.00914e-08,-2.04678e-09,-5.00914e-08,3.38878e-08,0.37241,-4.24624e-09,1.18674e-07,-1.16554e-08,0.37241,-1.16554e-08,1.13767e-08,0.37241,1.60601e-07,-5.00914e-08,-2.04678e-09,-5.00914e-08,3.38878e-08,0.838354,-1.0678e-07,8.1344e-08,-1.0678e-07,0.24913,0.37241,1.32446e-07,0.37241,3.81222e-08,0.37241,-1.16554e-08,1.13767e-08,0.37241,3.81222e-08,0.838354
0.307599,0.544223,3.06881e-07,3.27764e-07,3.06881e-07,0.176266,-7.89343e-10,3.27764e-07,-7.89343e-10,0.176269,0.254055,-3.20571e-07,0.254055,-5.99411e-07,-1.46863e-08,-3.20571e-07,-1.46863e-08,-5.36779e-07,0.254055,-3.95834e-07,-2.09391e-07,-1.17474e-07,0.254055,-1.17474e-07,2.27379e-07,0.254055,-5.99411e-07,-1.46863e-08,-3.20571e-07,-1.46863e-08,-5.36779e-07,0.544222,-4.02371e-07,-2.63831e-07,-4.02371e-07,0.176268,0.254055,-1.73493e-07,0.254055,-1.66264e-07,0.254055,-1.17474e-07,2.27379e-07,0.254055,-1.66264e-07,0.544222
0.26238,0.364506,2.28021e-07,2.81052e-07,2.28021e-07,0.127648,-2.59338e-08,2.81052e-07,-2.59338e-08,0.127648,0.173534,-2.36077e-07,0.173534,-2.27371e-07,3.416e-07,-2.36077e-07,3.416e-07,3.59199e-07,0.173534,-1.53397e-07,-2.26947e-07,-4.37409e-07,0.173534,-4.37409e-07,1.90085e-07,0.173534,-2.27371e-07,3.416e-07,-2.36077e-07,3.416e-07,3.59199e-07,0.364506,-3.27475e-07,-3.2258e-07,-3.27475e-07,0.127648,0.173534,-2.36864e-07,0.173534,-1.64397e-07,0.173534,-4.37409e-07,1.90085e-07,0.173534,-1.64397e-07,0.364506
0.21716,0.210114,-2.85242e-07,-5.35644e-08,-2.85242e-07,0.080739,7.45891e-08,-5.35644e-08,7.45891e-08,0.0807374,0.0986728,-1.95728e-07,0.0986728,-1.06034e-07,5.0723e-07,-1.95728e-07,5.0723e-07,5.8536e-07,0.098673,4.07431e-07,-3.07211e-08,1.82675e-08,0.098673,1.82675e-08,1.57511e-07,0.0986728,-1.06034e-07,5.0723e-07,-1.95728e-07,5.0723e-07,5.8536e-07,0.210114,1.33756e-07,-3.85813e-08,1.33756e-07,0.0807389,0.0986725,2.0281e-07,0.0986725,1.69224e-07,0.098673,1.82675e-08,1.57511e-07,0.0986725,1.69224e-07,0.210114
0.171941,0.126402,-3.07036e-07,1.10879e-07,-3.07036e-07,0.054975,-5.19483e-08,1.10879e-07,-5.19483e-08,0.0549745,0.0616083,6.53022e-09,0.0616083,-1.70379e-07,3.10684e-07,6.53022e-09,3.10684e-07,1.40747e-07,0.0616087,1.28751e-08,-2.04413e-07,-6.70757e-08,0.0616087,-6.70757e-08,1.44832e-07,0.0616083,-1.70379e-07,3.10684e-07,6.53022e-09,3.10684e-07,1.40747e-07,0.126403,2.74514e-07,6.5894e-08,2.74514e-07,0.0549749,0.0616086,-3.59104e-08,0.0616086,5.66523e-07,0.0616087,-6.70757e-08,1.44832e-07,0.0616086,5.66523e-07,0.126403
0.126722,0.0519367,-1.059e-08,-2.12185e-07,-1.059e-08,0.0248186,1.04479e-07,-2.12185e-07,1.04479e-07,0.0248191,0.0253704,7.63374e-09,0.0253704,-1.53191e-07,6.79247e-08,7.63374e-09,6.79247e-08,-1.33168e-07,0.0253705,5.72067e-08,-2.69055e-07,-6.73889e-08,0.0253705,-6.73889e-08,1.96921e-08,0.0253704,-1.53191e-07,6.79247e-08,7.63374e-09,6.79247e-08,-1.33168e-07,0.0519366,8.93521e-08,7.00736e-08,8.93521e-08,0.0248187,0.0253705,-5.23859e-08,0.0253705,6.67189e-08,0.0253705,-6.73889e-08,1.96921e-08,0.0253705,6.67189e-08,0.0519366
0.431503,1.16528,3.13303e-08,1.41409e-08,3.13303e-08,0.332106,-2.98626e-08,1.41409e-08,-2.98626e-08,0.332106,0.498916,-2.01434e-08,0.498916,2.26234e-08,5.45922e-08,-2.01434e-08,5.45922e-08,3.697e-08,0.498915,-4.63619e-08,-7.45354e-08,-1.40605e-08,0.498915,-1.40605e-08,2.93335e-09,0.498916,2.26234e-08,5.45922e-08,-2.01434e-08,5.45922e-08,3.697e-08,1.16528,1.37335e-07,-1.21953e-08,1.37335e-07,0.332107,0.498915,-2.47158e-08,0.498915,5.6783e-08,0.498915,-1.40605e-08,2.93335e-09,0.498915,5.6783e-08,1.16528
0.386284,0.989919,2.12686e-07,-9.82704e-08,2.12686e-07,0.285764,-1.63464e-09,-9.82704e-08,-1.63464e-09,0.285765,0.430522,-7.05608e-08,0.430522,1.42295e-07,-1.53133e-08,-7.05608e-08,-1.53133e-08,8.51035e-08,0.430522,-1.027e-07,-4.51747e-08,-3.97938e-09,0.430522,-3.97938e-09,-3.69857e-09,0.430522,1.42295e-07,-1.53133e-08,-7.05608e-08,-1.53133e-08,8.51035e-08,0.989919,-2.10244e-08,6.79487e-08,-2.10244e-08,0.285765,0.430522,2.20211e-08,0.430522,1.82189e-07,0.430522,-3.97938e-09,-3.69857e-09,0.430522,1.82189e-07,0.989919
0.341064,0.736144,1.59553e-07,-4.72598e-08,1.59553e-07,0.221211,4.44328e-09,-4.72598e-08,4.44328e-09,0.221212,0.330971,1.29953e-08,0.330971,5.17781e-08,-7.49223e-08,1.29953e-08,-7.49223e-08,-3.92548e-07,0.330971,1.82457e-09,2.04569e-07,5.79699e-08,0.330971,5.79699e-08,8.11887e-09,0.330971,5.17781e-08,-7.49223e-08,1.29953e-08,-7.49223e-08,-3.92548e-07,0.736144,-3.54283e-07,-4.38045e-08,-3.54283e-07,0.221211,0.330971,7.64692e-09,0.330971,-2.8744e-07,0.330971,5.79699e-08,8.11887e-09,0.330971,-2.8744e-07,0.736144
0.295845,0.544223,3.06881e-07,3.27764e-07,3.06881e-07,0.176266,-7.89343e-10,3.27764e-07,-7.89343e-10,0.176269,0.254055,-3.20571e-07,0.254055,-5.99411e-07,-1.46863e-08,-3.20571e-07,-1.46863e-08,-5.36779e-07,0.254055,-3.95834e-07,-2.09391e-07,-1.17474e-07,0.254055,-1.17474e-07,2.27379e-07,0.254055,-5.99411e-07,-1.46863e-08,-3.20571e-07,-1.46863e-08,-5.36779e-07,0.544222,-4.02371e-07,-2.63831e-07,-4.02371e-07,0.176268,0.254055,-1.73493e-07,0.254055,-1.66264e-07,0.254055,-1.17474e-07,2.27379e-07,0.254055,-1.66264e-07,0.544222
0.250626,0.336971,3.72092e-07,3.80641e-07,3.72092e-07,0.118807,1.94136e-07,3.80641e-07,1.94136e-07,0.118806,0.159174,-1.6464e-07,0.159174,-1.98629e-07,3.08147e-07,-1.6464e-07,3.08147e-07,2.5428e-07,0.159174,-1.56798e-07,-1.79653e-07,-3.20525e-07,0.159174,-3.20525e-07,1.88433e-07,0.159174,-1.98629e-07,3.08147e-07,-1.6464e-07,3.08147e-07,2.5428e-07,0.336971,-1.38995e-07,-2.95408e-07,-1.38995e-07,0.118807,0.159175,-1.34745e-08,0.159175,-1.89573e-07,0.159174,-3.20525e-07,1.88433e-07,0.159175,-1.89573e-07,0.336972
0.205407,0.210114,-2.85242e-07,-5.35644e-08,-2.85242e-07,0.080739,7.45891e-08,-5.35644e-08,7.45891e-08,0.0807374,0.0986728,-1.95728e-07,0.0986728,-1.06034e-07,5.0723e-07,-1.95728e-07,5.0723e-07,5.8536e-07,0.098673,4.07431e-07,-3.07211e-08,1.82675e-08,0.098673,1.82675e-08,1.57511e-07,0.0986728,-1.06034e-07,5.0723e-07,-1.95728e-07,5.0723e-07,5.8536e-07,0.210114,1.33756e-07,-3.85813e-08,1.33756e-07,0.0807389,0.0986725,2.0281e-07,0.0986725,1.69224e-07,0.098673,1.82675e-08,1.57511e-07,0.0986725,1.69224e-07,0.210114
0.160188,0.0918008,-2.84429e-07,-9.07326e-08,-2.84429e-07,0.041319,1.82388e-08,-9.07326e-08,1.82388e-08,0.0413195,0.044073,2.96407e-07,0.044073,-1.35435e-07,2.25846e-07,2.96407e-07,2.25846e-07,-4.56919e-07,0.0440732,2.39609e-07,1.85313e-08,-2.04935e-07,0.0440732,-2.04935e-07,5.99149e-08,0.044073,-1.35435e-07,2.25846e-07,2.96407e-07,2.25846e-07,-4.56919e-07,0.091802,6.29211e-08,-3.12901e-08,6.29211e-08,0.0413192,0.0440732,-1.60724e-07,0.0440732,2.3817e-07,0.0440732,-2.04935e-07,5.99149e-08,0.0440732,2.3817e-07,0.0918022
0.114968,0.0519367,-1.059e-08,-2.12185e-07,-1.059e-08,0.0248186,1.04479e-07,-2.12185e-07,1.04479e-07,0.0248191,0.0253704,7.63374e-09,0.0253704,-1.53191e-07,6.79247e-08,7.63374e-09,6.79247e-08,-1.33168e-07,0.0253705,5.72067e-08,-2.69055e-07,-6.73889e-08,0.0253705,-6.73889e-08,1.96921e-08,0.0253704,-1.53191e-07,6.79247e-08,7.63374e-09,6.79247e-08,-1.33168e-07,0.0519366,8.93521e-08,7.00736e-08,8.93521e-08,0.0248187,0.0253705,-5.23859e-08,0.0253705,6.67189e-08,0.0253705,-6.73889e-08,1.96921e-08,0.0253705,6.67189e-08,0.0519366
0.419749,1.14302,5.78461e-08,-1.29745e-08,5.78461e-08,0.325453,-1.93903e-08,-1.29745e-08,-1.93903e-08,0.325453,0.489927,-4.99613e-08,0.489927,3.30212e-08,7.77683e-08,-4.99613e-08,7.77683e-08,2.54721e-08,0.489927,-4.58984e-08,-7.30658e-08,-2.18055e-08,0.489927,-2.18055e-08,1.67776e-08,0.489927,3.30212e-08,7.77683e-08,-4.99613e-08,7.77683e-08,2.54721e-08,1.14302,1.62006e-07,2.45265e-08,1.62006e-07,0.325454,0.489927,2.08841e-08,0.489927,4.18462e-08,0.489927,-2.18055e-08,1.67776e-08,0.489927,4.18462e-08,1.14302
0.37453,0.966929,1.99152e-07,-1.06297e-07,1.99152e-07,0.279417,-6.59364e-10,-1.06297e-07,-6.59364e-10,0.279417,0.421528,-7.47895e-08,0.421528,9.54423e-08,-1.63225e-08,-7.47895e-08,-1.63225e-08,7.92364e-08,0.421528,-1.21936e-07,9.56348e-09,-2.51243e-08,0.421528,-2.51243e-08,-6.94174e-09,0.421528,9.54423e-08,-1.63225e-08,-7.47895e-08,-1.63225e-08,7.92364e-08,0.966929,-2.27047e-08,4.12859e-08,-2.27047e-08,0.279417,0.421528,8.70712e-09,0.421528,1.64903e-07,0.421528,-2.51243e-08,-6.94174e-09,0.421528,1.64903e-07,0.966929
0.329311,0.704711,8.89649e-08,-3.34247e-08,8.89649e-08,0.21247,-4.98058e-08,-3.34247e-08,-4.98058e-08,0.212471,0.317261,-1.95722e-09,0.317261,3.81472e-08,-3.55154e-08,-1.95722e-09,-3.55154e-08,-5.0057e-07,0.317261,-1.43074e-08,2.16395e-07,-3.31006e-08,0.317261,-3.31006e-08,3.87306e-08,0.317261,3.81472e-08,-3.55154e-08,-1.95722e-09,-3.55154e-08,-5.0057e-07,0.704711,-3.59012e-07,-6.08585e-08,-3.59012e-07,0.21247,0.317261,-2.24959e-08,0.317261,-3.65157e-07,0.317261,-3.31006e-08,3.87306e-08,0.317261,-3.65157e-07,0.704711
0.284092,0.494644,2.21701e-07,3.18243e-07,2.21701e-07,0.159054,-2.02243e-07,3.18243e-07,-2.02243e-07,0.159055,0.228403,-3.60945e-07,0.228403,-2.0591e-07,4.80195e-08,-3.60945e-07,4.80195e-08,-3.71301e-08,0.228403,-3.71274e-07,-4.01483e-07,-2.12352e-07,0.228403,-2.12352e-07,2.35681e-07,0.228403,-2.0591e-07,4.80195e-08,-3.60945e-07,4.80195e-08,-3.71301e-08,0.494643,-2.81667e-07,-4.33275e-07,-2.81667e-07,0.159055,0.228403,-3.03566e-07,0.228403,9.2342e-08,0.228403,-2.12352e-07,2.35681e-07,0.228403,9.2342e-08,0.494643
0.238873,0.311099,3.3488e-07,3.5098e-07,3.3488e-07,0.113615,1.05623e-07,3.5098e-07,1.05623e-07,0.113615,0.14947,-1.10596e-07,0.14947,-2.27441e-07,3.4063e-07,-1.10596e-07,3.4063e-07,3.12741e-07,0.14947,-9.67596e-08,-1.21688e-07,-4.11233e-07,0.14947,-4.11233e-07,1.61229e-07,0.14947,-2.27441e-07,3.4063e-07,-1.10596e-07,3.4063e-07,3.12741e-07,0.3111,-6.24446e-08,-2.6863e-07,-6.24446e-08,0.113616,0.149471,-1.63318e-09,0.149471,-1.76076e-07,0.14947,-4.11233e-07,1.61229e-07,0.149471,-1.76076e-07,0.3111
0.193653,0.164856,-5.61245e-07,-9.86359e-08,-5.61245e-07,0.0677216,1.0778e-07,-9.86359e-08,1.0778e-07,0.0677206,0.0785988,-1.35854e-07,0.0785988,-3.23099e-07,3.86994e-07,-1.35854e-07,3.86994e-07,5.39894e-07,0.0785991,2.41368e-07,4.71822e-07,1.34152e-07,0.0785991,1.34152e-07,6.7459e-08,0.0785988,-3.23099e-07,3.86994e-07,-1.35854e-07,3.86994e-07,5.39894e-07,0.164856,2.19148e-07,3.07283e-07,2.19148e-07,0.0677211,0.0785989,2.16568e-08,0.0785989,5.25579e-07,0.0785991,1.34152e-07,6.7459e-08,0.0785989,5.25579e-07,0.164856
0.148434,0.0840736,-3.45034e-07,-1.24573e-08,-3.45034e-07,0.0371481,6.35826e-09,-1.24573e-08,6.35826e-09,0.0371483,0.0392434,3.00316e-07,0.0392434,-1.18125e-08,1.99368e-07,3.00316e-07,1.99368e-07,-5.05629e-07,0.0392435,2.79561e-07,-1.45224e-07,-1.68203e-07,0.0392435,-1.68203e-07,2.49536e-07,0.0392434,-1.18125e-08,1.99368e-07,3.00316e-07,1.99368e-07,-5.05629e-07,0.0840742,-4.86178e-08,-1.45439e-10,-4.86178e-08,0.037148,0.0392436,-8.6106e-08,0.0392436,-5.6144e-08,0.0392435,-1.68203e-07,2.49536e-07,0.0392436,-5.6144e-08,0.0840741
0.103215,0.0382465,-5.8275e-08,-7.41829e-08,-5.8275e-08,0.0181721,2.63409e-08,-7.41829e-08,2.63409e-08,0.0181719,0.0182847,1.94463e-08,0.0182847,7.7086e-08,-7.57211e-08,1.94463e-08,-7.57211e-08,-6.05818e-08,0.0182849,-1.09007e-07,6.55496e-09,-2.36174e-08,0.0182849,-2.36174e-08,-7.978e-08,0.0182847,7.7086e-08,-7.57211e-08,1.94463e-08,-7.57211e-08,-6.05818e-08,0.0382465,-8.8898e-08,7.23672e-08,-8.8898e-08,0.0181719,0.0182847,2.39884e-08,0.0182847,1.41723e-07,0.0182849,-2.36174e-08,-7.978e-08,0.0182847,1.41723e-07,0.0382466
0.407996,1.07717,1.05631e-07,-4.58973e-08,1.05631e-07,0.308108,1.92582e-08,-4.58973e-08,1.92582e-08,0.308108,0.464599,-6.43636e-08,0.464599,8.03793e-08,9.91853e-08,-6.43636e-08,9.91853e-08,2.71256e-08,0.464599,-6.78742e-08,-5.53988e-08,-5.31801e-08,0.464599,-5.31801e-08,4.56383e-08,0.464599,8.03793e-08,9.91853e-08,-6.43636e-08,9.91853e-08,2.71256e-08,1.07717,1.76684e-07,4.31342e-08,1.76684e-07,0.308109,0.464599,1.77858e-08,0.464599,-7.96289e-10,0.464599,-5.31801e-08,4.56383e-08,0.464599,-7.96289e-10,1.07717
0.362777,0.916487,2.47827e-07,-2.09412e-07,2.47827e-07,0.26671,5.43274e-08,-2.09412e-07,5.43274e-08,0.26671,0.401697,-6.23895e-08,0.401697,1.1692e-07,-4.56979e-09,-6.23895e-08,-4.56979e-09,5.95346e-08,0.401697,-8.72003e-08,4.56485e-08,-3.67171e-08,0.401697,-3.67171e-08,2.26067e-10,0.401697,1.1692e-07,-4.56979e-09,-6.23895e-08,-4.56979e-09,5.95346e-08,0.916487,5.73277e-09,5.99588e-08,5.73277e-09,0.266711,0.401697,9.81361e-08,0.401697,1.14716e-07,0.401697,-3.67171e-08,2.26067e-10,0.401697,1.14716e-07,0.916487
0.317557,0.673413,2.83321e-07,2.15768e-08,2.83321e-07,0.206032,3.35163e-09,2.15768e-08,3.35163e-09,0.206033,0.305308,-2.35774e-08,0.305308,2.47683e-08,-8.3626e-08,-2.35774e-08,-8.3626e-08,-4.81853e-07,0.305308,-3.77095e-08,2.40508e-07,2.56483e-08,0.305308,2.56483e-08,1.25425e-08,0.305308,2.47683e-08,-8.3626e-08,-2.35774e-08,-8.3626e-08,-4.81853e-07,0.673413,-3.55228e-07,-1.4024e-07,-3.55228e-07,0.206032,0.305308,-6.17565e-08,0.305308,-3.66563e-07,0.305308,2.56483e-08,1.25425e-08,0.305308,-3.66563e-07,0.673413
0.272338,0.423054,4.58332e-07,2.65398e-07,4.58332e-07,0.138634,-1.76497e-07,2.65398e-07,-1.76497e-07,0.138633,0.194781,-3.88414e-07,0.194781,-4.01834e-09,2.02983e-07,-3.88414e-07,2.02983e-07,-3.75272e-07,0.194781,-3.58539e-07,-1.45381e-07,-3.4025e-07,0.194781,-3.4025e-07,1.89815e-07,0.194781,-4.01834e-09,2.02983e-07,-3.88414e-07,2.02983e-07,-3.75272e-07,0.423052,-3.6037e-07,-3.52081e-07,-3.6037e-07,0.138634,0.194781,-2.08791e-07,0.194781,-3.36052e-08,0.194781,-3.4025e-07,1.89815e-07,0.194781,-3.36052e-08,0.423053
0.227119,0.261061,9.71779e-09,-1.30279e-07,9.71779e-09,0.0984203,-1.07957e-07,-1.30279e-07,-1.07957e-07,0.0984193,0.124456,2.8984e-08,0.124456,-7.88217e-08,3.87587e-07,2.8984e-08,3.87587e-07,5.17884e-07,0.124456,2.64789e-08,-1.78925e-07,-3.36902e-07,0.124456,-3.36902e-07,1.1865e-07,0.124456,-7.88217e-08,3.87587e-07,2.8984e-08,3.87587e-07,5.17884e-07,0.26106,1.19146e-07,-2.54164e-08,1.19146e-07,0.0984209,0.124456,4.26298e-07,0.124456,2.1928e-07,0.124456,-3.36902e-07,1.1865e-07,0.124456,2.1928e-07,0.26106
0.1819,0.164856,-5.61245e-07,-9.86359e-08,-5.61245e-07,0.0677216,1.0778e-07,-9.86359e-08,1.0778e-07,0.0677206,0.0785988,-1.35854e-07,0.0785988,-3.23099e-07,3.86994e-07,-1.35854e-07,3.86994e-07,5.39894e-07,0.0785991,2.41368e-07,4.71822e-07,1.34152e-07,0.0785991,1.34152e-07,6.7459e-08,0.0785988,-3.23099e-07,3.86994e-07,-1.35854e-07,3.86994e-07,5.39894e-07,0.164856,2.19148e-07,3.07283e-07,2.19148e-07,0.0677211,0.0785989,2.16568e-08,0.0785989,5.25579e-07,0.0785991,1.34152e-07,6.7459e-08,0.0785989,5.25579e-07,0.164856
0.136681,0.0840736,-3.45034e-07,-1.24573e-08,-3.45034e-07,0.0371481,6.35826e-09,-1.24573e-08,6.35826e-09,0.0371483,0.0392434,3.00316e-07,0.0392434,-1.18125e-08,1.99368e-07,3.00316e-07,1.99368e-07,-5.05629e-07,0.0392435,2.79561e-07,-1.45224e-07,-1.68203e-07,0.0392435,-1.68203e-07,2.49536e-07,0.0392434,-1.18125e-08,1.99368e-07,3.00316e-07,1.99368e-07,-5.05629e-07,0.0840742,-4.86178e-08,-1.45439e-10,-4.86178e-08,0.037148,0.0392436,-8.6106e-08,0.0392436,-5.6144e-08,0.0392435,-1.68203e-07,2.49536e-07,0.0392436,-5.6144e-08,0.0840741
0.441461,1.16528,3.13303e-08,1.41409e-08,3.13303e-08,0.332106,-2.98626e-08,1.41409e-08,-2.98626e-08,0.332106,0.498916,-2.01434e-08,0.498916,2.26234e-08,5.45922e-08,-2.01434e-08,5.45922e-08,3.697e-08,0.498915,-4.63619e-08,-7.45354e-08,-1.40605e-08,0.498915,-1.40605e-08,2.93335e-09,0.498916,2.26234e-08,5.45922e-08,-2.01434e-08,5.45922e-08,3.697e-08,1.16528,1.37335e-07,-1.21953e-08,1.37335e-07,0.332107,0.498915,-2.47158e-08,0.498915,5.6783e-08,0.498915,-1.40605e-08,2.93335e-09,0.498915,5.6783e-08,1.16528
0.396242,1.03364,1.65199e-07,-5.3234e-08,1.65199e-07,0.29699,3.01941e-08,-5.3234e-08,3.01941e-08,0.296989,0.44678,-8.06141e-08,0.44678,1.16306e-07,9.87108e-08,-8.06141e-08,9.87108e-08,7.88711e-08,0.44678,-9.15749e-08,-6.59742e-08,-6.42318e-08,0.44678,-6.42318e-08,2.93591e-08,0.44678,1.16306e-07,9.87108e-08,-8.06141e-08,9.87108e-08,7.88711e-08,1.03364,1.43611e-07,8.53457e-08,1.43611e-07,0.296991,0.44678,3.59665e-08,0.44678,7.631e-08,0.44678,-6.42318e-08,2.93591e-08,0.44678,7.631e-08,1.03364
0.351023,0.838354,2.55701e-07,-2.34326e-07,2.55701e-07,0.24913,6.21509e-08,-2.34326e-07,6.21509e-08,0.24913,0.37241,-2.04678e-09,0.37241,1.60601e-07,-5.00914e-08,-2.04678e-09,-5.00914e-08,3.38878e-08,0.37241,-4.24624e-09,1.18674e-07,-1.16554e-08,0.37241,-1.16554e-08,1.13767e-08,0.37241,1.60601e-07,-5.00914e-08,-2.04678e-09,-5.00914e-08,3.38878e-08,0.838354,-1.0678e-07,8.1344e-08,-1.0678e-07,0.24913,0.37241,1.32446e-07,0.37241,3.81222e-08,0.37241,-1.16554e-08,1.13767e-08,0.37241,3.81222e-08,0.838354
0.305804,0.544223,3.06881e-07,3.27764e-07,3.06881e-07,0.176266,-7.89343e-10,3.27764e-07,-7.89343e-10,0.176269,0.254055,-3.20571e-07,0.254055,-5.99411e-07,-1.46863e-08,-3.20571e-07,-1.46863e-08,-5.36779e-07,0.254055,-3.95834e-07,-2.09391e-07,-1.17474e-07,0.254055,-1.17474e-07,2.27379e-07,0.254055,-5.99411e-07,-1.46863e-08,-3.20571e-07,-1.46863e-08,-5.36779e-07,0.544222,-4.02371e-07,-2.63831e-07,-4.02371e-07,0.176268,0.254055,-1.73493e-07,0.254055,-1.66264e-07,0.254055,-1.17474e-07,2.27379e-07,0.254055,-1.66264e-07,0.544222
0.260585,0.364506,2.28021e-07,2.81052e-07,2.28021e-07,0.127648,-2.59338e-08,2.81052e-07,-2.59338e-08,0.127648,0.173534,-2.36077e-07,0.173534,-2.27371e-07,3.416e-07,-2.36077e-07,3.416e-07,3.59199e-07,0.173534,-1.53397e-07,-2.26947e-07,-4.37409e-07,0.173534,-4.37409e-07,1.90085e-07,0.173534,-2.27371e-07,3.416e-07,-2.36077e-07,3.416e-07,3.59199e-07,0.364506,-3.27475e-07,-3.2258e-07,-3.27475e-07,0.127648,0.173534,-2.36864e-07,0.173534,-1.64397e-07,0.173534,-4.37409e-07,1.90085e-07,0.173534,-1.64397e-07,0.364506
0.215365,0.210114,-2.85242e-07,-5.35644e-08,-2.85242e-07,0.080739,7.45891e-08,-5.35644e-08,7.45891e-08,0.0807374,0.0986728,-1.95728e-07,0.0986728,-1.06034e-07,5.0723e-07,-1.95728e-07,5.0723e-07,5.8536e-07,0.098673,4.07431e-07,-3.07211e-08,1.82675e-08,0.098673,1.82675e-08,1.57511e-07,0.0986728,-1.06034e-07,5.0723e-07,-1.95728e-07,5.0723e-07,5.8536e-07,0.210114,1.33756e-07,-3.85813e-08,1.33756e-07,0.0807389,0.0986725,2.0281e-07,0.0986725,1.69224e-07,0.098673,1.82675e-08,1.57511e-07,0.0986725,1.69224e-07,0.210114
0.170146,0.126402,-3.07036e-07,1.10879e-07,-3.07036e-07,0.054975,-5.19483e-08,1.10879e-07,-5.19483e-08,0.0549745,0.0616083,6.53022e-09,0.0616083,-1.70379e-07,3.10684e-07,6.53022e-09,3.10684e-07,1.40747e-07,0.0616087,1.28751e-08,-2.04413e-07,-6.70757e-08,0.0616087,-6.70757e-08,1.44832e-07,0.0616083,-1.70379e-07,3.10684e-07,6.53022e-09,3.10684e-07,1.40747e-07,0.126403,2.74514e-07,6.5894e-08,2.74514e-07,0.0549749,0.0616086,-3.59104e-08,0.0616086,5.66523e-07,0.0616087,-6.70757e-08,1.44832e-07,0.0616086,5.66523e-07,0.126403
0.124927,0.0519367,-1.059e-08,-2.12185e-07,-1.059e-08,0.0248186,1.04479e-07,-2.12185e-07,1.04479e-07,0.0248191,0.0253704,7.63374e-09,0.0253704,-1.53191e-07,6.79247e-08,7.63374e-09,6.79247e-08,-1.33168e-07,0.0253705,5.72067e-08,-2.69055e-07,-6.73889e-08,0.0253705,-6.73889e-08,1.96921e-08,0.0253704,-1.53191e-07,6.79247e-08,7.63374e-09,6.79247e-08,-1.33168e-07,0.0519366,8.93521e-08,7.00736e-08,8.93521e-08,0.0248187,0.0253705,-5.23859e-08,0.0253705,6.67189e-08,0.0253705,-6.73889e-08,1.96921e-08,0.0253705,6.67189e-08,0.0519366
0.429708,1.16528,3.13303e-08,1.41409e-08,3.13303e-08,0.332106,-2.98626e-08,1.41409e-08,-2.98626e-08,0.332106,0.498916,-2.01434e-08,0.498916,2.26234e-08,5.45922e-08,-2.01434e-08,5.45922e-08,3.697e-08,0.498915,-4.63619e-08,-7.45354e-08,-1.40605e-08,0.498915,-1.40605e-08,2.93335e-09,0.498916,2.26234e-08,5.45922e-08,-2.01434e-08,5.45922e-08,3.697e-08,1.16528,1.37335e-07,-1.21953e-08,1.37335e-07,0.332107,0.498915,-2.47158e-08,0.498915,5.6783e-08,0.498915,-1.40605e-08,2.93335e-09,0.498915,5.6783e-08,1.16528
0.384489,0.989919,2.12686e-07,-9.82704e-08,2.12686e-07,0.285764,-1.63464e-09,-9.82704e-08,-1.63464e-09,0.285765,0.430522,-7.05608e-08,0.430522,1.42295e-07,-1.53133e-08,-7.05608e-08,-1.53133e-08,8.51035e-08,0.430522,-1.027e-07,-4.51747e-08,-3.97938e-09,0.430522,-3.97938e-09,-3.69857e-09,0.430522,1.42295e-07,-1.53133e-08,-7.05608e-08,-1.53133e-08,8.51035e-08,0.989919,-2.10244e-08,6.79487e-08,-2.10244e-08,0.285765,0.430522,2.20211e-08,0.430522,1.82189e-07,0.430522,-3.97938e-09,-3.69857e-09,0.430522,1.82189e-07,0.989919
0.339269,0.736144,1.59553e-07,-4.72598e-08,1.59553e-07,0.221211,4.44328e-09,-4.72598e-08,4.44328e-09,0.221212,0.330971,1.29953e-08,0.330971,5.17781e-08,-7.49223e-08,1.29953e-08,-7.49223e-08,-3.92548e-07,0.330971,1.82457e-09,2.04569e-07,5.79699e-08,0.330971,5.79699e-08,8.11887e-09,0.330971,5.17781e-08,-7.49223e-08,1.29953e-08,-7.49223e-08,-3.92548e-07,0.736144,-3.54283e-07,-4.38045e-08,-3.54283e-07,0.221211,0.330971,7.64692e-09,0.330971,-2.8744e-07,0.330971,5.79699e-08,8.11887e-09,0.330971,-2.8744e-07,0.736144
0.29405,0.517335,3.39085e-07,2.92425e-07,3.39085e-07,0.167623,-6.46621e-08,2.92425e-07,-6.46621e-08,0.167624,0.241304,-3.70913e-07,0.241304,-2.70268e-07,1.36286e-08,-3.70913e-07,1.36286e-08,-6.59171e-07,0.241304,-4.76944e-07,-3.32628e-07,-1.28953e-07,0.241304,-1.28953e-07,2.89698e-07,0.241304,-2.70268e-07,1.36286e-08,-3.70913e-07,1.36286e-08,-6.59171e-07,0.517334,-4.54062e-07,-2.87388e-07,-4.54062e-07,0.167624,0.241304,-2.75106e-07,0.241304,-2.22659e-07,0.241304,-1.28953e-07,2.89698e-07,0.241304,-2.22659e-07,0.517335
0.248831,0.336971,3.72092e-07,3.80641e-07,3.72092e-07,0.118807,1.94136e-07,3.80641e-07,1.94136e-07,0.118806,0.159174,-1.6464e-07,0.159174,-1.98629e-07,3.08147e-07,-1.6464e-07,3.08147e-07,2.5428e-07,0.159174,-1.56798e-07,-1.79653e-07,-3.20525e-07,0.159174,-3.20525e-07,1.88433e-07,0.159174,-1.98629e-07,3.08147e-07,-1.6464e-07,3.08147e-07,2.5428e-07,0.336971,-1.38995e-07,-2.95408e-07,-1.38995e-07,0.118807,0.159175,-1.34745e-08,0.159175,-1.89573e-07,0.159174,-3.20525e-07,1.88433e-07,0.159175,-1.89573e-07,0.336972
0.203612,0.187535,-5.77438e-07,-2.44391e-07,-5.77438e-07,0.0733647,1.70475e-07,-2.44391e-07,1.70475e-07,0.0733632,0.0873752,-1.08431e-07,0.0873752,-1.23269e-07,4.74594e-07,-1.08431e-07,4.74594e-07,5.03632e-07,0.0873755,4.91494e-07,2.64182e-07,1.26099e-07,0.0873755,1.26099e-07,-4.9764e-09,0.0873752,-1.23269e-07,4.74594e-07,-1.08431e-07,4.74594e-07,5.03632e-07,0.187535,2.53064e-07,2.97986e-07,2.53064e-07,0.0733641,0.0873754,5.97345e-08,0.0873754,3.53554e-07,0.0873755,1.26099e-07,-4.9764e-09,0.0873754,3.53554e-07,0.187535
0.158393,0.0918008,-2.84429e-07,-9.07326e-08,-2.84429e-07,0.041319,1.82388e-08,-9.07326e-08,1.82388e-08,0.0413195,0.044073,2.96407e-07,0.044073,-1.35435e-07,2.25846e-07,2.96407e-07,2.25846e-07,-4.56919e-07,0.0440732,2.39609e-07,1.85313e-08,-2.04935e-07,0.0440732,-2.04935e-07,5.99149e-08,0.044073,-1.35435e-07,2.25846e-07,2.96407e-07,2.25846e-07,-4.56919e-07,0.091802,6.29211e-08,-3.12901e-08,6.29211e-08,0.0413192,0.0440732,-1.60724e-07,0.0440732,2.3817e-07,0.0440732,-2.04935e-07,5.99149e-08,0.0440732,2.3817e-07,0.0918022
0.113174,0.0519367,-1.059e-08,-2.12185e-07,-1.059e-08,0.0248186,1.04479e-07,-2.12185e-07,1.04479e-07,0.0248191,0.0253704,7.63374e-09,0.0253704,-1.53191e-07,6.79247e-08,7.63374e-09,6.79247e-08,-1.33168e-07,0.0253705,5.72067e-08,-2.69055e-07,-6.73889e-08,0.0253705,-6.73889e-08,1.96921e-08,0.0253704,-1.53191e-07,6.79247e-08,7.63374e-09,6.79247e-08,-1.33168e-07,0.0519366,8.93521e-08,7.00736e-08,8.93521e-08,0.0248187,0.0253705,-5.23859e-08,0.0253705,6.67189e-08,0.0253705,-6.73889e-08,1.96921e-08,0.0253705,6.67189e-08,0.0519366
0.417954,1.14103,5.72757e-08,-1.40236e-08,5.72757e-08,0.324977,-2.22672e-08,-1.40236e-08,-2.22672e-08,0.324977,0.489245,-5.03492e-08,0.489245,3.4962e-08,7.89773e-08,-5.03492e-08,7.89773e-08,2.67783e-08,0.489245,-4.64475e-08,-7.51886e-08,-2.33453e-08,0.489245,-2.33453e-08,1.51414e-08,0.489245,3.4962e-08,7.89773e-08,-5.03492e-08,7.89773e-08,2.67783e-08,1.14103,1.62779e-07,2.42896e-08,1.62779e-07,0.324978,0.489245,2.01611e-08,0.489245,3.98594e-08,0.489245,-2.33453e-08,1.51414e-08,0.489245,3.98594e-08,1.14103
0.372735,0.966929,1.99152e-07,-1.06297e-07,1.99152e-07,0.279417,-6.59364e-10,-1.06297e-07,-6.59364e-10,0.279417,0.421528,-7.47895e-08,0.421528,9.54423e-08,-1.63225e-08,-7.47895e-08,-1.63225e-08,7.92364e-08,0.421528,-1.21936e-07,9.56348e-09,-2.51243e-08,0.421528,-2.51243e-08,-6.94174e-09,0.421528,9.54423e-08,-1.63225e-08,-7.47895e-08,-1.63225e-08,7.92364e-08,0.966929,-2.27047e-08,4.12859e-08,-2.27047e-08,0.279417,0.421528,8.70712e-09,0.421528,1.64903e-07,0.421528,-2.51243e-08,-6.94174e-09,0.421528,1.64903e-07,0.966929
0.327516,0.704711,8.89649e-08,-3.34247e-08,8.89649e-08,0.21247,-4.98058e-08,-3.34247e-08,-4.98058e-08,0.212471,0.317261,-1.95722e-09,0.317261,3.81472e-08,-3.55154e-08,-1.95722e-09,-3.55154e-08,-5.0057e-07,0.317261,-1.43074e-08,2.16395e-07,-3.31006e-08,0.317261,-3.31006e-08,3.87306e-08,0.317261,3.81472e-08,-3.55154e-08,-1.95722e-09,-3.55154e-08,-5.0057e-07,0.704711,-3.59012e-07,-6.08585e-08,-3.59012e-07,0.21247,0.317261,-2.24959e-08,0.317261,-3.65157e-07,0.317261,-3.31006e-08,3.87306e-08,0.317261,-3.65157e-07,0.704711
0.282297,0.494644,2.21701e-07,3.18243e-07,2.21701e-07,0.159054,-2.02243e-07,3.18243e-07,-2.02243e-07,0.159055,0.228403,-3.60945e-07,0.228403,-2.0591e-07,4.80195e-08,-3.60945e-07,4.80195e-08,-3.71301e-08,0.228403,-3.71274e-07,-4.01483e-07,-2.12352e-07,0.228403,-2.12352e-07,2.35681e-07,0.228403,-2.0591e-07,4.80195e-08,-3.60945e-07,4.80195e-08,-3.71301e-08,0.494643,-2.81667e-07,-4.33275e-07,-2.81667e-07,0.159055,0.228403,-3.03566e-07,0.228403,9.2342e-08,0.228403,-2.12352e-07,2.35681e-07,0.228403,9.2342e-08,0.494643
0.237078,0.311099,3.3488e-07,3.5098e-07,3.3488e-07,0.113615,1.05623e-07,3.5098e-07,1.05623e-07,0.113615,0.14947,-1.10596e-07,0.14947,-2.27441e-07,3.4063e-07,-1.10596e-07,3.4063e-07,3.12741e-07,0.14947,-9.67596e-08,-1.21688e-07,-4.11233e-07,0.14947,-4.11233e-07,1.61229e-07,0.14947,-2.27441e-07,3.4063e-07,-1.10596e-07,3.4063e-07,3.12741e-07,0.3111,-6.24446e-08,-2.6863e-07,-6.24446e-08,0.113616,0.149471,-1.63318e-09,0.149471,-1.76076e-07,0.14947,-4.11233e-07,1.61229e-07,0.149471,-1.76076e-07,0.3111
0.191858,0.164856,-5.61245e-07,-9.86359e-08,-5.61245e-07,0.0677216,1.0778e-07,-9.86359e-08,1.0778e-07,0.0677206,0.0785988,-1.35854e-07,0.0785988,-3.23099e-07,3.86994e-07,-1.35854e-07,3.86994e-07,5.39894e-07,0.0785991,2.41368e-07,4.71822e-07,1.34152e-07,0.0785991,1.34152e-07,6.7459e-08,0.0785988,-3.23099e-07,3.86994e-07,-1.35854e-07,3.86994e-07,5.39894e-07,0.164856,2.19148e-07,3.07283e-07,2.19148e-07,0.0677211,0.0785989,2.16568e-08,0.0785989,5.25579e-07,0.0785991,1.34152e-07,6.7459e-08,0.0785989,5.25579e-07,0.164856
0.146639,0.0840736,-3.45034e-07,-1.24573e-08,-3.45034e-07,0.0371481,6.35826e-09,-1.24573e-08,6.35826e-09,0.0371483,0.0392434,3.00316e-07,0.0392434,-1.18125e-08,1.99368e-07,3.00316e-07,1.99368e-07,-5.05629e-07,0.0392435,2.79561e-07,-1.45224e-07,-1.68203e-07,0.0392435,-1.68203e-07,2.49536e-07,0.0392434,-1.18125e-08,1.99368e-07,3.00316e-07,1.99368e-07,-5.05629e-07,0.0840742,-4.86178e-08,-1.45439e-10,-4.86178e-08,0.037148,0.0392436,-8.6106e-08,0.0392436,-5.6144e-08,0.0392435,-1.68203e-07,2.49536e-07,0.0392436,-5.6144e-08,0.0840741
0.10142,0.0382465,-5.8275e-08,-7.41829e-08,-5.8275e-08,0.0181721,2.63409e-08,-7.41829e-08,2.63409e-08,0.0181719,0.0182847,1.94463e-08,0.0182847,7.7086e-08,-7.57211e-08,1.94463e-08,-7.57211e-08,-6.05818e-08,0.0182849,-1.09007e-07,6.55496e-09,-2.36174e-08,0.0182849,-2.36174e-08,-7.978e-08,0.0182847,7.7086e-08,-7.57211e-08,1.94463e-08,-7.57211e-08,-6.05818e-08,0.0382465,-8.8898e-08,7.23672e-08,-8.8898e-08,0.0181719,0.0182847,2.39884e-08,0.0182847,1.41723e-07,0.0182849,-2.36174e-08,-7.978e-08,0.0182847,1.41723e-07,0.0382466
0.406201,1.06589,9.29114e-08,-4.18743e-08,9.29114e-08,0.304467,3.82353e-08,-4.18743e-08,3.82353e-08,0.304466,0.459915,-5.51833e-08,0.459915,1.05064e-07,1.06007e-07,-5.51833e-08,1.06007e-07,3.27748e-08,0.459915,-6.30361e-08,-5.94527e-08,-6.15412e-08,0.459915,-6.15412e-08,4.54377e-08,0.459915,1.05064e-07,1.06007e-07,-5.51833e-08,1.06007e-07,3.27748e-08,1.06589,1.70752e-07,4.70624e-08,1.70752e-07,0.304468,0.459915,6.9275e-09,0.459915,-1.98108e-08,0.459915,-6.15412e-08,4.54377e-08,0.459915,-1.98108e-08,1.06589
0.360982,0.916487,2.47827e-07,-2.09412e-07,2.47827e-07,0.26671,5.43274e-08,-2.09412e-07,5.43274e-08,0.26671,0.401697,-6.23895e-08,0.401697,1.1692e-07,-4.56979e-09,-6.23895e-08,-4.56979e-09,5.95346e-08,0.401697,-8.72003e-08,4.56485e-08,-3.67171e-08,0.401697,-3.67171e-08,2.26067e-10,0.401697,1.1692e-07,-4.56979e-09,-6.23895e-08,-4.56979e-09,5.95346e-08,0.916487,5.73277e-09,5.99588e-08,5.73277e-09,0.266711,0.401697,9.81361e-08,0.401697,1.14716e-07,0.401697,-3.67171e-08,2.26067e-10,0.401697,1.14716e-07,0.916487
0.315762,0.673413,2.83321e-07,2.15768e-08,2.83321e-07,0.206032,3.35163e-09,2.15768e-08,3.35163e-09,0.206033,0.305308,-2.35774e-08,0.305308,2.47683e-08,-8.3626e-08,-2.35774e-08,-8.3626e-08,-4.81853e-07,0.305308,-3.77095e-08,2.40508e-07,2.56483e-08,0.305308,2.56483e-08,1.25425e-08,0.305308,2.47683e-08,-8.3626e-08,-2.35774e-08,-8.3626e-08,-4.81853e-07,0.673413,-3.55228e-07,-1.4024e-07,-3.55228e-07,0.206032,0.305308,-6.17565e-08,0.305308,-3.66563e-07,0.305308,2.56483e-08,1.25425e-08,0.305308,-3.66563e-07,0.673413
0.270543,0.391782,4.52714e-07,2.4034e-07,4.52714e-07,0.131707,-2.07485e-07,2.4034e-07,-2.07485e-07,0.131706,0.181803,-3.37731e-07,0.181803,-2.21199e-08,3.6116e-07,-3.37731e-07,3.6116e-07,3.66148e-07,0.181804,-2.60811e-07,-1.13643e-07,-4.82358e-07,0.181804,-4.82358e-07,6.7231e-08,0.181803,-2.21199e-08,3.6116e-07,-3.37731e-07,3.6116e-07,3.66148e-07,0.391782,-3.68441e-07,-2.64359e-07,-3.68441e-07,0.131707,0.181803,-2.53527e-07,0.181803,-1.68717e-07,0.181804,-4.82358e-07,6.7231e-08,0.181803,-1.68717e-07,0.391782
0.225324,0.261061,9.71779e-09,-1.30279e-07,9.71779e-09,0.0984203,-1.07957e-07,-1.30279e-07,-1.07957e-07,0.0984193,0.124456,2.8984e-08,0.124456,-7.88217e-08,3.87587e-07,2.8984e-08,3.87587e-07,5.17884e-07,0.124456,2.64789e-08,-1.78925e-07,-3.36902e-07,0.124456,-3.36902e-07,1.1865e-07,0.124456,-7.88217e-08,3.87587e-07,2.8984e-08,3.87587e-07,5.17884e-07,0.26106,1.19146e-07,-2.54164e-08,1.19146e-07,0.0984209,0.124456,4.26298e-07,0.124456,2.1928e-07,0.124456,-3.36902e-07,1.1865e-07,0.124456,2.1928e-07,0.26106
0.180105,0.164856,-5.61245e-07,-9.86359e-08,-5.61245e-07,0.0677216,1.0778e-07,-9.86359e-08,1.0778e-07,0.0677206,0.0785988,-1.35854e-07,0.0785988,-3.23099e-07,3.86994e-07,-1.35854e-07,3.86994e-07,5.39894e-07,0.0785991,2.41368e-07,4.71822e-07,1.34152e-07,0.0785991,1.34152e-07,6.7459e-08,0.0785988,-3.23099e-07,3.86994e-07,-1.35854e-07,3.86994e-07,5.39894e-07,0.164856,2.19148e-07,3.07283e-07,2.19148e-07,0.0677211,0.0785989,2.16568e-08,0.0785989,5.25579e-07,0.0785991,1.34152e-07,6.7459e-08,0.0785989,5.25579e-07,0.164856
0.134886,0.0677711,-2.09579e-07,-8.68479e-08,-2.09579e-07,0.0314462,2.23153e-07,-8.68479e-08,2.23153e-07,0.0314469,0.0330134,1.79248e-07,0.0330134,1.67973e-07,2.67023e-07,1.79248e-07,2.67023e-07,-7.26568e-07,0.0330135,1.58314e-07,-2.8179e-07,-1.78189e-08,0.0330135,-1.78189e-08,2.13699e-08,0.0330134,1.67973e-07,2.67023e-07,1.79248e-07,2.67023e-07,-7.26568e-07,0.0677715,-6.035e-08,8.3159e-08,-6.035e-08,0.0314466,0.0330135,-1.13369e-08,0.0330135,3.52524e-07,0.0330135,-1.78189e-08,2.13699e-08,0.0330135,3.52524e-07,0.0677711
0.439666,1.16528,3.13303e-08,1.41409e-08,3.13303e-08,0.332106,-2.98626e-08,1.41409e-08,-2.98626e-08,0.332106,0.498916,-2.01434e-08,0.498916,2.26234e-08,5.45922e-08,-2.01434e-08,5.45922e-08,3.697e-08,0.498915,-4.63619e-08,-7.45354e-08,-1.40605e-08,0.498915,-1.40605e-08,2.93335e-09,0.498916,2.26234e-08,5.45922e-08,-2.01434e-08,5.45922e-08,3.697e-08,1.16528,1.37335e-07,-1.21953e-08,1.37335e-07,0.332107,0.498915,-2.47158e-08,0.498915,5.6783e-08,0.498915,-1.40605e-08,2.93335e-09,0.498915,5.6783e-08,1.16528
0.394447,1.03364,1.65199e-07,-5.3234e-08,1.65199e-07,0.29699,3.01941e-08,-5.3234e-08,3.01941e-08,0.296989,0.44678,-8.06141e-08,0.44678,1.16306e-07,9.87108e-08,-8.06141e-08,9.87108e-08,7.88711e-08,0.44678,-9.15749e-08,-6.59742e-08,-6.42318e-08,0.44678,-6.42318e-08,2.93591e-08,0.44678,1.16306e-07,9.87108e-08,-8.06141e-08,9.87108e-08,7.88711e-08,1.03364,1.43611e-07,8.53457e-08,1.43611e-07,0.296991,0.44678,3.59665e-08,0.44678,7.631e-08,0.44678,-6.42318e-08,2.93591e-08,0.44678,7.631e-08,1.03364
0.349228,0.838354,2.55701e-07,-2.34326e-07,2.55701e-07,0.24913,6.21509e-08,-2.34326e-07,6.21509e-08,0.24913,0.37241,-2.04678e-09,0.37241,1.60601e-07,-5.00914e-08,-2.04678e-09,-5.00914e-08,3.38878e-08,0.37241,-4.24624e-09,1.18674e-07,-1.16554e-08,0.37241,-1.16554e-08,1.13767e-08,0.37241,1.60601e-07,-5.00914e-08,-2.04678e-09,-5.00914e-08,3.38878e-08,0.838354,-1.0678e-07,8.1344e-08,-1.0678e-07,0.24913,0.37241,1.32446e-07,0.37241,3.81222e-08,0.37241,-1.16554e-08,1.13767e-08,0.37241,3.81222e-08,0.838354
0.304009,0.544223,3.06881e-07,3.27764e-07,3.06881e-07,0.176266,-7.89343e-10,3.27764e-07,-7.89343e-10,0.176269,0.254055,-3.20571e-07,0.254055,-5.99411e-07,-1.46863e-08,-3.20571e-07,-1.46863e-08,-5.36779e-07,0.254055,-3.95834e-07,-2.09391e-07,-1.17474e-07,0.254055,-1.17474e-07,2.27379e-07,0.254055,-5.99411e-07,-1.46863e-08,-3.20571e-07,-1.46863e-08,-5.36779e-07,0.544222,-4.02371e-07,-2.63831e-07,-4.02371e-07,0.176268,0.254055,-1.73493e-07,0.254055,-1.66264e-07,0.254055,-1.17474e-07,2.27379e-07,0.254055,-1.66264e-07,0.544222
0.25879,0.364506,2.28021e-07,2.81052e-07,2.28021e-07,0.127648,-2.59338e-08,2.81052e-07,-2.59338e-08,0.127648,0.173534,-2.36077e-07,0.173534,-2.27371e-07,3.416e-07,-2.36077e-07,3.416e-07,3.59199e-07,0.173534,-1.53397e-07,-2.26947e-07,-4.37409e-07,0.173534,-4.37409e-07,1.90085e-07,0.173534,-2.27371e-07,3.416e-07,-2.36077e-07,3.416e-07,3.59199e-07,0.364506,-3.27475e-07,-3.2258e-07,-3.27475e-07,0.127648,0.173534,-2.36864e-07,0.173534,-1.64397e-07,0.173534,-4.37409e-07,1.90085e-07,0.173534,-1.64397e-07,0.364506
0.21357,0.210114,-2.85242e-07,-5.35644e-08,-2.85242e-07,0.080739,7.45891e-08,-5.35644e-08,7.45891e-08,0.0807374,0.0986728,-1.95728e-07,0.0986728,-1.06034e-07,5.0723e-07,-1.95728e-07,5.0723e-07,5.8536e-07,0.098673,4.07431e-07,-3.07211e-08,1.82675e-08,0.098673,1.82675e-08,1.57511e-07,0.0986728,-1.06034e-07,5.0723e-07,-1.95728e-07,5.0723e-07,5.8536e-07,0.210114,1.33756e-07,-3.85813e-08,1.33756e-07,0.0807389,0.0986725,2.0281e-07,0.0986725,1.69224e-07,0.098673,1.82675e-08,1.57511e-07,0.0986725,1.69224e-07,0.210114
0.168351,0.126402,-3.07036e-07,1.10879e-07,-3.07036e-07,0.054975,-5.19483e-08,1.10879e-07,-5.19483e-08,0.0549745,0.0616083,6.53022e-09,0.0616083,-1.70379e-07,3.10684e-07,6.53022e-09,3.10684e-07,1.40747e-07,0.0616087,1.28751e-08,-2.04413e-07,-6.70757e-08,0.0616087,-6.70757e-08,1.44832e-07,0.0616083,-1.70379e-07,3.10684e-07,6.53022e-09,3.10684e-07,1.40747e-07,0.126403,2.74514e-07,6.5894e-08,2.74514e-07,0.0549749,0.0616086,-3.59104e-08,0.0616086,5.66523e-07,0.0616087,-6.70757e-08,1.44832e-07,0.0616086,5.66523e-07,0.126403
0.123132,0.0519367,-1.059e-08,-2.12185e-07,-1.059e-08,0.0248186,1.04479e-07,-2.12185e-07,1.04479e-07,0.0248191,0.0253704,7.63374e-09,0.0253704,-1.53191e-07,6.79247e-08,7.63374e-09,6.79247e-08,-1.33168e-07,0.0253705,5.72067e-08,-2.69055e-07,-6.73889e-08,0.0253705,-6.73889e-08,1.96921e-08,0.0253704,-1.53191e-07,6.79247e-08,7.63374e-09,6.79247e-08,-1.33168e-07,0.0519366,8.93521e-08,7.00736e-08,8.93521e-08,0.0248187,0.0253705,-5.23859e-08,0.0253705,6.67189e-08,0.0253705,-6.73889e-08,1.96921e-08,0.0253705,6.67189e-08,0.0519366
0.427913,1.16528,3.13303e-08,1.41409e-08,3.13303e-08,0.332106,-2.98626e-08,1.41409e-08,-2.98626e-08,0.332106,0.498916,-2.01434e-08,0.498916,2.26234e-08,5.45922e-08,-2.01434e-08,5.45922e-08,3.697e-08,0.498915,-4.63619e-08,-7.45354e-08,-1.40605e-08,0.498915,-1.40605e-08,2.93335e-09,0.498916,2.26234e-08,5.45922e-08,-2.01434e-08,5.45922e-08,3.697e-08,1.16528,1.37335e-07,-1.21953e-08,1.37335e-07,0.332107,0.498915,-2.47158e-08,0.498915,5.6783e-08,0.498915,-1.40605e-08,2.93335e-09,0.498915,5.6783e-08,1.16528
0.382694,0.989919,2.12686e-07,-9.82704e-08,2.12686e-07,0.285764,-1.63464e-09,-9.82704e-08,-1.63464e-09,0.285765,0.430522,-7.05608e-08,0.430522,1.42295e-07,-1.53133e-08,-7.05608e-08,-1.53133e-08,8.51035e-08,0.430522,-1.027e-07,-4.51747e-08,-3.97938e-09,0.430522,-3.97938e-09,-3.69857e-09,0.430522,1.42295e-07,-1.53133e-08,-7.05608e-08,-1.53133e-08,8.51035e-08,0.989919,-2.10244e-08,6.79487e-08,-2.10244e-08,0.285765,0.430522,2.20211e-08,0.430522,1.82189e-07,0.430522,-3.97938e-09,-3.69857e-09,0.430522,1.82189e-07,0.989919
0.337475,0.736144,1.59553e-07,-4.72598e-08,1.59553e-07,0.221211,4.44328e-09,-4.72598e-08,4.44328e-09,0.221212,0.330971,1.29953e-08,0.330971,5.17781e-08,-7.49223e-08,1.29953e-08,-7.49223e-08,-3.92548e-07,0.330971,1.82457e-09,2.04569e-07,5.79699e-08,0.330971,5.79699e-08,8.11887e-09,0.330971,5.17781e-08,-7.49223e-08,1.29953e-08,-7.49223e-08,-3.92548e-07,0.736144,-3.54283e-07,-4.38045e-08,-3.54283e-07,0.221211,0.330971,7.64692e-09,0.330971,-2.8744e-07,0.330971,5.79699e-08,8.11887e-09,0.330971,-2.8744e-07,0.736144
0.292255,0.517335,3.39085e-07,2.92425e-07,3.39085e-07,0.167623,-6.46621e-08,2.92425e-07,-6.46621e-08,0.167624,0.241304,-3.70913e-07,0.241304,-2.70268e-07,1.36286e-08,-3.70913e-07,1.36286e-08,-6.59171e-07,0.241304,-4.76944e-07,-3.32628e-07,-1.28953e-07,0.241304,-1.28953e-07,2.89698e-07,0.241304,-2.70268e-07,1.36286e-08,-3.70913e-07,1.36286e-08,-6.59171e-07,0.517334,-4.54062e-07,-2.87388e-07,-4.54062e-07,0.167624,0.241304,-2.75106e-07,0.241304,-2.22659e-07,0.241304,-1.28953e-07,2.89698e-07,0.241304,-2.22659e-07,0.517335
0.247036,0.336971,3.72092e-07,3.80641e-07,3.72092e-07,0.118807,1.94136e-07,3.80641e-07,1.94136e-07,0.118806,0.159174,-1.6464e-07,0.159174,-1.98629e-07,3.08147e-07,-1.6464e-07,3.08147e-07,2.5428e-07,0.159174,-1.56798e-07,-1.79653e-07,-3.20525e-07,0.159174,-3.20525e-07,1.88433e-07,0.159174,-1.98629e-07,3.08147e-07,-1.6464e-07,3.08147e-07,2.5428e-07,0.336971,-1.38995e-07,-2.95408e-07,-1.38995e-07,0.118807,0.159175,-1.34745e-08,0.159175,-1.89573e-07,0.159174,-3.20525e-07,1.88433e-07,0.159175,-1.89573e-07,0.336972
0.201817,0.187535,-5.77438e-07,-2.44391e-07,-5.77438e-07,0.0733647,1.70475e-07,-2.44391e-07,1.70475e-07,0.0733632,0.0873752,-1.08431e-07,0.0873752,-1.23269e-07,4.74594e-07,-1.08431e-07,4.74594e-07,5.03632e-07,0.0873755,4.91494e-07,2.64182e-07,1.26099e-07,0.0873755,1.26099e-07,-4.9764e-09,0.0873752,-1.23269e-07,4.74594e-07,-1.08431e-07,4.74594e-07,5.03632e-07,0.187535,2.53064e-07,2.97986e-07,2.53064e-07,0.0733641,0.0873754,5.97345e-08,0.0873754,3.53554e-07,0.0873755,1.26099e-07,-4.9764e-09,0.0873754,3.53554e-07,0.187535
0.156598,0.0918008,-2.84429e-07,-9.07326e-08,-2.84429e-07,0.041319,1.82388e-08,-9.07326e-08,1.82388e-08,0.0413195,0.044073,2.96407e-07,0.044073,-1.35435e-07,2.25846e-07,2.96407e-07,2.25846e-07,-4.56919e-07,0.0440732,2.39609e-07,1.85313e-08,-2.04935e-07,0.0440732,-2.04935e-07,5.99149e-08,0.044073,-1.35435e-07,2.25846e-07,2.96407e-07,2.25846e-07,-4.56919e-07,0.091802,6.29211e-08,-3.12901e-08,6.29211e-08,0.0413192,0.0440732,-1.60724e-07,0.0440732,2.3817e-07,0.0440732,-2.04935e-07,5.99149e-08,0.0440732,2.3817e-07,0.0918022
0.111379,0.0519367,-1.059e-08,-2.12185e-07,-1.059e-08,0.0248186,1.04479e-07,-2.12185e-07,1.04479e-07,0.0248191,0.0253704,7.63374e-09,0.0253704,-1.53191e-07,6.79247e-08,7.63374e-09,6.79247e-08,-1.33168e-07,0.0253705,5.72067e-08,-2.69055e-07,-6.73889e-08,0.0253705,-6.73889e-08,1.96921e-08,0.0253704,-1.53191e-07,6.79247e-08,7.63374e-09,6.79247e-08,-1.33168e-07,0.0519366,8.93521e-08,7.00736e-08,8.93521e-08,0.0248187,0.0253705,-5.23859e-08,0.0253705,6.67189e-08,0.0253705,-6.73889e-08,1.96921e-08,0.0253705,6.67189e-08,0.0519366
0.416159,1.14103,5.72757e-08,-1.40236e-08,5.72757e-08,0.324977,-2.22672e-08,-1.40236e-08,-2.22672e-08,0.324977,0.489245,-5.03492e-08,0.489245,3.4962e-08,7.89773e-08,-5.03492e-08,7.89773e-08,2.67783e-08,0.489245,-4.64475e-08,-7.51886e-08,-2.33453e-08,0.489245,-2.33453e-08,1.51414e-08,0.489245,3.4962e-08,7.89773e-08,-5.03492e-08,7.89773e-08,2.67783e-08,1.14103,1.62779e-07,2.42896e-08,1.62779e-07,0.324978,0.489245,2.01611e-08,0.489245,3.98594e-08,0.489245,-2.33453e-08,1.51414e-08,0.489245,3.98594e-08,1.14103
0.37094,0.966929,1.99152e-07,-1.06297e-07,1.99152e-07,0.279417,-6.59364e-10,-1.06297e-07,-6.59364e-10,0.279417,0.421528,-7.47895e-08,0.421528,9.54423e-08,-1.63225e-08,-7.47895e-08,-1.63225e-08,7.92364e-08,0.421528,-1.21936e-07,9.56348e-09,-2.51243e-08,0.421528,-2.51243e-08,-6.94174e-09,0.421528,9.54423e-08,-1.63225e-08,-7.47895e-08,-1.63225e-08,7.92364e-08,0.966929,-2.27047e-08,4.12859e-08,-2.27047e-08,0.279417,0.421528,8.70712e-09,0.421528,1.64903e-07,0.421528,-2.51243e-08,-6.94174e-09,0.421528,1.64903e-07,0.966929
0.325721,0.704711,8.89649e-08,-3.34247e-08,8.89649e-08,0.21247,-4.98058e-08,-3.34247e-08,-4.98058e-08,0.212471,0.317261,-1.95722e-09,0.317261,3.81472e-08,-3.55154e-08,-1.95722e-09,-3.55154e-08,-5.0057e-07,0.317261,-1.43074e-08,2.16395e-07,-3.31006e-08,0.317261,-3.31006e-08,3.87306e-08,0.317261,3.81472e-08,-3.55154e-08,-1.95722e-09,-3.55154e-08,-5.0057e-07,0.704711,-3.59012e-07,-6.08585e-08,-3.59012e-07,0.21247,0.317261,-2.24959e-08,0.317261,-3.65157e-07,0.317261,-3.31006e-08,3.87306e-08,0.317261,-3.65157e-07,0.704711
0.280502,0.423054,4.58332e-07,2.65398e-07,4.58332e-07,0.138634,-1.76497e-07,2.65398e-07,-1.76497e-07,0.138633,0.194781,-3.88414e-07,0.194781,-4.01834e-09,2.02983e-07,-3.88414e-07,2.02983e-07,-3.75272e-07,0.194781,-3.58539e-07,-1.45381e-07,-3.4025e-07,0.194781,-3.4025e-07,1.89815e-07,0.194781,-4.01834e-09,2.02983e-07,-3.88414e-07,2.02983e-07,-3.75272e-07,0.423052,-3.6037e-07,-3.52081e-07,-3.6037e-07,0.138634,0.194781,-2.08791e-07,0.194781,-3.36052e-08,0.194781,-3.4025e-07,1.89815e-07,0.194781,-3.36052e-08,0.423053
0.235283,0.261061,9.71779e-09,-1.30279e-07,9.71779e-09,0.0984203,-1.07957e-07,-1.30279e-07,-1.07957e-07,0.0984193,0.124456,2.8984e-08,0.124456,-7.88217e-08,3.87587e-07,2.8984e-08,3.87587e-07,5.17884e-07,0.124456,2.64789e-08,-1.78925e-07,-3.36902e-07,0.124456,-3.36902e-07,1.1865e-07,0.124456,-7.88217e-08,3.87587e-07,2.8984e-08,3.87587e-07,5.17884e-07,0.26106,1.19146e-07,-2.54164e-08,1.19146e-07,0.0984209,0.124456,4.26298e-07,0.124456,2.1928e-07,0.124456,-3.36902e-07,1.1865e-07,0.124456,2.1928e-07,0.26106
0.190063,0.164856,-5.61245e-07,-9.86359e-08,-5.61245e-07,0.0677216,1.0778e-07,-9.86359e-08,1.0778e-07,0.0677206,0.0785988,-1.35854e-07,0.0785988,-3.23099e-07,3.86994e-07,-1.35854e-07,3.86994e-07,5.39894e-07,0.0785991,2.41368e-07,4.71822e-07,1.34152e-07,0.0785991,1.34152e-07,6.7459e-08,0.0785988,-3.23099e-07,3.86994e-07,-1.35854e-07,3.86994e-07,5.39894e-07,0.164856,2.19148e-07,3.07283e-07,2.19148e-07,0.0677211,0.0785989,2.16568e-08,0.0785989,5.25579e-07,0.0785991,1.34152e-07,6.7459e-08,0.0785989,5.25579e-07,0.164856
0.144844,0.0840736,-3.45034e-07,-1.24573e-08,-3.45034e-07,0.0371481,6.35826e-09,-1.24573e-08,6.35826e-09,0.0371483,0.0392434,3.00316e-07,0.0392434,-1.18125e-08,1.99368e-07,3.00316e-07,1.99368e-07,-5.05629e-07,0.0392435,2.79561e-07,-1.45224e-07,-1.68203e-07,0.0392435,-1.68203e-07,2.49536e-07,0.0392434,-1.18125e-08,1.99368e-07,3.00316e-07,1.99368e-07,-5.05629e-07,0.0840742,-4.86178e-08,-1.45439e-10,-4.86178e-08,0.037148,0.0392436,-8.6106e-08,0.0392436,-5.6144e-08,0.0392435,-1.68203e-07,2.49536e-07,0.0392436,-5.6144e-08,0.0840741
0.449625,1.19609,-7.00147e-09,6.85766e-09,-7.00147e-09,0.340068,-3.52865e-08,6.85766e-09,-3.52865e-08,0.340067,0.512081,-1.05246e-08,0.512081,-4.16517e-09,3.79693e-08,-1.05246e-08,3.79693e-08,2.20871e-08,0.512081,9.07922e-09,-5.67343e-08,-2.63585e-08,0.512081,-2.63585e-08,1.98267e-08,0.512081,-4.16517e-09,3.79693e-08,-1.05246e-08,3.79693e-08,2.20871e-08,1.19609,1.42098e-07,-2.90131e-08,1.42098e-07,0.340068,0.512081,-4.04571e-08,0.512081,8.17546e-09,0.512081,-2.63585e-08,1.98267e-08,0.512081,8.17546e-09,1.19609
0.404406,1.06589,9.29114e-08,-4.18743e-08,9.29114e-08,0.304467,3.82353e-08,-4.18743e-08,3.82353e-08,0.304466,0.459915,-5.51833e-08,0.459915,1.05064e-07,1.06007e-07,-5.51833e-08,1.06007e-07,3.27748e-08,0.459915,-6.30361e-08,-5.94527e-08,-6.15412e-08,0.459915,-6.15412e-08,4.54377e-08,0.459915,1.05064e-07,1.06007e-07,-5.51833e-08,1.06007e-07,3.27748e-08,1.06589,1.70752e-07,4.70624e-08,1.70752e-07,0.304468,0.459915,6.9275e-09,0.459915,-1.98108e-08,0.459915,-6.15412e-08,4.54377e-08,0.459915,-1.98108e-08,1.06589
0.359187,0.916487,2.47827e-07,-2.09412e-07,2.47827e-07,0.26671,5.43274e-08,-2.09412e-07,5.43274e-08,0.26671,0.401697,-6.23895e-08,0.401697,1.1692e-07,-4.56979e-09,-6.23895e-08,-4.56979e-09,5.95346e-08,0.401697,-8.72003e-08,4.56485e-08,-3.67171e-08,0.401697,-3.67171e-08,2.26067e-10,0.401697,1.1692e-07,-4.56979e-09,-6.23895e-08,-4.56979e-09,5.95346e-08,0.916487,5.73277e-09,5.99588e-08,5.73277e-09,0.266711,0.401697,9.81361e-08,0.401697,1.14716e-07,0.401697,-3.67171e-08,2.26067e-10,0.401697,1.14716e-07,0.916487
0.313967,0.673413,2.83321e-07,2.15768e-08,2.83321e-07,0.206032,3.35163e-09,2.15768e-08,3.35163e-09,0.206033,0.305308,-2.35774e-08,0.305308,2.47683e-08,-8.3626e-08,-2.35774e-08,-8.3626e-08,-4.81853e-07,0.305308,-3.77095e-08,2.40508e-07,2.56483e-08,0.305308,2.56483e-08,1.25425e-08,0.305308,2.47683e-08,-8.3626e-08,-2.35774e-08,-8.3626e-08,-4.81853e-07,0.673413,-3.55228e-07,-1.4024e-07,-3.55228e-07,0.206032,0.305308,-6.17565e-08,0.305308,-3.66563e-07,0.305308,2.56483e-08,1.25425e-08,0.305308,-3.66563e-07,0.673413
0.268748,0.391782,4.52714e-07,2.4034e-07,4.52714e-07,0.131707,-2.07485e-07,2.4034e-07,-2.07485e-07,0.131706,0.181803,-3.37731e-07,0.181803,-2.21199e-08,3.6116e-07,-3.37731e-07,3.6116e-07,3.66148e-07,0.181804,-2.60811e-07,-1.13643e-07,-4.82358e-07,0.181804,-4.82358e-07,6.7231e-08,0.181803,-2.21199e-08,3.6116e-07,-3.37731e-07,3.6116e-07,3.66148e-07,0.391782,-3.68441e-07,-2.64359e-07,-3.68441e-07,0.131707,0.181803,-2.53527e-07,0.181803,-1.68717e-07,0.181804,-4.82358e-07,6.7231e-08,0.181803,-1.68717e-07,0.391782
0.223529,0.261061,9.71779e-09,-1.30279e-07,9.71779e-09,0.0984203,-1.07957e-07,-1.30279e-07,-1.07957e-07,0.0984193,0.124456,2.8984e-08,0.124456,-7.88217e-08,3.87587e-07,2.8984e-08,3.87587e-07,5.17884e-07,0.124456,2.64789e-08,-1.78925e-07,-3.36902e-07,0.124456,-3.36902e-07,1.1865e-07,0.124456,-7.88217e-08,3.87587e-07,2.8984e-08,3.87587e-07,5.17884e-07,0.26106,1.19146e-07,-2.54164e-08,1.19146e-07,0.0984209,0.124456,4.26298e-07,0.124456,2.1928e-07,0.124456,-3.36902e-07,1.1865e-07,0.124456,2.1928e-07,0.26106
0.17831,0.126402,-3.07036e-07,1.10879e-07,-3.07036e-07,0.054975,-5.19483e-08,1.10879e-07,-5.19483e-08,0.0549745,0.0616083,6.53022e-09,0.0616083,-1.70379e-07,3.10684e-07,6.53022e-09,3.10684e-07,1.40747e-07,0.0616087,1.28751e-08,-2.04413e-07,-6.70757e-08,0.0616087,-6.70757e-08,1.44832e-07,0.0616083,-1.70379e-07,3.10684e-07,6.53022e-09,3.10684e-07,1.40747e-07,0.126403,2.74514e-07,6.5894e-08,2.74514e-07,0.0549749,0.0616086,-3.59104e-08,0.0616086,5.66523e-07,0.0616087,-6.70757e-08,1.44832e-07,0.0616086,5.66523e-07,0.126403
